{
  "average_frame_build_time_millis": 4.140672489082971,
  "90th_percentile_frame_build_time_millis": 9.104,
  "99th_percentile_frame_build_time_millis": 31.382,
  "worst_frame_build_time_millis": 37.352,
  "missed_frame_build_budget_count": 5,
  "average_frame_rasterizer_time_millis": 8.627440528634365,
  "stddev_frame_rasterizer_time_millis": 3.8562583011508087,
  "90th_percentile_frame_rasterizer_time_millis": 16.387,
  "99th_percentile_frame_rasterizer_time_millis": 27.654,
  "worst_frame_rasterizer_time_millis": 70.966,
  "missed_frame_rasterizer_budget_count": 30,
  "frame_count": 229,
  "frame_rasterizer_count": 227,
  "new_gen_gc_count": 6,
  "old_gen_gc_count": 2,
  "frame_build_times": [
    6752,
    1256,
    1185,
    1270,
    1276,
    1379,
    1343,
    1312,
    1365,
    1305,
    1444,
    1375,
    1429,
    1401,
    1261,
    1307,
    1414,
    1369,
    1477,
    1508,
    1302,
    1194,
    1404,
    1384,
    1396,
    1365,
    1267,
    1320,
    1325,
    1296,
    1520,
    1376,
    5070,
    5982,
    5821,
    3785,
    4737,
    9310,
    2607,
    1667,
    1650,
    1306,
    16283,
    3881,
    1651,
    1430,
    2711,
    1467,
    10667,
    6767,
    6983,
    6730,
    8395,
    8318,
    9457,
    6233,
    6117,
    7670,
    7133,
    10526,
    9476,
    7573,
    11753,
    4032,
    3230,
    7668,
    8727,
    9537,
    11104,
    10703,
    7627,
    9104,
    9260,
    7776,
    8764,
    11235,
    6680,
    6751,
    1171,
    1625,
    1211,
    1349,
    1602,
    37352,
    14006,
    6837,
    3306,
    1777,
    1331,
    1580,
    1594,
    1720,
    1647,
    1510,
    1539,
    1431,
    1525,
    1607,
    1496,
    1454,
    1503,
    1616,
    1523,
    1523,
    12456,
    440,
    546,
    4526,
    1131,
    499,
    469,
    463,
    488,
    467,
    451,
    471,
    1667,
    2522,
    2055,
    1237,
    1606,
    1640,
    1270,
    22657,
    1760,
    5258,
    7806,
    7062,
    6946,
    7451,
    4608,
    4217,
    10808,
    6024,
    4635,
    6112,
    6107,
    4035,
    14602,
    1883,
    1886,
    1515,
    2262,
    2565,
    1469,
    1236,
    1343,
    2479,
    1328,
    1288,
    1704,
    1462,
    3342,
    31382,
    4045,
    4418,
    2613,
    2975,
    4009,
    5359,
    5570,
    7017,
    5234,
    4393,
    5037,
    5879,
    4694,
    15213,
    2124,
    1392,
    1536,
    1357,
    1496,
    4994,
    1178,
    1385,
    1273,
    2271,
    1401,
    3842,
    1220,
    1746,
    13751,
    1784,
    1695,
    6614,
    7422,
    4831,
    5622,
    5494,
    5347,
    6302,
    4424,
    7715,
    7057,
    11243,
    4323,
    3180,
    36653,
    3839,
    4168,
    1475,
    2571,
    1206,
    1307,
    960,
    1612,
    1596,
    1599,
    1653,
    1746,
    1737,
    6033,
    1465,
    426,
    500,
    489,
    534,
    533,
    456,
    501,
    493,
    505,
    566,
    542,
    489,
    516,
    518,
    649
  ],
  "frame_rasterizer_times": [
    8914,
    9223,
    8406,
    8847,
    9121,
    9353,
    8957,
    8722,
    9023,
    8857,
    8747,
    8993,
    9440,
    10023,
    9375,
    9036,
    9207,
    8918,
    8865,
    8988,
    9458,
    8851,
    8868,
    8415,
    9038,
    9264,
    9341,
    9334,
    8908,
    8705,
    8827,
    5120,
    5234,
    5018,
    6435,
    5731,
    5024,
    8608,
    8814,
    7773,
    8251,
    7788,
    7469,
    4076,
    5035,
    5135,
    4896,
    4090,
    4897,
    5004,
    4936,
    4878,
    4998,
    4959,
    4198,
    5060,
    5093,
    4802,
    4788,
    4059,
    4064,
    4798,
    7360,
    4822,
    6967,
    4164,
    4948,
    4918,
    5002,
    4078,
    4229,
    4860,
    4089,
    4944,
    5004,
    5452,
    4965,
    3967,
    4842,
    4852,
    5531,
    5350,
    8311,
    70966,
    27654,
    27292,
    16012,
    16837,
    16716,
    17040,
    14728,
    13281,
    12774,
    15812,
    16661,
    16586,
    16612,
    16956,
    16337,
    16835,
    16662,
    16151,
    16378,
    17561,
    16261,
    16387,
    16892,
    16428,
    18568,
    14736,
    16328,
    16661,
    16776,
    20909,
    12254,
    18538,
    15613,
    16943,
    15105,
    19582,
    15743,
    15871,
    8429,
    5346,
    5569,
    5759,
    5261,
    5471,
    4795,
    5593,
    5498,
    7120,
    7753,
    4592,
    5318,
    5674,
    5514,
    6904,
    7313,
    4768,
    5762,
    5783,
    5563,
    5597,
    5970,
    6029,
    4720,
    5216,
    5952,
    5416,
    5410,
    5525,
    6477,
    6382,
    5583,
    6803,
    5964,
    8058,
    5145,
    5622,
    5751,
    5484,
    5470,
    5521,
    4879,
    6638,
    6493,
    6411,
    5737,
    5771,
    6133,
    5804,
    4933,
    4762,
    5725,
    5275,
    5703,
    5976,
    5700,
    5240,
    6012,
    6049,
    9620,
    5946,
    5599,
    5569,
    5563,
    5629,
    6432,
    5608,
    5746,
    5591,
    5692,
    5565,
    4879,
    6130,
    5608,
    7425,
    6880,
    5767,
    6549,
    28978,
    11491,
    11594,
    12903,
    11861,
    10206,
    9803,
    11405,
    11066,
    11355,
    8763,
    5835,
    5460,
    5239,
    5010,
    5342,
    5181,
    5091,
    5235,
    5125,
    5267,
    5190,
    5158,
    5244,
    5279,
    5273
  ],