{
  "average_frame_build_time_millis": 3.0060393013100453,
  "90th_percentile_frame_build_time_millis": 7.884,
  "99th_percentile_frame_build_time_millis": 16.23,
  "worst_frame_build_time_millis": 26.13,
  "missed_frame_build_budget_count": 3,
  "average_frame_rasterizer_time_millis": 7.686810572687217,
  "stddev_frame_rasterizer_time_millis": 3.1766571445205596,
  "90th_percentile_frame_rasterizer_time_millis": 11.408,
  "99th_percentile_frame_rasterizer_time_millis": 27.175,
  "worst_frame_rasterizer_time_millis": 64.663,
  "missed_frame_rasterizer_budget_count": 8,
  "frame_count": 229,
  "frame_rasterizer_count": 227,
  "new_gen_gc_count": 10,
  "old_gen_gc_count": 2,
  "frame_build_times": [
    457,
    6871,
    1343,
    1264,
    1358,
    1254,
    1177,
    1115,
    1179,
    1345,
    1313,
    1229,
    1536,
    1229,
    1336,
    1376,
    1385,
    1284,
    1204,
    1396,
    1397,
    1274,
    1395,
    1244,
    1255,
    1316,
    1330,
    1273,
    1233,
    1334,
    1341,
    1445,
    1422,
    1226,
    7216,
    3731,
    3974,
    5917,
    8107,
    1271,
    2297,
    2231,
    1242,
    11831,
    2982,
    7863,
    11734,
    7822,
    7229,
    8324,
    6100,
    7966,
    6942,
    9939,
    7648,
    7266,
    7471,
    5598,
    10514,
    18669,
    16230,
    5440,
    10107,
    10580,
    6768,
    7196,
    6009,
    8652,
    10244,
    9108,
    9374,
    9649,
    7884,
    2238,
    1823,
    2752,
    26130,
    13085,
    6742,
    3096,
    1679,
    1598,
    1493,
    1562,
    1596,
    1600,
    1574,
    1676,
    1573,
    1569,
    1649,
    1660,
    1645,
    1465,
    1765,
    1410,
    1489,
    1440,
    12810,
    437,
    4628,
    1174,
    451,
    570,
    457,
    449,
    678,
    532,
    482,
    463,
    476,
    508,
    701,
    539,
    567,
    538,
    12156,
    1829,
    1452,
    1688,
    1381,
    1560,
    1583,
    1892,
    1710,
    1671,
    1592,
    1528,
    1578,
    1472,
    1470,
    1584,
    6937,
    2204,
    2180,
    578,
    498,
    533,
    482,
    550,
    560,
    562,
    546,
    398,
    460,
    532,
    620,
    507,
    10874,
    1891,
    1454,
    1544,
    1650,
    1562,
    1551,
    1488,
    1479,
    1494,
    1568,
    5344,
    4266,
    5271,
    4347,
    3772,
    6171,
    1295,
    739,
    1033,
    736,
    508,
    351,
    395,
    326,
    466,
    513,
    539,
    515,
    474,
    529,
    508,
    11346,
    1694,
    1452,
    1404,
    1560,
    1649,
    1505,
    1571,
    1544,
    1505,
    1648,
    1704,
    1397,
    1432,
    1522,
    1530,
    11544,
    3596,
    3277,
    1567,
    1544,
    5299,
    4082,
    4165,
    4983,
    6410,
    4782,
    1558,
    1684,
    1581,
    1449,
    1503,
    6238,
    1644,
    1477,
    541,
    533,
    479,
    575,
    577,
    501,
    474,
    555,
    493,
    509,
    498,
    581,
    664,
    581
  ],
  "frame_rasterizer_times": [
    12898,
    6845,
    4668,
    4669,
    4629,
    4513,
    4632,
    4753,
    4775,
    4882,
    4626,
    4716,
    4891,
    4851,
    4789,
    4710,
    4726,
    4872,
    4935,
    4840,
    4870,
    4860,
    4817,
    4824,
    4825,
    4695,
    4994,
    4757,
    4975,
    5183,
    5052,
    4810,
    4692,
    7502,
    7112,
    5140,
    5062,
    4808,
    5982,
    4806,
    4119,
    4838,
    7162,
    4284,
    4903,
    4250,
    4267,
    4941,
    4314,
    4935,
    5239,
    4965,
    4979,
    5896,
    4505,
    4925,
    4897,
    4876,
    4074,
    4917,
    7959,
    4971,
    4947,
    4175,
    5038,
    4962,
    4987,
    5124,
    5025,
    4308,
    5587,
    5088,
    4027,
    4970,
    4935,
    7362,
    64663,
    27438,
    27175,
    17942,
    15103,
    17220,
    16687,
    14259,
    13298,
    13961,
    12826,
    9673,
    6716,
    6627,
    6636,
    5478,
    5276,
    5299,
    5356,
    8107,
    5655,
    5684,
    5606,
    5510,
    5337,
    5418,
    8498,
    5077,
    5054,
    5620,
    5683,
    5212,
    5371,
    5171,
    5100,
    5124,
    5304,
    5277,
    5790,
    5609,
    6770,
    6610,
    5668,
    5308,
    5438,
    5435,
    6387,
    5672,
    5568,
    5272,
    5258,
    5787,
    5467,
    5309,
    5642,
    5638,
    5660,
    6456,
    5449,
    5498,
    5571,
    4978,
    5122,
    5250,
    5174,
    5090,
    5025,
    5218,
    5163,
    5268,
    5455,
    5575,
    7132,
    5504,
    5505,
    5476,
    5745,
    5336,
    5354,
    5353,
    5319,
    5618,
    5810,
    5837,
    6038,
    5860,
    5855,
    10831,
    16812,
    14828,
    14331,
    14116,
    12963,
    10288,
    7837,
    9493,
    10412,
    11298,
    11235,
    9914,
    10694,
    10647,
    11646,
    5540,
    10318,
    10426,
    10835,
    10604,
    10016,
    10834,
    10278,
    9946,
    10556,
    10438,
    10550,
    10475,
    12550,
    10640,
    11445,
    5639,
    9774,
    9975,
    10593,
    10386,
    9017,
    8240,
    8533,
    10244,
    8499,
    5499,
    10749,
    11042,
    11603,
    11046,
    11408,
    9615,
    10652,
    10566,
    11007,
    10373,
    10274,
    10155,
    10197,
    10243,
    10518,
    10314,
    10196,
    18131,
    12330,
    10991,
    10801
  ],