{
  "average_frame_build_time_millis": 3.06148847926267,
  "90th_percentile_frame_build_time_millis": 6.408,
  "99th_percentile_frame_build_time_millis": 17.087,
  "worst_frame_build_time_millis": 25.9,
  "missed_frame_build_budget_count": 3,
  "average_frame_rasterizer_time_millis": 7.704986046511631,
  "stddev_frame_rasterizer_time_millis": 2.4167362249864803,
  "90th_percentile_frame_rasterizer_time_millis": 9.783,
  "99th_percentile_frame_rasterizer_time_millis": 26.871,
  "worst_frame_rasterizer_time_millis": 70.315,
  "missed_frame_rasterizer_budget_count": 7,
  "frame_count": 217,
  "frame_rasterizer_count": 215,
  "new_gen_gc_count": 8,
  "old_gen_gc_count": 2,
  "frame_build_times": [
    4881,
    4641,
    8818,
    498,
    6521,
    821,
    466,
    552,
    441,
    458,
    478,
    6910,
    1434,
    1326,
    1318,
    1256,
    1221,
    1266,
    1296,
    1315,
    1475,
    1339,
    1310,
    1491,
    1282,
    1290,
    1520,
    1353,
    1443,
    1309,
    1312,
    1278,
    1515,
    1420,
    1382,
    1291,
    1379,
    1471,
    1330,
    1298,
    1291,
    1325,
    1403,
    3526,
    4375,
    6035,
    6607,
    4694,
    8613,
    1363,
    994,
    1571,
    1606,
    17087,
    2369,
    2508,
    1790,
    1865,
    1661,
    25900,
    13269,
    7609,
    4843,
    3527,
    3348,
    3367,
    3254,
    3733,
    3605,
    3451,
    3063,
    5873,
    3811,
    3295,
    3186,
    3122,
    3016,
    2925,
    3201,
    3166,
    3057,
    13635,
    3243,
    3759,
    3234,
    3420,
    3578,
    451,
    477,
    474,
    9744,
    2849,
    1065,
    527,
    467,
    491,
    532,
    587,
    548,
    604,
    499,
    531,
    584,
    515,
    401,
    11884,
    2096,
    1573,
    1622,
    1569,
    1551,
    1512,
    1638,
    1621,
    1575,
    1496,
    1710,
    1477,
    1514,
    1660,
    1643,
    7026,
    2242,
    9472,
    2014,
    2811,
    1612,
    1098,
    1086,
    2539,
    1831,
    1904,
    1355,
    1229,
    2986,
    1833,
    3994,
    13854,
    3775,
    5567,
    6740,
    4548,
    6408,
    5224,
    3896,
    4675,
    5020,
    4236,
    3911,
    3621,
    4798,
    5267,
    4960,
    7402,
    2261,
    1663,
    2875,
    2476,
    2815,
    1616,
    2777,
    1230,
    2311,
    2765,
    2979,
    1471,
    1629,
    1366,
    1875,
    22376,
    5554,
    6128,
    4372,
    3611,
    4431,
    4304,
    5322,
    6476,
    6154,
    6634,
    3197,
    3301,
    4667,
    7042,
    11665,
    1886,
    1656,
    1872,
    2007,
    1842,
    1569,
    1133,
    1531,
    1725,
    1875,
    1770,
    1679,
    1556,
    1603,
    1663,
    6228,
    1478,
    1456,
    496,
    519,
    544,
    460,
    559,
    527,
    459,
    564,
    577,
    521,
    594,
    568,
    484,
    600
  ],
  "frame_rasterizer_times": [
    9170,
    6596,
    9943,
    7751,
    9856,
    9052,
    9079,
    9190,
    9250,
    9695,
    13180,
    8159,
    8763,
    8414,
    8215,
    8428,
    9074,
    8385,
    8788,
    8888,
    9177,
    9551,
    9443,
    8387,
    7786,
    7867,
    7435,
    7544,
    7078,
    8863,
    9868,
    9405,
    9622,
    8941,
    9083,
    8881,
    9088,
    9278,
    9165,
    9060,
    9265,
    8847,
    6173,
    5695,
    5199,
    5047,
    5682,
    4900,
    7620,
    7190,
    7722,
    8569,
    7204,
    6955,
    5284,
    4872,
    4406,
    4905,
    7082,
    70315,
    27354,
    26871,
    16392,
    16666,
    16856,
    16371,
    14677,
    12889,
    12023,
    11917,
    6963,
    8418,
    8249,
    8576,
    8739,
    8498,
    8908,
    8305,
    7968,
    11890,
    7503,
    9147,
    9271,
    9783,
    12805,
    8761,
    9512,
    9481,
    9617,
    12207,
    5588,
    5598,
    5277,
    5165,
    5190,
    5210,
    11600,
    5424,
    5284,
    5224,
    5423,
    5494,
    5185,
    5717,
    7726,
    6794,
    5492,
    5190,
    5264,
    5284,
    5321,
    5414,
    5415,
    5325,
    5341,
    5355,
    5787,
    5427,
    5266,
    5504,
    5632,
    6009,
    5085,
    6751,
    5895,
    6033,
    5630,
    5651,
    5601,
    5155,
    5910,
    6369,
    5688,
    5543,
    5673,
    5699,
    6704,
    11398,
    10207,
    8365,
    7864,
    7262,
    8363,
    7322,
    8060,
    9000,
    8067,
    8208,
    4073,
    4977,
    5764,
    7460,
    6772,
    5295,
    5676,
    5426,
    6819,
    5720,
    5590,
    5777,
    5846,
    5448,
    5757,
    5990,
    5039,
    5739,
    5891,
    5020,
    7193,
    5830,
    5667,
    5651,
    4870,
    5739,
    5887,
    5651,
    5281,
    5779,
    5717,
    4891,
    5727,
    5672,
    5715,
    6701,
    9663,
    6973,
    9473,
    6657,
    6235,
    6011,
    4440,
    5448,
    5515,
    5515,
    5358,
    5430,
    5439,
    5445,
    6062,
    6505,
    5614,
    5569,
    5480,
    5428,
    5420,
    5205,
    5529,
    5278,
    5269,
    5369,
    5479,
    5220,
    5406,
    5305,
    5407
  ],
  "frame_begin_times": [
    0,
    16440,
    33091,
    49734,
    66547,
    83257,
    100133,
    116605,
    133364,
    150025,
    166829,
    183531,
    201812,
    217369,
    233703,
    250605,
    267304,
    283771,
    300786,
    317749,
    334219,
    350876,
    367736,
    384095,
    400638,
    417718,
    434486,
    451008,
    467776,
    484427,
    501099,
    517580,
    534697,
    551371,
    568155,
    584578,
    601529,
    618164,
    634649,
    651771,
    668333,
    684996,
    701914,
    719194,
    735764,
    752342,
    769185,
    785707,
    802836,
    819215,
    835907,
    852859,
    869085,
    903209,
    936488,
    953400,
    969676,
    986353,
    1003752,
    1036020,
    1068911,
    1085860,
    1153162,
    1185961,
    1202713,
    1219681,
    1236325,
    1252892,
    1269600,
    1286593,
    1303178,
    1319956,
    1336279,
    1353252,
    1369732,
    1386341,
    1403107,
    1419832,
    1436540,
    1453409,
    1469919,
    1486940,
    1503342,
    1520093,
    1536692,
    1553451,
    1570216,
    1586952,
    1603686,
    1620485,
    1653953,
    1671180,
    1688970,
    1703950,
    1720453,
    1737180,
    1753891,
    1770540,
    1787807,
    1804425,
    1821015,
    1837525,
    1854442,
    1871264,
    1887721,
    1904233,
    1921051,
    1937773,
    1954876,
    1971130,
    1987820,
    2004672,
    2021461,
    2038006,
    2055033,
    2071672,
    2088533,
    2105033,
    2121701,
    2138414,
    2154855,
    2171690,
    2188278,
    2206283,
    2223159,
    2242293,
    2256612,
    2272794,
    2289353,
    2307455,
    2323316,
    2340053,
    2356383,
    2373284,
    2389754,
    2406415,
    2424396,
    2472737,
    2489382,
    2506488,
    2523475,
    2540417,
    2556448,
    2573027,
    2590261,
    2607143,
    2623901,
    2639840,
    2656586,
    2680058,
    2691832,
    2707326,
    2723812,
    2773169,
    2790442,
    2808214,
    2823794,
    2841191,
    2857532,
    2874335,
    2890899,
    2907758,
    2924500,
    2941280,
    2957820,
    2974506,
    2991491,
    3009048,
    3024666,
    3091234,
    3124582,
    3141141,
    3158037,
    3174735,
    3192526,
    3208159,
    3225386,
    3241757,
    3258577,
    3276048,
    3291324,
    3308853,
    3325476,
    3341960,
    3391519,
    3408311,
    3424766,
    3441354,
    3458149,
    3474734,
    3491465,
    3508177,
    3525133,
    3541736,
    3558651,
    3575015,
    3591875,
    3608879,
    3625490,
    3641927,
    3658536,
    3675211,
    3692078,
    3709026,
    3725677,
    3743182,
    3759184,
    3775995,
    3792462,
    3809063,
    3825927,
    3842546,
    3859870,
    3875968,
    3892736,
    3909199,
    4027983
  ],