{
  "average_frame_build_time_millis": 3.556646551724136,
  "90th_percentile_frame_build_time_millis": 7.143,
  "99th_percentile_frame_build_time_millis": 20.18,
  "worst_frame_build_time_millis": 62.74,
  "missed_frame_build_budget_count": 4,
  "average_frame_rasterizer_time_millis": 6.8192554112554085,
  "stddev_frame_rasterizer_time_millis": 2.412504713180036,
  "90th_percentile_frame_rasterizer_time_millis": 8.036,
  "99th_percentile_frame_rasterizer_time_millis": 29.697,
  "worst_frame_rasterizer_time_millis": 94.025,
  "missed_frame_rasterizer_budget_count": 7,
  "frame_count": 232,
  "frame_rasterizer_count": 231,
  "new_gen_gc_count": 8,
  "old_gen_gc_count": 2,
  "frame_build_times": [
    499,
    446,
    465,
    513,
    416,
    6694,
    1219,
    3487,
    4330,
    4975,
    6514,
    5011,
    3767,
    6291,
    6168,
    3786,
    4772,
    5406,
    3162,
    5224,
    6659,
    5059,
    4334,
    3867,
    7281,
    4424,
    4725,
    4328,
    4715,
    8752,
    5056,
    2644,
    5061,
    5894,
    4596,
    8250,
    5858,
    3864,
    7629,
    4048,
    4162,
    5717,
    8169,
    2449,
    1369,
    2328,
    1911,
    9565,
    1875,
    741,
    565,
    453,
    395,
    435,
    3192,
    3012,
    2965,
    3132,
    2989,
    2948,
    3043,
    3040,
    3018,
    3047,
    3133,
    2957,
    2993,
    2900,
    5814,
    3758,
    3152,
    3019,
    2927,
    2783,
    2991,
    3155,
    3111,
    3022,
    2984,
    6145,
    5800,
    7305,
    7864,
    8012,
    855,
    2533,
    2374,
    2174,
    1484,
    62740,
    23486,
    6086,
    1732,
    1562,
    1617,
    1677,
    1696,
    1567,
    1523,
    1867,
    1560,
    1504,
    1563,
    11697,
    395,
    471,
    4552,
    1278,
    540,
    518,
    461,
    453,
    465,
    500,
    537,
    493,
    504,
    449,
    466,
    603,
    518,
    474,
    11556,
    1767,
    1577,
    1525,
    1568,
    1665,
    1503,
    1467,
    1599,
    1495,
    1632,
    1588,
    1665,
    1484,
    1460,
    1566,
    7143,
    2246,
    2286,
    1376,
    3044,
    1656,
    2325,
    1028,
    1073,
    1214,
    1337,
    1447,
    3487,
    4678,
    1862,
    1493,
    10896,
    1954,
    1673,
    4571,
    6838,
    5364,
    7051,
    4900,
    4907,
    7656,
    4933,
    5619,
    4030,
    7238,
    6545,
    2502,
    16050,
    1069,
    447,
    414,
    1159,
    1591,
    1769,
    1121,
    1496,
    2442,
    3316,
    1524,
    1676,
    2594,
    1186,
    20180,
    1967,
    3894,
    8370,
    6769,
    7231,
    5341,
    4692,
    8843,
    4593,
    4848,
    6002,
    7425,
    3976,
    4646,
    11426,
    1870,
    1408,
    1346,
    1134,
    1453,
    1412,
    1616,
    1545,
    1504,
    1648,
    1641,
    1656,
    1501,
    1561,
    6060,
    1448,
    1593,
    436,
    535,
    520,
    483,
    506,
    499,
    551,
    511,
    497,
    458,
    490,
    512,
    520,
    1174
  ],
  "frame_rasterizer_times": [
    8752,
    9174,
    9497,
    9599,
    5581,
    8506,
    6277,
    5405,
    5509,
    4322,
    4757,
    5140,
    9203,
    7187,
    6179,
    14027,
    7841,
    6924,
    5096,
    5010,
    5700,
    5092,
    6459,
    5250,
    5435,
    5109,
    6191,
    5834,
    5063,
    4866,
    5417,
    4955,
    5158,
    6473,
    4755,
    4930,
    4147,
    5750,
    6328,
    6385,
    5449,
    4709,
    8619,
    8289,
    7886,
    8036,
    7091,
    6348,
    5024,
    4453,
    4619,
    4926,
    4538,
    4820,
    5167,
    4668,
    4744,
    4828,
    4894,
    4716,
    5292,
    4693,
    4691,
    4720,
    4612,
    4646,
    5081,
    4595,
    4692,
    4638,
    4668,
    4600,
    5149,
    4764,
    4756,
    5744,
    5381,
    4868,
    4445,
    5015,
    5046,
    4940,
    4927,
    4966,
    4819,
    4539,
    4891,
    4938,
    6703,
    94025,
    49811,
    29697,
    29566,
    22319,
    20486,
    17794,
    14769,
    7859,
    5560,
    5446,
    6319,
    5584,
    5697,
    5581,
    5409,
    12553,
    5558,
    7325,
    5164,
    5284,
    5005,
    5152,
    5272,
    6967,
    5252,
    5173,
    5278,
    9223,
    5372,
    5648,
    7234,
    8489,
    8065,
    5480,
    5462,
    5310,
    5769,
    5519,
    5290,
    5282,
    5267,
    5334,
    5380,
    5357,
    5248,
    5192,
    5494,
    5790,
    5935,
    5454,
    5980,
    5472,
    5443,
    5465,
    5028,
    5633,
    5795,
    5796,
    5832,
    5827,
    5072,
    4988,
    5623,
    6582,
    9338,
    5879,
    5713,
    5780,
    5646,
    5722,
    7663,
    4762,
    4922,
    5761,
    5694,
    5618,
    5609,
    5893,
    5621,
    7843,
    7389,
    5655,
    5216,
    5067,
    5775,
    4987,
    5339,
    5847,
    5919,
    5634,
    5866,
    4994,
    5807,
    5781,
    6544,
    5790,
    5826,
    5705,
    5691,
    5666,
    5600,
    5586,
    5261,
    4824,
    5668,
    5689,
    5655,
    5616,
    5671,
    6998,
    14076,
    6483,
    7656,
    6409,
    5365,
    5396,
    5489,
    5495,
    5639,
    5497,
    5443,
    5563,
    5623,
    5663,
    6339,
    5590,
    5480,
    5336,
    5409,
    5466,
    5353,
    5261,
    5233,
    5364,
    5340,
    5248,
    5243,
    5187,
    5214,
    5299,
    5598
  ],