{
  "average_frame_build_time_millis": 2.7646681415929195,
  "90th_percentile_frame_build_time_millis": 6.004,
  "99th_percentile_frame_build_time_millis": 19.284,
  "worst_frame_build_time_millis": 32.797,
  "missed_frame_build_budget_count": 3,
  "average_frame_rasterizer_time_millis": 8.780451754385972,
  "stddev_frame_rasterizer_time_millis": 4.697908240997233,
  "90th_percentile_frame_rasterizer_time_millis": 16.786,
  "99th_percentile_frame_rasterizer_time_millis": 30.151,
  "worst_frame_rasterizer_time_millis": 63.728,
  "missed_frame_rasterizer_budget_count": 49,
  "frame_count": 226,
  "frame_rasterizer_count": 228,
  "new_gen_gc_count": 8,
  "old_gen_gc_count": 2,
  "frame_build_times": [
    455,
    431,
    466,
    7119,
    1115,
    1189,
    1177,
    1240,
    1323,
    1150,
    1138,
    1170,
    1227,
    1237,
    1222,
    1173,
    1179,
    1228,
    1273,
    1465,
    1172,
    1198,
    1252,
    1231,
    1421,
    1374,
    1176,
    1199,
    1276,
    1295,
    1242,
    1195,
    1267,
    1255,
    1184,
    5612,
    4731,
    4484,
    4855,
    4224,
    9629,
    1772,
    1244,
    2631,
    1371,
    12267,
    2137,
    7349,
    9183,
    9571,
    9484,
    7512,
    6004,
    5435,
    5283,
    3236,
    3181,
    3107,
    3050,
    4902,
    2798,
    5706,
    3751,
    2929,
    3162,
    3469,
    3148,
    3209,
    3542,
    3507,
    3005,
    2999,
    3116,
    3101,
    3141,
    3067,
    3174,
    482,
    481,
    519,
    21290,
    13199,
    6701,
    3094,
    1400,
    1748,
    1648,
    1621,
    1689,
    1668,
    1660,
    1540,
    1671,
    1515,
    1538,
    1464,
    1581,
    1645,
    1471,
    1482,
    1446,
    12628,
    412,
    5395,
    924,
    442,
    458,
    473,
    478,
    464,
    543,
    561,
    539,
    499,
    589,
    491,
    427,
    540,
    431,
    11799,
    1838,
    1381,
    1465,
    1457,
    1593,
    1641,
    1526,
    1519,
    1534,
    3473,
    2025,
    1493,
    1466,
    1503,
    1757,
    7294,
    2242,
    5625,
    926,
    1334,
    2421,
    3177,
    1344,
    1921,
    1180,
    2926,
    2224,
    3439,
    1835,
    1328,
    1982,
    19284,
    2047,
    1683,
    1483,
    1291,
    1455,
    1485,
    1474,
    1735,
    1607,
    1517,
    1473,
    1379,
    7653,
    2727,
    3017,
    479,
    514,
    531,
    491,
    600,
    489,
    527,
    527,
    499,
    504,
    563,
    519,
    445,
    11378,
    1756,
    1665,
    1514,
    1348,
    5214,
    8388,
    7566,
    2829,
    4018,
    6664,
    5073,
    5292,
    6800,
    5920,
    5902,
    32797,
    5068,
    1627,
    1601,
    1648,
    1449,
    1501,
    1537,
    1620,
    1469,
    1564,
    1584,
    1600,
    1785,
    5777,
    1602,
    505,
    479,
    483,
    429,
    568,
    630,
    540,
    579,
    546,
    448,
    527,
    502,
    535,
    1183
  ],
  "frame_rasterizer_times": [
    17145,
    16122,
    16781,
    16974,
    17213,
    15892,
    16967,
    16467,
    16285,
    16786,
    16674,
    16529,
    16597,
    17421,
    15658,
    17159,
    16415,
    16583,
    16867,
    16376,
    16430,
    16725,
    16597,
    16918,
    16514,
    16754,
    16193,
    17016,
    16644,
    16813,
    16130,
    16780,
    16495,
    17001,
    16232,
    16893,
    18006,
    15685,
    17424,
    16518,
    15008,
    16749,
    13399,
    16429,
    19092,
    15141,
    16682,
    4940,
    8147,
    4912,
    4942,
    4917,
    4971,
    4964,
    6959,
    9455,
    8862,
    6155,
    5096,
    5021,
    4992,
    4602,
    4692,
    4880,
    4719,
    4575,
    5023,
    4932,
    4768,
    4815,
    4891,
    4978,
    4856,
    4834,
    5027,
    4820,
    4829,
    4792,
    4983,
    4487,
    4519,
    5166,
    7145,
    63728,
    31119,
    30151,
    18858,
    19112,
    20266,
    19702,
    17449,
    14016,
    13113,
    12993,
    11287,
    7510,
    6727,
    5466,
    8010,
    5446,
    5273,
    5332,
    5711,
    6872,
    5866,
    9965,
    4510,
    4890,
    9475,
    6672,
    5122,
    7247,
    5156,
    5261,
    5166,
    5219,
    7546,
    5047,
    5357,
    5215,
    5631,
    8337,
    5780,
    5294,
    5352,
    5373,
    5486,
    5255,
    5352,
    5370,
    5258,
    5474,
    5389,
    5236,
    5245,
    5289,
    5540,
    5555,
    5666,
    5795,
    4986,
    5715,
    5353,
    5914,
    5644,
    4706,
    4981,
    5680,
    5511,
    6443,
    5739,
    5624,
    4700,
    7195,
    8200,
    7949,
    4685,
    4787,
    5547,
    5469,
    5324,
    5403,
    5337,
    5316,
    5306,
    5542,
    6476,
    5267,
    5812,
    5334,
    5307,
    5479,
    5594,
    5518,
    5208,
    5269,
    5283,
    5288,
    5293,
    5724,
    5324,
    5524,
    6445,
    8393,
    6718,
    5425,
    5482,
    4985,
    5067,
    5794,
    4897,
    5747,
    4880,
    5916,
    5645,
    4930,
    5064,
    5717,
    5704,
    6479,
    5610,
    5737,
    5516,
    5270,
    5364,
    5298,
    5442,
    5400,
    5593,
    5566,
    5615,
    5865,
    6253,
    7176,
    5183,
    5185,
    5138,
    5208,
    5354,
    5372,
    5306,
    5369,
    5452,
    5268,
    5276,
    5370,
    5470,
    5866
  ],