{
  "average_frame_build_time_millis": 3.067552631578947,
  "90th_percentile_frame_build_time_millis": 6.39,
  "99th_percentile_frame_build_time_millis": 12.602,
  "worst_frame_build_time_millis": 55.45,
  "missed_frame_build_budget_count": 1,
  "average_frame_rasterizer_time_millis": 10.1661592920354,
  "stddev_frame_rasterizer_time_millis": 5.056874148327978,
  "90th_percentile_frame_rasterizer_time_millis": 17.046,
  "99th_percentile_frame_rasterizer_time_millis": 31.083,
  "worst_frame_rasterizer_time_millis": 69.507,
  "missed_frame_rasterizer_budget_count": 63,
  "frame_count": 228,
  "frame_rasterizer_count": 226,
  "new_gen_gc_count": 8,
  "old_gen_gc_count": 2,
  "frame_build_times": [
    1358,
    1369,
    1326,
    1476,
    1466,
    1264,
    1341,
    1483,
    1442,
    1285,
    1409,
    1439,
    1240,
    1437,
    1441,
    1382,
    1411,
    1410,
    1395,
    1404,
    1263,
    4552,
    4206,
    5236,
    3837,
    3644,
    4065,
    7657,
    2240,
    1538,
    1358,
    1567,
    9508,
    1620,
    765,
    519,
    530,
    497,
    2987,
    2915,
    3141,
    2990,
    3013,
    2878,
    2969,
    3050,
    2874,
    2889,
    2878,
    2962,
    3063,
    2893,
    5780,
    3652,
    3025,
    3000,
    3010,
    3087,
    3065,
    3102,
    2979,
    3037,
    2984,
    3036,
    3026,
    10552,
    6050,
    5696,
    1094,
    2157,
    1186,
    1344,
    1546,
    1476,
    55450,
    13253,
    6891,
    3550,
    1727,
    1583,
    1621,
    1630,
    1597,
    1846,
    1727,
    1541,
    1643,
    1459,
    1439,
    1390,
    1571,
    1456,
    1484,
    12602,
    527,
    447,
    605,
    585,
    495,
    514,
    433,
    4839,
    1040,
    505,
    453,
    457,
    427,
    488,
    444,
    487,
    519,
    576,
    470,
    483,
    501,
    477,
    441,
    12194,
    1531,
    1449,
    1402,
    1545,
    1714,
    1295,
    3584,
    1605,
    1548,
    1702,
    1457,
    1415,
    1372,
    1580,
    1623,
    7319,
    1993,
    2271,
    2124,
    1005,
    1203,
    2390,
    2050,
    4266,
    2574,
    1750,
    2263,
    2299,
    1734,
    1432,
    1709,
    11311,
    1941,
    1654,
    6142,
    7683,
    5437,
    6228,
    8505,
    7197,
    7894,
    5081,
    2949,
    3762,
    6480,
    1730,
    1663,
    7760,
    9454,
    1430,
    1819,
    4444,
    2353,
    3304,
    1960,
    2287,
    1444,
    2907,
    2358,
    1306,
    6197,
    1525,
    9744,
    1800,
    4259,
    5457,
    9084,
    8906,
    5516,
    3607,
    4927,
    5060,
    4770,
    5652,
    6247,
    7577,
    6699,
    5046,
    11617,
    4937,
    1391,
    5835,
    5414,
    2178,
    4105,
    1153,
    1266,
    1224,
    1593,
    1464,
    1434,
    1470,
    1768,
    1729,
    6390,
    1471,
    499,
    563,
    620,
    580,
    516,
    485,
    489,
    621,
    554,
    555,
    400,
    634,
    465,
    589
  ],
  "frame_rasterizer_times": [
    9097,
    8868,
    9211,
    9282,
    9853,
    9026,
    9241,
    8859,
    9529,
    9636,
    9398,
    9511,
    17686,
    11062,
    8661,
    9445,
    9325,
    9321,
    9544,
    9971,
    6134,
    5550,
    5273,
    5770,
    5793,
    5406,
    4967,
    7806,
    7804,
    7617,
    7847,
    7082,
    6368,
    7256,
    4350,
    4415,
    4405,
    4743,
    4760,
    4677,
    4705,
    4735,
    4690,
    4726,
    4847,
    4690,
    4686,
    4611,
    4560,
    4614,
    4547,
    4670,
    4615,
    4630,
    4624,
    4659,
    4739,
    4672,
    4826,
    4701,
    4648,
    4744,
    4661,
    4786,
    7176,
    7845,
    4932,
    5127,
    4541,
    5594,
    4955,
    4740,
    5056,
    6999,
    69507,
    31398,
    31083,
    19793,
    19071,
    20059,
    18820,
    16146,
    13678,
    13169,
    12975,
    16834,
    16408,
    16524,
    16966,
    16426,
    16486,
    16857,
    17005,
    15898,
    16881,
    16273,
    16506,
    16730,
    20694,
    17747,
    11946,
    16425,
    16070,
    16679,
    20750,
    12814,
    16576,
    16645,
    21156,
    12757,
    16452,
    16378,
    16734,
    16286,
    17211,
    16969,
    15338,
    16098,
    17205,
    16886,
    16053,
    16645,
    17408,
    15281,
    17190,
    16514,
    16550,
    17271,
    16220,
    16466,
    16825,
    16940,
    16661,
    17152,
    17404,
    14130,
    17687,
    17815,
    15944,
    17168,
    15836,
    16770,
    16792,
    17046,
    16557,
    16072,
    16677,
    16673,
    6438,
    8577,
    5425,
    5751,
    5777,
    5877,
    5947,
    4843,
    5718,
    5700,
    5674,
    5627,
    5089,
    5637,
    5413,
    5667,
    6907,
    5733,
    5883,
    4989,
    5705,
    5722,
    5744,
    5735,
    5640,
    5304,
    5717,
    4826,
    5852,
    5746,
    6724,
    6419,
    7483,
    5727,
    5735,
    5764,
    5740,
    5691,
    6485,
    6252,
    5717,
    5742,
    5691,
    5656,
    5654,
    4865,
    5611,
    7308,
    9311,
    7708,
    5800,
    6757,
    10498,
    10092,
    4429,
    10184,
    8799,
    10315,
    11082,
    10012,
    10195,
    10474,
    10666,
    7681,
    5658,
    5291,
    5347,
    5128,
    5395,
    5658,
    5409,
    5898,
    5341,
    5179,
    5256,
    5307,
    5371,
    5428
  ],