{
  "average_frame_build_time_millis": 2.2620275229357807,
  "90th_percentile_frame_build_time_millis": 4.76,
  "99th_percentile_frame_build_time_millis": 12.99,
  "worst_frame_build_time_millis": 21.293,
  "missed_frame_build_budget_count": 1,
  "average_frame_rasterizer_time_millis": 8.52153917050692,
  "stddev_frame_rasterizer_time_millis": 2.8438334218182613,
  "90th_percentile_frame_rasterizer_time_millis": 11.369,
  "99th_percentile_frame_rasterizer_time_millis": 25.801,
  "worst_frame_rasterizer_time_millis": 70.608,
  "missed_frame_rasterizer_budget_count": 9,
  "frame_count": 218,
  "frame_rasterizer_count": 217,
  "new_gen_gc_count": 12,
  "old_gen_gc_count": 2,
  "frame_build_times": [
    4354,
    8776,
    430,
    6699,
    725,
    381,
    480,
    475,
    482,
    483,
    6811,
    1376,
    1259,
    1309,
    1230,
    1159,
    1220,
    1200,
    1353,
    1325,
    1224,
    1361,
    1318,
    1243,
    1353,
    1247,
    1387,
    1329,
    1454,
    1259,
    1354,
    1238,
    1396,
    1475,
    1308,
    1250,
    1237,
    1248,
    1418,
    1270,
    1299,
    3496,
    5327,
    6778,
    7358,
    4190,
    3198,
    5777,
    1118,
    600,
    431,
    568,
    4686,
    872,
    465,
    471,
    586,
    506,
    548,
    21293,
    12990,
    7540,
    4760,
    3345,
    3481,
    3663,
    3384,
    3331,
    3216,
    3395,
    3421,
    5677,
    3607,
    3200,
    3206,
    3176,
    3547,
    3119,
    3049,
    3123,
    3104,
    13606,
    3129,
    3185,
    3382,
    3202,
    3509,
    425,
    544,
    496,
    4587,
    1169,
    458,
    484,
    566,
    545,
    497,
    512,
    476,
    510,
    583,
    582,
    603,
    550,
    510,
    475,
    11749,
    1867,
    1577,
    1598,
    1745,
    1756,
    1772,
    1742,
    2004,
    5509,
    5077,
    3977,
    4689,
    3696,
    4547,
    6650,
    5525,
    1323,
    504,
    620,
    365,
    528,
    480,
    426,
    463,
    675,
    449,
    463,
    572,
    402,
    481,
    520,
    10905,
    1936,
    1654,
    1521,
    1585,
    1532,
    1676,
    1649,
    1584,
    1541,
    1490,
    1686,
    1637,
    1722,
    1695,
    1658,
    7802,
    2971,
    3370,
    472,
    526,
    426,
    509,
    635,
    536,
    537,
    617,
    536,
    478,
    460,
    544,
    431,
    11466,
    1731,
    1501,
    1551,
    1482,
    1513,
    1543,
    1732,
    1782,
    1872,
    1686,
    1503,
    1454,
    1788,
    1829,
    1812,
    11843,
    4028,
    1761,
    1981,
    2046,
    1694,
    1724,
    1647,
    1807,
    1742,
    1694,
    1698,
    1724,
    1830,
    1862,
    1652,
    6223,
    1478,
    439,
    1002,
    862,
    1048,
    754,
    502,
    487,
    525,
    501,
    451,
    565,
    499,
    427,
    927
  ],
  "frame_rasterizer_times": [
    5944,
    8056,
    6019,
    7276,
    4655,
    4191,
    6568,
    4207,
    4769,
    4477,
    6463,
    4586,
    4707,
    4597,
    4911,
    4693,
    4513,
    4652,
    4780,
    4609,
    4712,
    4674,
    4763,
    4774,
    4758,
    4647,
    4742,
    4794,
    4877,
    4779,
    4868,
    4763,
    4756,
    4786,
    4727,
    4686,
    4636,
    5240,
    4667,
    4761,
    4789,
    4278,
    4468,
    5066,
    4503,
    5080,
    5137,
    5280,
    4692,
    4873,
    4353,
    4998,
    4959,
    4680,
    4442,
    4412,
    4844,
    4550,
    4779,
    7499,
    70608,
    25801,
    28600,
    15592,
    16953,
    16902,
    14082,
    13077,
    11808,
    11979,
    9480,
    7508,
    8704,
    8810,
    9300,
    16990,
    9887,
    8739,
    8607,
    8360,
    8853,
    7935,
    10614,
    12580,
    9559,
    9622,
    8875,
    10018,
    9742,
    10073,
    11406,
    9904,
    9467,
    9516,
    9471,
    9911,
    10020,
    10205,
    10839,
    10175,
    10132,
    10552,
    10344,
    18666,
    10078,
    11369,
    5477,
    10972,
    10963,
    11765,
    9594,
    9748,
    8912,
    9153,
    9454,
    10880,
    10767,
    9575,
    9727,
    8957,
    9656,
    12757,
    21278,
    9280,
    10316,
    10936,
    10949,
    15904,
    17409,
    11738,
    11556,
    11051,
    9096,
    9536,
    9615,
    9261,
    9009,
    9727,
    5616,
    10441,
    9075,
    9430,
    9452,
    9464,
    10834,
    9711,
    9870,
    9336,
    8601,
    8562,
    9511,
    9218,
    9509,
    9444,
    7744,
    8315,
    8061,
    8448,
    8334,
    9007,
    8659,
    14174,
    10824,
    7938,
    8011,
    8045,
    8600,
    8170,
    8688,
    8746,
    5963,
    9504,
    8438,
    8457,
    8407,
    7538,
    8250,
    7639,
    8343,
    8036,
    8597,
    7690,
    8075,
    7687,
    6905,
    9278,
    7204,
    9605,
    7158,
    5585,
    5744,
    5864,
    5933,
    5630,
    5550,
    5584,
    5643,
    5677,
    5525,
    5656,
    5817,
    5718,
    5881,
    5833,
    5247,
    9856,
    10117,
    9736,
    9496,
    5017,
    5315,
    5152,
    5116,
    5396,
    5465,
    5107,
    5406
  ],
  "frame_begin_times": [
    0,
    16549,
    33107,
    49838,
    66616,
    83300,
    100324,
    116684,
    133285,
    150649,
    166711,
    183841,
    200962,
    216970,
    233684,
    250238,
    266972,
    284142,
    300717,
    317404,
    334327,
    350827,
    367554,
    384483,
    401083,
    417734,
    434786,
    451168,
    467781,
    484487,
    501295,
    517921,
    534781,
    551411,
    568118,
    585022,
    601419,
    618136,
    635006,
    651599,
    668245,
    685626,
    701940,
    718626,
    735745,
    752595,
    768475,
    785146,
    803361,
    819153,
    835373,
    851775,
    868492,
    885573,
    902121,
    918642,
    935869,
    952229,
    968956,
    985415,
    1018850,
    1036010,
    1102462,
    1135861,
    1152939,
    1169485,
    1185950,
    1202594,
    1219291,
    1236371,
    1252792,
    1269464,
    1286249,
    1302899,
    1319763,
    1336660,
    1353288,
    1369678,
    1386425,
    1403182,
    1419763,
    1437154,
    1453182,
    1470079,
    1486676,
    1503425,
    1520707,
    1537141,
    1553837,
    1570184,
    1586829,
    1603555,
    1620439,
    1637210,
    1654217,
    1670700,
    1687333,
    1704150,
    1720639,
    1737443,
    1754338,
    1771013,
    1787689,
    1804313,
    1821087,
    1837690,
    1854148,
    1870883,
    1887758,
    1904577,
    1921142,
    1937902,
    1954794,
    1971390,
    1988064,
    2005769,
    2021824,
    2038808,
    2055068,
    2071711,
    2088522,
    2106352,
    2155348,
    2176050,
    2188649,
    2205146,
    2221775,
    2238956,
    2256401,
    2272670,
    2289033,
    2305517,
    2322122,
    2339071,
    2355659,
    2372406,
    2389351,
    2405726,
    2422061,
    2438938,
    2455974,
    2472405,
    2488945,
    2505796,
    2522455,
    2539089,
    2555900,
    2572921,
    2589395,
    2606283,
    2622657,
    2639764,
    2656116,
    2672728,
    2689472,
    2706148,
    2722881,
    2739981,
    2756620,
    2772932,
    2789677,
    2806702,
    2823081,
    2840225,
    2856856,
    2873587,
    2889869,
    2906970,
    2923417,
    2939975,
    2956709,
    2973339,
    2990272,
    3007072,
    3023984,
    3040492,
    3056904,
    3074046,
    3090340,
    3107175,
    3123739,
    3140972,
    3157458,
    3174163,
    3191191,
    3207372,
    3240779,
    3257530,
    3274288,
    3291006,
    3307821,
    3324572,
    3341184,
    3357743,
    3374674,
    3391604,
    3407899,
    3424899,
    3441220,
    3458182,
    3474626,
    3491732,
    3524887,
    3541419,
    3558222,
    3575486,
    3591860,
    3609184,
    3625412,
    3642237,
    3658839,
    3675702,
    3692322,
    3708679,
    3725515,
    3742284,
    3759050,
    3876824
  ],