{
  "average_frame_build_time_millis": 2.485795348837209,
  "90th_percentile_frame_build_time_millis": 6.028,
  "99th_percentile_frame_build_time_millis": 13.006,
  "worst_frame_build_time_millis": 21.689,
  "missed_frame_build_budget_count": 1,
  "average_frame_rasterizer_time_millis": 7.405122065727696,
  "stddev_frame_rasterizer_time_millis": 2.890031078489715,
  "90th_percentile_frame_rasterizer_time_millis": 10.712,
  "99th_percentile_frame_rasterizer_time_millis": 19.962,
  "worst_frame_rasterizer_time_millis": 62.619,
  "missed_frame_rasterizer_budget_count": 8,
  "frame_count": 215,
  "frame_rasterizer_count": 213,
  "new_gen_gc_count": 8,
  "old_gen_gc_count": 2,
  "frame_build_times": [
    4535,
    4438,
    8707,
    6028,
    772,
    520,
    459,
    481,
    531,
    507,
    6681,
    1247,
    1186,
    1370,
    1269,
    1176,
    1165,
    1274,
    1260,
    1255,
    1283,
    1337,
    1220,
    1278,
    1262,
    1292,
    1249,
    1302,
    1307,
    1304,
    1363,
    1499,
    1301,
    1231,
    1225,
    1356,
    1448,
    1347,
    1328,
    1245,
    1345,
    5736,
    6482,
    6128,
    3752,
    3950,
    8111,
    5914,
    903,
    906,
    1268,
    1319,
    8984,
    2625,
    2057,
    2639,
    1403,
    3714,
    1136,
    21689,
    13284,
    7460,
    4308,
    3640,
    3927,
    3059,
    3166,
    3390,
    3184,
    3285,
    5499,
    3719,
    3144,
    3130,
    3075,
    2998,
    2907,
    3091,
    3011,
    2895,
    13006,
    3209,
    3505,
    3699,
    3335,
    3364,
    494,
    522,
    458,
    4948,
    1161,
    518,
    463,
    533,
    456,
    609,
    1271,
    2581,
    1042,
    1509,
    1262,
    1983,
    1211,
    587,
    1504,
    12369,
    1909,
    6626,
    1595,
    1469,
    1663,
    1681,
    1744,
    1873,
    1711,
    1729,
    1548,
    1663,
    1617,
    1533,
    1716,
    7311,
    2359,
    599,
    480,
    547,
    565,
    518,
    521,
    443,
    492,
    616,
    634,
    411,
    463,
    416,
    11729,
    3293,
    1758,
    7878,
    6534,
    4599,
    4495,
    4693,
    4863,
    4927,
    5679,
    2132,
    1540,
    1267,
    1486,
    9029,
    2752,
    2874,
    6069,
    363,
    540,
    1128,
    672,
    1096,
    462,
    548,
    650,
    459,
    456,
    478,
    460,
    8887,
    1506,
    1274,
    1216,
    1118,
    1241,
    1221,
    1207,
    1305,
    1347,
    1263,
    1160,
    1179,
    1113,
    1180,
    1548,
    11994,
    3696,
    3532,
    1579,
    1803,
    1732,
    1563,
    1589,
    1782,
    1649,
    1715,
    1689,
    1553,
    1731,
    1621,
    1685,
    6173,
    1582,
    510,
    491,
    472,
    513,
    522,
    460,
    550,
    515,
    572,
    516,
    587,
    440,
    421,
    1213
  ],
  "frame_rasterizer_times": [
    5084,
    4911,
    4862,
    4437,
    4782,
    4698,
    4333,
    4255,
    8084,
    5203,
    4654,
    5225,
    4632,
    4507,
    4540,
    4586,
    4631,
    4700,
    5026,
    4759,
    4852,
    4677,
    4879,
    4665,
    4654,
    4660,
    4659,
    5174,
    4759,
    4936,
    4796,
    4670,
    4679,
    5216,
    4652,
    4752,
    4790,
    4798,
    4603,
    5216,
    4557,
    4984,
    5117,
    5129,
    4946,
    4412,
    4990,
    6626,
    4871,
    5034,
    4985,
    7053,
    5836,
    5173,
    5015,
    4920,
    4965,
    5198,
    6593,
    62619,
    51489,
    10545,
    15491,
    17014,
    19962,
    16884,
    14536,
    12779,
    11547,
    6800,
    6693,
    6743,
    6809,
    5343,
    5651,
    5427,
    5452,
    5497,
    5691,
    8705,
    5742,
    7058,
    5368,
    7568,
    5526,
    5194,
    5212,
    5334,
    7575,
    5363,
    5114,
    5014,
    5130,
    5219,
    9862,
    5194,
    5938,
    4901,
    5858,
    5791,
    5889,
    5863,
    5477,
    5393,
    6759,
    9205,
    5734,
    6121,
    5550,
    5455,
    5418,
    5630,
    5806,
    5896,
    5703,
    5408,
    5451,
    5488,
    5224,
    5555,
    6415,
    5870,
    5530,
    5079,
    5494,
    5696,
    5076,
    7084,
    5574,
    5948,
    6285,
    5157,
    3911,
    4436,
    5672,
    7283,
    6767,
    6501,
    5743,
    5780,
    5927,
    5638,
    5231,
    5179,
    5425,
    10562,
    5615,
    6570,
    4910,
    17705,
    12515,
    17269,
    13039,
    10532,
    13062,
    17541,
    7418,
    10133,
    9774,
    8172,
    10475,
    9431,
    9029,
    9473,
    9435,
    4062,
    4195,
    8005,
    6431,
    14147,
    11126,
    7898,
    7989,
    8202,
    8136,
    8529,
    8379,
    8746,
    9009,
    8259,
    11092,
    11972,
    8302,
    11130,
    10369,
    10438,
    10712,
    10578,
    10058,
    10190,
    9844,
    10069,
    10331,
    10283,
    10386,
    10207,
    9720,
    10775,
    6981,
    5472,
    5223,
    5270,
    5083,
    5424,
    5386,
    5361,
    5260,
    5231,
    5225,
    5472,
    5291,
    5253,
    5366
  ],
  "frame_begin_times": [
    0,
    16586,
    33194,
    49880,
    66798,
    83382,
    100023,
    116911,
    133489,
    150232,
    166921,
    183584,
    200489,
    217240,
    233903,
    250629,
    267289,
    284050,
    300914,
    317613,
    334263,
    351078,
    367696,
    384297,
    401106,
    417803,
    434393,
    451233,
    467877,
    484560,
    501349,
    517935,
    534822,
    551355,
    568094,
    584918,
    601902,
    618354,
    635058,
    651876,
    668444,
    685370,
    702598,
    719059,
    735905,
    752488,
    769948,
    785782,
    802428,
    819130,
    836212,
    852581,
    885760,
    902846,
    919889,
    936460,
    954805,
    971537,
    986833,
    1036516,
    1069347,
    1086067,
    1152977,
    1202975,
    1219556,
    1236151,
    1252825,
    1269736,
    1286310,
    1303006,
    1319646,
    1336398,
    1353228,
    1370135,
    1386548,
    1403257,
    1419890,
    1436578,
    1453636,
    1470470,
    1487017,
    1503423,
    1520195,
    1536779,
    1553475,
    1570701,
    1586984,
    1603658,
    1620276,
    1636964,
    1653750,
    1670713,
    1687140,
    1704211,
    1720552,
    1737546,
    1755288,
    1773612,
    1788489,
    1805139,
    1821393,
    1838790,
    1854973,
    1871997,
    1889005,
    1938608,
    1954645,
    1972304,
    1988257,
    2004715,
    2021805,
    2038465,
    2055872,
    2071597,
    2088885,
    2105160,
    2121752,
    2138571,
    2155363,
    2172051,
    2188736,
    2222246,
    2238563,
    2256282,
    2272042,
    2289383,
    2305353,
    2322050,
    2339246,
    2355863,
    2372249,
    2390411,
    2406247,
    2422492,
    2439546,
    2456055,
    2489648,
    2507746,
    2523131,
    2540894,
    2557169,
    2573276,
    2590683,
    2607127,
    2623674,
    2640396,
    2656874,
    2679692,
    2689903,
    2706400,
    2723153,
    2739982,
    2756607,
    2773167,
    2790472,
    2806938,
    2823904,
    2840406,
    2856985,
    2873676,
    2890302,
    2907541,
    2924316,
    2940369,
    2957126,
    2973913,
    2990475,
    3007231,
    3023779,
    3040539,
    3057212,
    3073905,
    3090729,
    3107479,
    3124086,
    3140902,
    3157501,
    3174209,
    3190955,
    3207725,
    3224366,
    3240902,
    3257677,
    3274456,
    3291384,
    3307812,
    3324448,
    3341179,
    3357928,
    3374700,
    3391287,
    3408300,
    3425056,
    3441468,
    3458411,
    3474798,
    3491844,
    3508648,
    3524868,
    3558547,
    3575094,
    3592169,
    3608788,
    3625215,
    3642035,
    3659422,
    3675278,
    3692282,
    3709036,
    3725700,
    3742441,
    3759204,
    3775800,
    3792317,
    3911060
  ],