{
  "average_frame_build_time_millis": 3.0137685589519663,
  "90th_percentile_frame_build_time_millis": 6.344,
  "99th_percentile_frame_build_time_millis": 13.451,
  "worst_frame_build_time_millis": 18.932,
  "missed_frame_build_budget_count": 1,
  "average_frame_rasterizer_time_millis": 7.34496017699115,
  "stddev_frame_rasterizer_time_millis": 2.9167581251468393,
  "90th_percentile_frame_rasterizer_time_millis": 10.933,
  "99th_percentile_frame_rasterizer_time_millis": 30.844,
  "worst_frame_rasterizer_time_millis": 67.376,
  "missed_frame_rasterizer_budget_count": 9,
  "frame_count": 229,
  "frame_rasterizer_count": 226,
  "new_gen_gc_count": 8,
  "old_gen_gc_count": 2,
  "frame_build_times": [
    451,
    488,
    498,
    15116,
    3787,
    4145,
    5236,
    4116,
    6777,
    6510,
    4644,
    6046,
    3422,
    2617,
    4373,
    5439,
    5127,
    5087,
    3769,
    3566,
    3806,
    6828,
    4566,
    6147,
    5358,
    4180,
    4723,
    3805,
    5131,
    3922,
    4879,
    6478,
    4722,
    5852,
    4134,
    5812,
    3912,
    4030,
    3616,
    10920,
    1016,
    1327,
    2005,
    1511,
    13305,
    2571,
    13451,
    6639,
    6561,
    5729,
    6814,
    3126,
    3003,
    2974,
    2918,
    3140,
    3045,
    3210,
    3019,
    3073,
    5891,
    3801,
    3006,
    3001,
    3463,
    3311,
    3108,
    2996,
    3141,
    3023,
    3070,
    3205,
    3209,
    2970,
    3023,
    3029,
    443,
    504,
    18932,
    11213,
    6344,
    3470,
    1613,
    1571,
    1675,
    1770,
    1546,
    1583,
    1695,
    1492,
    1539,
    1565,
    1673,
    1508,
    1524,
    1598,
    1484,
    1473,
    1501,
    12472,
    463,
    5021,
    1160,
    444,
    443,
    410,
    501,
    508,
    599,
    529,
    423,
    491,
    565,
    523,
    535,
    478,
    638,
    11964,
    1804,
    1706,
    1601,
    1653,
    1784,
    1687,
    1702,
    1706,
    1608,
    1776,
    1657,
    1755,
    1696,
    1745,
    1748,
    7544,
    4469,
    945,
    1009,
    934,
    1921,
    2839,
    919,
    1366,
    1299,
    1546,
    1914,
    1362,
    3352,
    1298,
    11590,
    7770,
    1733,
    7273,
    4963,
    4631,
    5657,
    7801,
    5122,
    4898,
    4581,
    2820,
    3886,
    1514,
    1589,
    1671,
    7279,
    3084,
    567,
    572,
    488,
    545,
    524,
    509,
    454,
    470,
    533,
    516,
    524,
    464,
    446,
    521,
    11168,
    1805,
    1486,
    1382,
    1533,
    1345,
    1376,
    1423,
    1491,
    1643,
    1407,
    1460,
    1433,
    1557,
    5406,
    5138,
    11478,
    1905,
    1799,
    2077,
    1316,
    2958,
    1008,
    1603,
    1640,
    1503,
    1568,
    1542,
    1705,
    1644,
    1653,
    1498,
    6138,
    1427,
    1499,
    636,
    523,
    456,
    483,
    478,
    513,
    525,
    522,
    592,
    506,
    502,
    517,
    599,
    1345
  ],
  "frame_rasterizer_times": [
    4563,
    11351,
    6178,
    4865,
    6999,
    4447,
    6070,
    4207,
    4966,
    5163,
    4133,
    5169,
    5230,
    5025,
    5184,
    5316,
    5063,
    5018,
    5089,
    4880,
    4275,
    5010,
    5140,
    5354,
    5054,
    5006,
    4966,
    4371,
    5124,
    5222,
    4573,
    5319,
    5048,
    5134,
    4276,
    5033,
    5357,
    4802,
    10211,
    5538,
    4923,
    4797,
    6351,
    7619,
    4288,
    5711,
    7896,
    4939,
    4291,
    4835,
    5098,
    5300,
    5101,
    4835,
    5041,
    4644,
    4812,
    4976,
    4716,
    5562,
    4671,
    4599,
    4918,
    5273,
    5114,
    4662,
    4664,
    4667,
    4720,
    4783,
    5056,
    4665,
    4772,
    4578,
    4585,
    5175,
    5097,
    67376,
    31534,
    30844,
    19034,
    20058,
    19469,
    19703,
    16662,
    14812,
    13616,
    12540,
    12037,
    11483,
    9579,
    9990,
    9359,
    9061,
    9556,
    8957,
    8811,
    7429,
    11761,
    17102,
    8643,
    9896,
    9991,
    9929,
    10166,
    12242,
    9420,
    9458,
    10140,
    9319,
    9363,
    11845,
    9936,
    9729,
    10937,
    12232,
    8582,
    8658,
    9856,
    10292,
    10553,
    10377,
    10179,
    10864,
    10933,
    10765,
    10728,
    10513,
    10615,
    11245,
    11309,
    8337,
    5512,
    6430,
    5745,
    5717,
    5804,
    7756,
    5755,
    5676,
    4883,
    5740,
    4844,
    5602,
    5049,
    5400,
    6575,
    6948,
    5783,
    5686,
    4835,
    5806,
    4876,
    5679,
    4916,
    5678,
    5113,
    8135,
    8655,
    5354,
    5500,
    5767,
    7954,
    5911,
    5303,
    5162,
    5121,
    5452,
    5274,
    5441,
    5303,
    5439,
    5836,
    5743,
    5444,
    5382,
    5423,
    5515,
    7202,
    7868,
    5455,
    5189,
    5351,
    5285,
    5187,
    5185,
    5315,
    5484,
    5481,
    5456,
    5326,
    5483,
    5072,
    5653,
    7928,
    10679,
    7281,
    7001,
    5290,
    7829,
    4124,
    5515,
    5393,
    5424,
    5370,
    5414,
    5533,
    5521,
    5719,
    5597,
    5770,
    5512,
    5383,
    5484,
    5650,
    5206,
    5215,
    5233,
    5197,
    5148,
    5581,
    5235,
    5374,
    5363,
    5232,
    5558
  ],