{
  "average_frame_build_time_millis": 2.5887293577981634,
  "90th_percentile_frame_build_time_millis": 6.031,
  "99th_percentile_frame_build_time_millis": 12.617,
  "worst_frame_build_time_millis": 31.597,
  "missed_frame_build_budget_count": 1,
  "average_frame_rasterizer_time_millis": 9.485100917431195,
  "stddev_frame_rasterizer_time_millis": 2.840153101590773,
  "90th_percentile_frame_rasterizer_time_millis": 11.494,
  "99th_percentile_frame_rasterizer_time_millis": 29.898,
  "worst_frame_rasterizer_time_millis": 67.637,
  "missed_frame_rasterizer_budget_count": 11,
  "frame_count": 218,
  "frame_rasterizer_count": 218,
  "new_gen_gc_count": 10,
  "old_gen_gc_count": 2,
  "frame_build_times": [
    4653,
    4603,
    8723,
    6090,
    801,
    543,
    471,
    503,
    520,
    520,
    6507,
    1364,
    1240,
    1190,
    1230,
    1197,
    1239,
    1256,
    1339,
    1335,
    1215,
    1235,
    1362,
    1237,
    1314,
    1355,
    1269,
    1406,
    1219,
    1297,
    1243,
    1394,
    1192,
    1293,
    1234,
    1271,
    1311,
    1321,
    1269,
    1215,
    1255,
    1292,
    4503,
    8808,
    3797,
    4223,
    5289,
    10611,
    1384,
    5646,
    2682,
    1183,
    3800,
    1546,
    1399,
    1215,
    1010,
    1492,
    1763,
    31597,
    14227,
    8006,
    4742,
    3393,
    3392,
    3223,
    3229,
    5766,
    3832,
    3876,
    3203,
    3152,
    3310,
    3068,
    3020,
    3042,
    3097,
    2999,
    3028,
    12617,
    3234,
    3248,
    3338,
    478,
    570,
    454,
    475,
    544,
    473,
    4815,
    1248,
    532,
    445,
    604,
    469,
    422,
    546,
    516,
    532,
    430,
    483,
    564,
    586,
    543,
    443,
    12115,
    1856,
    4147,
    6459,
    6753,
    6421,
    5848,
    4871,
    5272,
    5089,
    3653,
    1381,
    1803,
    1716,
    1549,
    1409,
    7249,
    2359,
    2362,
    479,
    441,
    511,
    476,
    540,
    589,
    576,
    500,
    517,
    515,
    478,
    599,
    463,
    11304,
    1799,
    1542,
    1691,
    1690,
    1710,
    1568,
    1603,
    1579,
    1570,
    1691,
    1491,
    1683,
    1715,
    1660,
    1660,
    7641,
    3376,
    3160,
    518,
    506,
    488,
    437,
    493,
    501,
    471,
    636,
    490,
    552,
    577,
    616,
    524,
    11253,
    1746,
    1396,
    1535,
    6468,
    4517,
    6376,
    4838,
    5330,
    7755,
    3775,
    6755,
    5597,
    2638,
    2531,
    1336,
    11822,
    3683,
    3231,
    1632,
    1544,
    1443,
    1557,
    1629,
    1654,
    1606,
    1657,
    1519,
    1643,
    1732,
    1610,
    1443,
    6031,
    1495,
    1798,
    513,
    506,
    491,
    506,
    482,
    516,
    519,
    467,
    582,
    524,
    606,
    546,
    1472,
    2415
  ],
  "frame_rasterizer_times": [
    4680,
    5034,
    4851,
    4801,
    4553,
    4207,
    4460,
    4323,
    4488,
    4426,
    13103,
    8254,
    4510,
    4617,
    4775,
    4519,
    4790,
    4642,
    4678,
    4843,
    4855,
    4692,
    4759,
    4860,
    4649,
    5204,
    4657,
    4864,
    4704,
    4813,
    4691,
    5169,
    4789,
    4604,
    4777,
    4651,
    4867,
    5057,
    4740,
    5876,
    4894,
    4822,
    4295,
    5053,
    7733,
    5016,
    4990,
    4215,
    8295,
    4962,
    5015,
    6151,
    3856,
    4625,
    5505,
    5497,
    3713,
    4500,
    4049,
    7904,
    67637,
    30612,
    29898,
    19763,
    19577,
    19332,
    18934,
    17127,
    14301,
    13212,
    12460,
    12083,
    10637,
    8905,
    9075,
    9614,
    8562,
    11170,
    9048,
    8248,
    8981,
    8960,
    8974,
    9480,
    11085,
    10468,
    9377,
    9712,
    9928,
    11555,
    9822,
    9736,
    9815,
    9854,
    9169,
    12224,
    9706,
    10779,
    10312,
    10419,
    10324,
    9910,
    10253,
    10770,
    11449,
    5610,
    10254,
    7899,
    8267,
    9246,
    6723,
    8207,
    8632,
    8723,
    8914,
    26875,
    11104,
    10393,
    10690,
    9425,
    10558,
    8826,
    9579,
    9738,
    10361,
    9697,
    9741,
    10757,
    9929,
    10300,
    10305,
    10617,
    10673,
    10315,
    10403,
    10670,
    10846,
    5529,
    10225,
    10334,
    11419,
    12544,
    10210,
    10616,
    11016,
    10299,
    10362,
    10778,
    10326,
    10669,
    10753,
    10839,
    11223,
    9662,
    10044,
    11192,
    9668,
    10781,
    11494,
    10746,
    10280,
    10556,
    11489,
    9890,
    10384,
    19063,
    12215,
    10828,
    11551,
    5623,
    10276,
    10583,
    10796,
    9566,
    8637,
    8783,
    9381,
    8954,
    9193,
    8880,
    8069,
    9110,
    5465,
    10341,
    11427,
    6314,
    9566,
    9223,
    10338,
    10347,
    10451,
    10169,
    10460,
    10010,
    11076,
    10672,
    17974,
    12868,
    11284,
    9895,
    10804,
    9578,
    10527,
    10734,
    10075,
    10195,
    10739,
    10603,
    10522,
    10488,
    9838,
    10635,
    10299,
    9950,
    10446,
    10385,
    9082,
    5680
  ],
  "frame_begin_times": [
    0,
    16662,
    33555,
    50033,
    66779,
    83516,
    100132,
    116842,
    133770,
    150249,
    166991,
    183765,
    200401,
    217048,
    233808,
    250778,
    267742,
    284031,
    301036,
    317675,
    334342,
    351309,
    367585,
    384708,
    401260,
    417977,
    434593,
    451244,
    468036,
    484717,
    501373,
    518057,
    534864,
    551527,
    568387,
    585055,
    601640,
    618332,
    635219,
    651851,
    668503,
    685112,
    702417,
    718906,
    735717,
    752422,
    769085,
    785668,
    802572,
    819594,
    836188,
    853710,
    885493,
    902419,
    920057,
    936275,
    952620,
    969128,
    986144,
    1019239,
    1070154,
    1085987,
    1152821,
    1186096,
    1219806,
    1236767,
    1253161,
    1269707,
    1286480,
    1303209,
    1319761,
    1336651,
    1353201,
    1369887,
    1386777,
    1403379,
    1420019,
    1436798,
    1453593,
    1470097,
    1486852,
    1503578,
    1520215,
    1537261,
    1553701,
    1570400,
    1587192,
    1603716,
    1620717,
    1637215,
    1653886,
    1670814,
    1687225,
    1704087,
    1721101,
    1737498,
    1754445,
    1771254,
    1787864,
    1804348,
    1821240,
    1837987,
    1854853,
    1871357,
    1887911,
    1904684,
    1921178,
    1938679,
    1955150,
    1971889,
    1989857,
    2005466,
    2022104,
    2039019,
    2055811,
    2072064,
    2095673,
    2105201,
    2121903,
    2138894,
    2155076,
    2171894,
    2188566,
    2205215,
    2222138,
    2239141,
    2255732,
    2272070,
    2289006,
    2305681,
    2322582,
    2339289,
    2355973,
    2372683,
    2388926,
    2406103,
    2422545,
    2439102,
    2455845,
    2472605,
    2489366,
    2506043,
    2522881,
    2539374,
    2556053,
    2573271,
    2589842,
    2606526,
    2622926,
    2639900,
    2656716,
    2673353,
    2689761,
    2706600,
    2723189,
    2739801,
    2756717,
    2773674,
    2790154,
    2807179,
    2823353,
    2840103,
    2856758,
    2874265,
    2890624,
    2907373,
    2925300,
    2940466,
    2957244,
    2974025,
    2990435,
    3007215,
    3023843,
    3041623,
    3058098,
    3074897,
    3091167,
    3108121,
    3124650,
    3141092,
    3158438,
    3174843,
    3194344,
    3207825,
    3224358,
    3241145,
    3257845,
    3274683,
    3291232,
    3308297,
    3324552,
    3341390,
    3358005,
    3375177,
    3391743,
    3408626,
    3425188,
    3443244,
    3458627,
    3475290,
    3491545,
    3508349,
    3525065,
    3541883,
    3558834,
    3575265,
    3591865,
    3608632,
    3625272,
    3642445,
    3659170,
    3675363,
    3692407,
    3709346,
    3725872,
    3742530,
    3759555,
    3876661
  ],