{
  "average_frame_build_time_millis": 3.379934497816594,
  "90th_percentile_frame_build_time_millis": 8.628,
  "99th_percentile_frame_build_time_millis": 13.641,
  "worst_frame_build_time_millis": 21.964,
  "missed_frame_build_budget_count": 1,
  "average_frame_rasterizer_time_millis": 7.974442982456141,
  "stddev_frame_rasterizer_time_millis": 2.6405159279778374,
  "90th_percentile_frame_rasterizer_time_millis": 10.695,
  "99th_percentile_frame_rasterizer_time_millis": 26.956,
  "worst_frame_rasterizer_time_millis": 63.081,
  "missed_frame_rasterizer_budget_count": 6,
  "frame_count": 229,
  "frame_rasterizer_count": 228,
  "new_gen_gc_count": 8,
  "old_gen_gc_count": 2,
  "frame_build_times": [
    1316,
    1240,
    1270,
    1278,
    1261,
    1340,
    1385,
    1377,
    1230,
    1370,
    1392,
    1528,
    1348,
    1287,
    1289,
    1296,
    1477,
    1580,
    1289,
    1352,
    1263,
    1477,
    1262,
    1380,
    1270,
    1297,
    4491,
    7833,
    4684,
    4122,
    7059,
    10506,
    2781,
    1354,
    1957,
    1580,
    15619,
    1541,
    1628,
    1806,
    1300,
    1665,
    13221,
    12058,
    10494,
    3343,
    9264,
    10664,
    8438,
    5962,
    3362,
    10416,
    7250,
    8691,
    8131,
    7625,
    12515,
    3833,
    7631,
    10055,
    7532,
    9238,
    7189,
    7463,
    9968,
    8628,
    9674,
    8081,
    6604,
    7691,
    7886,
    11942,
    2504,
    778,
    427,
    511,
    497,
    21964,
    13641,
    6639,
    3114,
    1608,
    1703,
    1602,
    1575,
    1502,
    1636,
    1825,
    1777,
    1599,
    1545,
    1651,
    1625,
    1603,
    1610,
    1511,
    1513,
    1429,
    1490,
    13277,
    485,
    5143,
    1084,
    475,
    464,
    469,
    447,
    551,
    514,
    484,
    482,
    489,
    561,
    773,
    529,
    540,
    443,
    11791,
    1804,
    1542,
    1344,
    1358,
    1406,
    1506,
    1572,
    1478,
    1420,
    1488,
    1621,
    1685,
    1469,
    1632,
    1407,
    7264,
    2183,
    2176,
    498,
    459,
    460,
    444,
    531,
    482,
    498,
    498,
    479,
    637,
    567,
    501,
    499,
    11273,
    1892,
    1534,
    5336,
    4839,
    5891,
    6724,
    4603,
    7969,
    7061,
    4529,
    5282,
    7726,
    6869,
    6794,
    7764,
    3246,
    520,
    661,
    535,
    337,
    552,
    532,
    534,
    549,
    461,
    406,
    499,
    570,
    548,
    503,
    11487,
    1461,
    1719,
    1545,
    1410,
    1510,
    1454,
    1648,
    1561,
    1372,
    1565,
    1433,
    1548,
    1650,
    1443,
    1435,
    11873,
    3742,
    3370,
    3110,
    5554,
    4977,
    5134,
    7470,
    4905,
    5565,
    5447,
    5012,
    7639,
    7491,
    5627,
    6139,
    10394,
    2876,
    991,
    460,
    495,
    503,
    489,
    464,
    578,
    553,
    534,
    530,
    451,
    581,
    614,
    573,
    667
  ],
  "frame_rasterizer_times": [
    8609,
    8638,
    9209,
    8410,
    8501,
    8997,
    8980,
    9492,
    9322,
    9327,
    8751,
    8878,
    8890,
    8690,
    9125,
    9924,
    9235,
    8912,
    9055,
    9328,
    8959,
    9439,
    9938,
    8950,
    8795,
    9139,
    6028,
    5036,
    4735,
    5917,
    4884,
    4771,
    9056,
    8726,
    8024,
    8356,
    7228,
    5948,
    5014,
    5126,
    5282,
    5115,
    5042,
    5413,
    4961,
    7484,
    4930,
    5068,
    5124,
    4224,
    4881,
    8263,
    6205,
    4753,
    4775,
    4576,
    7060,
    8769,
    4866,
    4839,
    4827,
    4997,
    4953,
    4177,
    4869,
    4865,
    4802,
    4942,
    4950,
    4937,
    4925,
    4883,
    6749,
    5587,
    9120,
    9835,
    10735,
    6066,
    63081,
    27047,
    26956,
    16706,
    15453,
    15719,
    14313,
    12738,
    10392,
    6838,
    6762,
    6620,
    6722,
    6752,
    6830,
    5495,
    5404,
    5398,
    5327,
    5291,
    5662,
    7835,
    5708,
    8450,
    5339,
    5256,
    5151,
    4956,
    5051,
    8056,
    5121,
    5084,
    5307,
    5393,
    5211,
    5499,
    5344,
    5216,
    5847,
    8320,
    10727,
    5522,
    5214,
    5329,
    5305,
    5445,
    5486,
    5270,
    5483,
    5276,
    5403,
    5265,
    5379,
    5324,
    5828,
    5588,
    6045,
    5421,
    5093,
    5482,
    5049,
    5060,
    5112,
    5169,
    5127,
    5222,
    5094,
    5247,
    5177,
    5129,
    5612,
    6380,
    7789,
    5769,
    5589,
    5663,
    5745,
    5702,
    4906,
    5608,
    5151,
    5351,
    5697,
    5600,
    4993,
    5797,
    7753,
    16517,
    15587,
    9160,
    10523,
    9816,
    11146,
    10055,
    10344,
    9891,
    10695,
    10684,
    10248,
    9240,
    8852,
    9693,
    7567,
    9109,
    9569,
    10578,
    9963,
    10697,
    10456,
    10235,
    10358,
    10880,
    9923,
    10741,
    10728,
    10027,
    11037,
    11334,
    5681,
    9702,
    10511,
    7243,
    9043,
    9140,
    8892,
    8555,
    7605,
    7877,
    7250,
    8490,
    8142,
    8837,
    7346,
    6810,
    6500,
    17433,
    9680,
    11147,
    10706,
    10513,
    9413,
    9886,
    9881,
    10036,
    10067,
    9665,
    10582,
    10230,
    10207,
    11233
  ],