{
  "average_frame_build_time_millis": 3.719436681222708,
  "90th_percentile_frame_build_time_millis": 9.289,
  "99th_percentile_frame_build_time_millis": 25.241,
  "worst_frame_build_time_millis": 43.917,
  "missed_frame_build_budget_count": 4,
  "average_frame_rasterizer_time_millis": 8.133916299559468,
  "stddev_frame_rasterizer_time_millis": 3.0678233616022044,
  "90th_percentile_frame_rasterizer_time_millis": 10.966,
  "99th_percentile_frame_rasterizer_time_millis": 20.509,
  "worst_frame_rasterizer_time_millis": 80.329,
  "missed_frame_rasterizer_budget_count": 4,
  "frame_count": 229,
  "frame_rasterizer_count": 227,
  "new_gen_gc_count": 6,
  "old_gen_gc_count": 2,
  "frame_build_times": [
    1243,
    1270,
    1283,
    1351,
    1257,
    1483,
    1395,
    1411,
    1308,
    1292,
    1493,
    1329,
    1376,
    1329,
    1283,
    1430,
    1394,
    1442,
    1341,
    1425,
    1413,
    1364,
    1531,
    1501,
    1246,
    1364,
    1349,
    1440,
    1429,
    5108,
    4390,
    8727,
    3895,
    2883,
    4211,
    7779,
    1253,
    1876,
    1207,
    1383,
    10237,
    2234,
    1024,
    1234,
    1417,
    1395,
    11308,
    10813,
    9166,
    8572,
    8288,
    12987,
    9737,
    9509,
    6524,
    7447,
    9343,
    11117,
    10206,
    8851,
    14400,
    7780,
    7016,
    6410,
    10616,
    9088,
    6627,
    8858,
    7764,
    8115,
    7826,
    8822,
    10193,
    10074,
    9337,
    11051,
    1410,
    2268,
    1576,
    1292,
    1249,
    2039,
    43917,
    25241,
    6951,
    3543,
    1597,
    1457,
    1721,
    1680,
    1620,
    1777,
    1532,
    1636,
    1584,
    1517,
    1459,
    1473,
    1678,
    12811,
    427,
    458,
    516,
    4964,
    1091,
    447,
    460,
    526,
    488,
    518,
    856,
    522,
    1126,
    1196,
    5465,
    1358,
    1921,
    2211,
    1554,
    16464,
    2073,
    7092,
    9289,
    4430,
    6625,
    3998,
    5323,
    4986,
    6069,
    4189,
    6315,
    6088,
    5196,
    5456,
    13853,
    3924,
    945,
    696,
    437,
    580,
    538,
    516,
    511,
    506,
    536,
    468,
    517,
    612,
    531,
    447,
    11278,
    1821,
    1682,
    1481,
    1512,
    1475,
    1596,
    1724,
    1539,
    1481,
    1570,
    1545,
    1561,
    1681,
    2607,
    2222,
    7431,
    7167,
    928,
    4243,
    1460,
    854,
    1851,
    837,
    1830,
    1317,
    1176,
    1188,
    1211,
    3901,
    1732,
    28146,
    4825,
    5399,
    6859,
    4694,
    6005,
    3789,
    3256,
    2393,
    1413,
    1305,
    863,
    1032,
    1619,
    1491,
    12709,
    3804,
    3451,
    1802,
    1484,
    1490,
    1551,
    1598,
    1740,
    1601,
    1620,
    1647,
    1679,
    1819,
    1537,
    1579,
    5966,
    1497,
    1640,
    531,
    483,
    451,
    527,
    559,
    559,
    596,
    540,
    537,
    583,
    625,
    551,
    579,
    1214
  ],
  "frame_rasterizer_times": [
    8936,
    18000,
    10279,
    9222,
    8737,
    9283,
    8992,
    9103,
    9133,
    9100,
    9933,
    9990,
    9050,
    9276,
    8704,
    9164,
    8943,
    9411,
    8530,
    9118,
    9096,
    8896,
    9083,
    10339,
    9559,
    8880,
    8801,
    8882,
    5271,
    6365,
    4272,
    4946,
    6644,
    5180,
    4877,
    9393,
    8762,
    9807,
    9077,
    7143,
    6315,
    4895,
    4803,
    5198,
    4638,
    5380,
    4929,
    4859,
    4877,
    4997,
    4228,
    4999,
    4246,
    4928,
    4825,
    4968,
    4979,
    4152,
    4820,
    4693,
    5040,
    4796,
    4811,
    4105,
    4828,
    4196,
    4880,
    4297,
    4602,
    4909,
    4958,
    4969,
    5030,
    4970,
    4968,
    5273,
    4965,
    5339,
    3984,
    5198,
    4460,
    7366,
    80329,
    78125,
    20509,
    13222,
    11197,
    13249,
    9371,
    6829,
    6892,
    6808,
    5360,
    5528,
    5337,
    5226,
    5348,
    5553,
    5727,
    5401,
    8482,
    5519,
    5981,
    5720,
    5257,
    5202,
    8042,
    5309,
    5235,
    5128,
    5188,
    4830,
    5634,
    9216,
    5030,
    8613,
    4777,
    5966,
    7885,
    7646,
    5867,
    5876,
    5673,
    5706,
    4949,
    5728,
    7249,
    5661,
    5022,
    5655,
    5569,
    4891,
    7383,
    6613,
    7029,
    11647,
    11884,
    10743,
    9979,
    11279,
    10411,
    10629,
    10134,
    10411,
    10380,
    10326,
    10682,
    10707,
    11246,
    7550,
    9560,
    5646,
    5319,
    5347,
    5247,
    5448,
    5328,
    5365,
    5285,
    5453,
    5996,
    5474,
    5299,
    9631,
    6080,
    7021,
    5468,
    5366,
    5745,
    5998,
    5879,
    5506,
    5760,
    5812,
    5804,
    6171,
    5638,
    8754,
    5186,
    5684,
    5569,
    5002,
    5656,
    5683,
    5536,
    5666,
    4901,
    5113,
    6752,
    6263,
    10931,
    12297,
    12860,
    11904,
    11072,
    7863,
    10088,
    9778,
    10513,
    10730,
    10488,
    10018,
    10646,
    10194,
    10394,
    10160,
    10659,
    10966,
    10839,
    11499,
    11428,
    9523,
    10122,
    10511,
    9766,
    11213,
    10558,
    10030,
    11039,
    10715,
    10990,
    11015,
    10206,
    11232,
    10214,
    10735,
    11392
  ],