{
  "average_frame_build_time_millis": 3.586849557522122,
  "90th_percentile_frame_build_time_millis": 9.097,
  "99th_percentile_frame_build_time_millis": 18.687,
  "worst_frame_build_time_millis": 62.476,
  "missed_frame_build_budget_count": 3,
  "average_frame_rasterizer_time_millis": 8.445151111111107,
  "stddev_frame_rasterizer_time_millis": 3.3318244345679013,
  "90th_percentile_frame_rasterizer_time_millis": 10.861,
  "99th_percentile_frame_rasterizer_time_millis": 46.425,
  "worst_frame_rasterizer_time_millis": 72.871,
  "missed_frame_rasterizer_budget_count": 9,
  "frame_count": 226,
  "frame_rasterizer_count": 225,
  "new_gen_gc_count": 8,
  "old_gen_gc_count": 4,
  "frame_build_times": [
    14157,
    2736,
    1327,
    1224,
    1281,
    1322,
    1149,
    1265,
    1473,
    1316,
    1312,
    1252,
    1241,
    1294,
    1364,
    1268,
    1378,
    1467,
    1337,
    1364,
    1289,
    1296,
    1402,
    1254,
    1298,
    1438,
    1314,
    1335,
    1433,
    1406,
    1375,
    1382,
    1323,
    5024,
    3782,
    6419,
    3793,
    8254,
    1658,
    1244,
    2837,
    2379,
    9600,
    1694,
    1651,
    2042,
    1699,
    1361,
    9719,
    9097,
    9074,
    10712,
    10308,
    9984,
    7282,
    9167,
    8531,
    10076,
    6913,
    6253,
    6313,
    10019,
    15122,
    9250,
    10033,
    11458,
    10004,
    6788,
    7216,
    8855,
    8779,
    7473,
    7682,
    8975,
    8227,
    9191,
    6768,
    1044,
    2038,
    1166,
    1872,
    610,
    1441,
    62476,
    18687,
    7049,
    3627,
    4534,
    4670,
    4734,
    4140,
    6866,
    4838,
    6433,
    5505,
    5400,
    3791,
    29204,
    756,
    5523,
    1160,
    567,
    477,
    447,
    447,
    479,
    652,
    478,
    508,
    459,
    463,
    479,
    444,
    11354,
    1938,
    1755,
    1655,
    1658,
    1735,
    1435,
    1535,
    1634,
    1560,
    1682,
    1576,
    1525,
    1584,
    1647,
    1612,
    7016,
    2231,
    2259,
    487,
    492,
    1372,
    1365,
    1819,
    2809,
    2198,
    1224,
    814,
    867,
    1244,
    741,
    936,
    10044,
    1997,
    1481,
    1567,
    1537,
    1455,
    1508,
    1553,
    1729,
    1687,
    1686,
    1597,
    1512,
    1711,
    1569,
    1554,
    7321,
    3235,
    3146,
    476,
    502,
    511,
    515,
    479,
    535,
    567,
    490,
    518,
    556,
    495,
    520,
    481,
    10989,
    1747,
    3099,
    3934,
    5392,
    5809,
    5107,
    4209,
    2672,
    5712,
    4111,
    4757,
    2934,
    5026,
    4202,
    3067,
    11508,
    3860,
    1734,
    1435,
    1315,
    1516,
    1086,
    1610,
    1571,
    1523,
    1581,
    3609,
    1681,
    1684,
    1631,
    1621,
    6121,
    1597,
    479,
    485,
    496,
    457,
    490,
    559,
    527,
    468,
    531,
    495,
    525,
    670,
    581,
    472,
    1408
  ],
  "frame_rasterizer_times": [
    7043,
    8177,
    9195,
    8588,
    8648,
    8847,
    9190,
    8969,
    9293,
    8469,
    9685,
    8779,
    9484,
    10154,
    8515,
    16505,
    9785,
    8593,
    9173,
    9065,
    9384,
    9107,
    9359,
    8920,
    8702,
    8987,
    8840,
    9256,
    8477,
    9579,
    8850,
    8708,
    8748,
    5641,
    6663,
    5062,
    6266,
    4946,
    8774,
    8441,
    8365,
    8279,
    7309,
    8601,
    5184,
    4879,
    5033,
    4095,
    5017,
    4972,
    4987,
    5025,
    5071,
    4252,
    5025,
    4921,
    4919,
    4982,
    5044,
    5025,
    4112,
    4936,
    4772,
    7101,
    4928,
    4224,
    5077,
    4988,
    4205,
    4942,
    4920,
    5005,
    4911,
    4850,
    4888,
    4834,
    4941,
    3887,
    4808,
    4295,
    4284,
    4538,
    4025,
    5175,
    63848,
    72871,
    46425,
    29568,
    22744,
    19738,
    17613,
    10622,
    5136,
    5097,
    5455,
    5475,
    5113,
    7641,
    7296,
    7635,
    31091,
    6905,
    11383,
    14862,
    13677,
    9662,
    11870,
    9567,
    9652,
    10016,
    9422,
    10961,
    10599,
    8142,
    10403,
    10463,
    10399,
    10331,
    10089,
    10887,
    10918,
    10342,
    10343,
    11369,
    10523,
    10565,
    10485,
    9634,
    11181,
    9591,
    10587,
    10357,
    10520,
    10719,
    9887,
    9655,
    8434,
    9580,
    8215,
    8357,
    10357,
    6716,
    7063,
    6256,
    14622,
    7433,
    11210,
    6037,
    5462,
    5445,
    5793,
    5670,
    5373,
    5319,
    5672,
    5406,
    5331,
    5395,
    5712,
    5379,
    5557,
    5808,
    5658,
    5644,
    5282,
    5139,
    5290,
    5203,
    5514,
    5354,
    5446,
    5382,
    5259,
    5218,
    5227,
    5235,
    5406,
    7087,
    7457,
    5804,
    7988,
    4800,
    5488,
    5550,
    5008,
    5572,
    5696,
    5634,
    5497,
    5506,
    4996,
    5691,
    4883,
    6988,
    10419,
    6656,
    5933,
    7186,
    11290,
    11905,
    10861,
    10253,
    10001,
    10402,
    10334,
    10476,
    10488,
    10089,
    10384,
    7477,
    5470,
    5236,
    5101,
    5197,
    6322,
    5100,
    5435,
    5353,
    5426,
    5225,
    5309,
    5280,
    5248,
    5589,
    5378
  ],