{
  "average_frame_build_time_millis": 3.7972456140350848,
  "90th_percentile_frame_build_time_millis": 8.941,
  "99th_percentile_frame_build_time_millis": 13.392,
  "worst_frame_build_time_millis": 47.318,
  "missed_frame_build_budget_count": 2,
  "average_frame_rasterizer_time_millis": 7.862646017699118,
  "stddev_frame_rasterizer_time_millis": 2.5834428694494482,
  "90th_percentile_frame_rasterizer_time_millis": 10.56,
  "99th_percentile_frame_rasterizer_time_millis": 26.461,
  "worst_frame_rasterizer_time_millis": 55.209,
  "missed_frame_rasterizer_budget_count": 8,
  "frame_count": 228,
  "frame_rasterizer_count": 226,
  "new_gen_gc_count": 6,
  "old_gen_gc_count": 2,
  "frame_build_times": [
    6820,
    1287,
    1268,
    1156,
    1283,
    1316,
    1215,
    1290,
    1386,
    1416,
    1375,
    1424,
    1624,
    1360,
    1413,
    1359,
    1350,
    1468,
    1387,
    1327,
    1360,
    1368,
    1349,
    1397,
    1549,
    1483,
    1362,
    1262,
    1345,
    1399,
    1404,
    1387,
    5373,
    5715,
    4293,
    5176,
    6489,
    10669,
    1159,
    1509,
    1432,
    3420,
    10387,
    1103,
    1450,
    1422,
    1508,
    11257,
    11168,
    10355,
    5929,
    7770,
    8941,
    10737,
    6654,
    2726,
    7334,
    11127,
    9062,
    7017,
    9722,
    13392,
    10730,
    2841,
    6474,
    7661,
    8620,
    8299,
    8033,
    9478,
    8686,
    11071,
    8803,
    6983,
    5704,
    11423,
    8268,
    47318,
    11061,
    5982,
    2685,
    1611,
    1249,
    1654,
    1738,
    1666,
    1545,
    1533,
    1680,
    1615,
    1541,
    1609,
    1640,
    1473,
    1474,
    1706,
    1513,
    1529,
    12215,
    554,
    4865,
    1091,
    477,
    463,
    460,
    426,
    523,
    610,
    525,
    525,
    494,
    1608,
    1390,
    1156,
    1161,
    2616,
    12126,
    5334,
    1519,
    5277,
    6095,
    4868,
    4838,
    4914,
    4257,
    7083,
    5588,
    5003,
    6161,
    5102,
    7207,
    5913,
    21914,
    2401,
    1873,
    1099,
    1193,
    1390,
    2201,
    1941,
    1280,
    573,
    1732,
    1324,
    1818,
    1331,
    1624,
    11475,
    4172,
    3677,
    4557,
    6877,
    4919,
    4718,
    8051,
    4366,
    5409,
    4554,
    7197,
    7048,
    7332,
    3502,
    4370,
    13363,
    3900,
    1654,
    1284,
    888,
    3026,
    2118,
    1294,
    3732,
    1994,
    1667,
    1871,
    1189,
    1188,
    1276,
    1334,
    11514,
    5329,
    1358,
    1717,
    1359,
    1629,
    5739,
    3416,
    1525,
    1459,
    1195,
    1550,
    1127,
    1195,
    1228,
    1235,
    12094,
    3666,
    3500,
    1502,
    1491,
    1381,
    1504,
    1669,
    1608,
    1530,
    1634,
    1586,
    1632,
    1527,
    1570,
    1547,
    6362,
    1634,
    1477,
    471,
    512,
    506,
    555,
    556,
    670,
    557,
    465,
    1137,
    1311,
    2040,
    1861,
    1608,
    1513
  ],
  "frame_rasterizer_times": [
    8489,
    9150,
    8810,
    8432,
    9040,
    8638,
    10222,
    9450,
    9348,
    9317,
    8866,
    8926,
    9840,
    8962,
    8675,
    8878,
    9241,
    8963,
    8952,
    9561,
    9303,
    9619,
    9114,
    9451,
    10159,
    10661,
    10109,
    9287,
    9215,
    9638,
    9356,
    4764,
    5136,
    5576,
    5059,
    5131,
    4896,
    9252,
    8416,
    8494,
    7992,
    6859,
    8215,
    5067,
    4879,
    4939,
    5133,
    4860,
    4994,
    4016,
    5004,
    4948,
    5075,
    5593,
    4277,
    4731,
    4927,
    4962,
    4958,
    4335,
    4941,
    4096,
    3900,
    7004,
    4084,
    4990,
    5660,
    4487,
    4940,
    5074,
    5088,
    4302,
    4319,
    4926,
    5718,
    4929,
    7335,
    55209,
    28120,
    26461,
    16929,
    16752,
    16764,
    16225,
    14673,
    10831,
    6697,
    6700,
    6885,
    6782,
    6932,
    5485,
    5316,
    5430,
    5449,
    5291,
    5604,
    9241,
    7791,
    5566,
    5251,
    7021,
    5173,
    5020,
    5178,
    5217,
    8269,
    5163,
    5191,
    5119,
    7852,
    5097,
    5202,
    5833,
    6185,
    8733,
    6313,
    9173,
    9268,
    9230,
    8498,
    9976,
    9239,
    8866,
    7524,
    8068,
    16280,
    11564,
    8064,
    9331,
    7754,
    7082,
    6279,
    5601,
    4849,
    6082,
    5650,
    5683,
    5439,
    5456,
    5255,
    5180,
    5690,
    5555,
    5721,
    5056,
    6319,
    8340,
    5358,
    5555,
    4938,
    5694,
    5486,
    4781,
    5499,
    4813,
    5803,
    5637,
    7837,
    5317,
    5314,
    5643,
    7489,
    7868,
    5155,
    6768,
    5148,
    5673,
    5234,
    5834,
    5272,
    5928,
    5715,
    5845,
    5039,
    5044,
    5702,
    5871,
    8146,
    9400,
    6643,
    6441,
    5439,
    5466,
    5058,
    5011,
    7159,
    5351,
    7220,
    11504,
    11463,
    10312,
    10247,
    10561,
    5647,
    9658,
    9514,
    10056,
    10422,
    10398,
    10429,
    10513,
    11072,
    11160,
    10560,
    10378,
    11175,
    10345,
    10014,
    10378,
    9076,
    10795,
    10656,
    10769,
    10037,
    10306,
    10601,
    10199,
    10209,
    10394,
    10440,
    9425,
    10242,
    8942,
    8522,
    6970
  ],