{
  "average_frame_build_time_millis": 2.58011520737327,
  "90th_percentile_frame_build_time_millis": 5.718,
  "99th_percentile_frame_build_time_millis": 13.508,
  "worst_frame_build_time_millis": 32.811,
  "missed_frame_build_budget_count": 2,
  "average_frame_rasterizer_time_millis": 7.505222222222225,
  "stddev_frame_rasterizer_time_millis": 2.3152273662551446,
  "90th_percentile_frame_rasterizer_time_millis": 9.649,
  "99th_percentile_frame_rasterizer_time_millis": 26.423,
  "worst_frame_rasterizer_time_millis": 56.87,
  "missed_frame_rasterizer_budget_count": 5,
  "frame_count": 217,
  "frame_rasterizer_count": 216,
  "new_gen_gc_count": 10,
  "old_gen_gc_count": 2,
  "frame_build_times": [
    4529,
    4567,
    8700,
    515,
    6173,
    782,
    465,
    480,
    513,
    460,
    443,
    6547,
    1267,
    1254,
    1333,
    1299,
    1228,
    1160,
    1287,
    1295,
    1378,
    1564,
    1229,
    1333,
    1278,
    1460,
    1362,
    1274,
    1415,
    1401,
    1393,
    1208,
    1352,
    1427,
    1404,
    1360,
    1320,
    1332,
    1408,
    1339,
    1352,
    1302,
    1212,
    3066,
    3506,
    4283,
    4417,
    4375,
    8511,
    1480,
    1376,
    1534,
    1550,
    16950,
    5097,
    1154,
    1516,
    2252,
    1363,
    32811,
    13508,
    7334,
    3554,
    3376,
    3510,
    3327,
    3343,
    3291,
    5603,
    3513,
    3163,
    3161,
    3154,
    3121,
    2996,
    2837,
    2871,
    2952,
    2925,
    3056,
    11603,
    3202,
    3200,
    3221,
    524,
    550,
    516,
    540,
    460,
    4746,
    1133,
    471,
    463,
    466,
    467,
    406,
    542,
    573,
    460,
    524,
    468,
    460,
    554,
    546,
    492,
    11329,
    1747,
    1568,
    1528,
    7251,
    6373,
    5562,
    8887,
    6032,
    6449,
    2597,
    3146,
    4165,
    3697,
    3109,
    3032,
    7293,
    2241,
    558,
    661,
    2341,
    1751,
    1818,
    1864,
    1412,
    2705,
    1485,
    2059,
    1941,
    2348,
    1291,
    1260,
    12775,
    2827,
    4456,
    5718,
    4778,
    6081,
    4919,
    4267,
    1540,
    1874,
    1340,
    995,
    1282,
    1643,
    1669,
    1642,
    7184,
    2964,
    533,
    516,
    464,
    434,
    463,
    497,
    532,
    510,
    492,
    552,
    549,
    571,
    456,
    11270,
    1733,
    1420,
    1391,
    1478,
    1443,
    1324,
    1348,
    1503,
    1575,
    1585,
    1457,
    1532,
    1525,
    1405,
    1404,
    11505,
    3662,
    3310,
    1536,
    1520,
    1630,
    1559,
    1555,
    1458,
    1562,
    1595,
    1462,
    1628,
    1502,
    1569,
    1412,
    6036,
    1606,
    1453,
    431,
    436,
    424,
    430,
    467,
    523,
    505,
    490,
    480,
    461,
    487,
    463,
    521,
    968
  ],
  "frame_rasterizer_times": [
    8895,
    8968,
    7171,
    10802,
    7043,
    9180,
    9229,
    10097,
    9158,
    9477,
    9643,
    5596,
    8516,
    8585,
    8866,
    8435,
    8658,
    8928,
    8668,
    8776,
    8965,
    8907,
    9050,
    8844,
    9126,
    8327,
    9649,
    9377,
    9231,
    8871,
    9083,
    9743,
    9217,
    9239,
    8927,
    8963,
    8919,
    9176,
    9416,
    10152,
    8917,
    8841,
    9071,
    6057,
    5900,
    5490,
    5220,
    5563,
    4913,
    8562,
    8962,
    8012,
    8335,
    8003,
    7768,
    4088,
    5055,
    4869,
    4988,
    7391,
    56870,
    28070,
    26423,
    16338,
    15308,
    14964,
    14111,
    12102,
    6649,
    6957,
    6832,
    6931,
    6835,
    6963,
    5591,
    5353,
    5425,
    5435,
    5400,
    5706,
    5691,
    5502,
    5418,
    8344,
    5272,
    7232,
    5080,
    5335,
    5375,
    8243,
    6630,
    5407,
    5231,
    5276,
    5308,
    5457,
    5471,
    5535,
    5211,
    5778,
    5494,
    5454,
    5183,
    5607,
    5538,
    8493,
    7918,
    5249,
    5549,
    5713,
    5423,
    5923,
    5490,
    5564,
    4792,
    7667,
    12036,
    8187,
    7220,
    6862,
    7586,
    6886,
    6718,
    5585,
    6243,
    5737,
    5575,
    5527,
    5702,
    5652,
    5657,
    5455,
    5705,
    5486,
    4720,
    5924,
    5648,
    9830,
    9816,
    8665,
    8046,
    8526,
    7866,
    7773,
    7571,
    7729,
    22601,
    11231,
    11555,
    9481,
    10597,
    10583,
    11240,
    9617,
    5631,
    5380,
    5696,
    5942,
    8428,
    5286,
    5239,
    5277,
    5198,
    5191,
    5131,
    5505,
    5239,
    5497,
    5648,
    7742,
    5435,
    5367,
    5355,
    5246,
    5215,
    5350,
    8314,
    5312,
    5774,
    5355,
    5405,
    5419,
    5350,
    5544,
    5813,
    7224,
    5780,
    5562,
    8573,
    5592,
    5452,
    5309,
    5350,
    5334,
    5297,
    5317,
    5319,
    5341,
    5462,
    5628,
    5790,
    5535,
    5731,
    5260,
    5263,
    5380,
    5101,
    5223,
    5401,
    5237,
    5178,
    5158,
    6803,
    5362,
    5565,
    5485
  ],
  "frame_begin_times": [
    0,
    16741,
    33436,
    50058,
    66942,
    83555,
    100279,
    117024,
    133643,
    150296,
    167036,
    183792,
    200628,
    217208,
    233931,
    250844,
    267387,
    284058,
    301052,
    317730,
    334392,
    351203,
    367803,
    384678,
    401036,
    418244,
    434556,
    451556,
    468121,
    484827,
    501574,
    518013,
    534901,
    551644,
    568555,
    585049,
    601860,
    618678,
    634913,
    651844,
    668648,
    685477,
    702048,
    719438,
    735668,
    752507,
    769651,
    786056,
    802709,
    819898,
    836271,
    853972,
    869280,
    903198,
    936880,
    953940,
    971230,
    986643,
    1003836,
    1052898,
    1102589,
    1119582,
    1169493,
    1202946,
    1236373,
    1253295,
    1270092,
    1286432,
    1303579,
    1320188,
    1336558,
    1353664,
    1369948,
    1386826,
    1403428,
    1420231,
    1437044,
    1453835,
    1470587,
    1486937,
    1503576,
    1520260,
    1537076,
    1553837,
    1570367,
    1587196,
    1603845,
    1620589,
    1637707,
    1654185,
    1670638,
    1687888,
    1704322,
    1720833,
    1737463,
    1754814,
    1771221,
    1788062,
    1804762,
    1821345,
    1837890,
    1854491,
    1871546,
    1888326,
    1904553,
    1921274,
    1938346,
    1954806,
    1971400,
    1989074,
    2005476,
    2022662,
    2039027,
    2056023,
    2072223,
    2097726,
    2105460,
    2122501,
    2138810,
    2155716,
    2172083,
    2205415,
    2221993,
    2239691,
    2256533,
    2274287,
    2289792,
    2307734,
    2323035,
    2339905,
    2356795,
    2373452,
    2389616,
    2406939,
    2423149,
    2440548,
    2457207,
    2489120,
    2506340,
    2523870,
    2540383,
    2557425,
    2574200,
    2590300,
    2609425,
    2623014,
    2639702,
    2660123,
    2673063,
    2689882,
    2706796,
    2723616,
    2740082,
    2773300,
    2790126,
    2807125,
    2823678,
    2840511,
    2857377,
    2873905,
    2890604,
    2906951,
    2924034,
    2940678,
    2957621,
    2974106,
    2991279,
    3007519,
    3023939,
    3040618,
    3057378,
    3074027,
    3090833,
    3107600,
    3124217,
    3140821,
    3158524,
    3174330,
    3192155,
    3208043,
    3224787,
    3241135,
    3258152,
    3274490,
    3291296,
    3308012,
    3324733,
    3341426,
    3358127,
    3374905,
    3391675,
    3408198,
    3424898,
    3441982,
    3458624,
    3475432,
    3491941,
    3508686,
    3525430,
    3541769,
    3558757,
    3575249,
    3592812,
    3608688,
    3625878,
    3642380,
    3658947,
    3675916,
    3692539,
    3709160,
    3725860,
    3742603,
    3759295,
    3776181,
    3792476,
    3808993,
    3927211
  ],