{
  "average_frame_build_time_millis": 2.1720497737556563,
  "90th_percentile_frame_build_time_millis": 4.268,
  "99th_percentile_frame_build_time_millis": 13.156,
  "worst_frame_build_time_millis": 21.17,
  "missed_frame_build_budget_count": 1,
  "average_frame_rasterizer_time_millis": 8.807662100456616,
  "stddev_frame_rasterizer_time_millis": 2.911308688309252,
  "90th_percentile_frame_rasterizer_time_millis": 11.723,
  "99th_percentile_frame_rasterizer_time_millis": 33.039,
  "worst_frame_rasterizer_time_millis": 68.421,
  "missed_frame_rasterizer_budget_count": 10,
  "frame_count": 221,
  "frame_rasterizer_count": 219,
  "new_gen_gc_count": 10,
  "old_gen_gc_count": 2,
  "frame_build_times": [
    8623,
    477,
    6039,
    891,
    535,
    451,
    438,
    578,
    491,
    6841,
    1465,
    1496,
    1212,
    1229,
    1212,
    1395,
    1334,
    1554,
    1361,
    1261,
    1323,
    1455,
    1346,
    1319,
    1375,
    1358,
    1442,
    1485,
    1372,
    1566,
    1415,
    1344,
    1485,
    1549,
    1412,
    1235,
    1286,
    1466,
    1351,
    1222,
    1533,
    4172,
    4268,
    2828,
    1564,
    1445,
    5422,
    606,
    1309,
    763,
    743,
    8231,
    879,
    519,
    804,
    955,
    997,
    804,
    21170,
    10668,
    5720,
    2520,
    5212,
    3686,
    4242,
    4849,
    4152,
    2724,
    3107,
    2930,
    2546,
    2937,
    3070,
    6021,
    3860,
    3539,
    3341,
    3125,
    13156,
    3269,
    3338,
    3603,
    3512,
    3510,
    3542,
    4082,
    2607,
    3119,
    3170,
    471,
    1634,
    517,
    560,
    451,
    5037,
    1091,
    576,
    550,
    580,
    595,
    610,
    681,
    527,
    600,
    552,
    613,
    559,
    506,
    587,
    626,
    11942,
    1565,
    1316,
    1616,
    5129,
    1353,
    1599,
    1334,
    1258,
    7136,
    1226,
    1233,
    1261,
    1280,
    1395,
    1265,
    6417,
    2075,
    1961,
    410,
    403,
    300,
    415,
    465,
    564,
    1671,
    734,
    369,
    485,
    735,
    669,
    599,
    10542,
    1904,
    1492,
    1852,
    1633,
    1654,
    2598,
    2034,
    1440,
    1433,
    2425,
    1671,
    1740,
    1277,
    1425,
    8123,
    3511,
    3267,
    3492,
    580,
    489,
    556,
    672,
    707,
    556,
    560,
    595,
    851,
    569,
    576,
    559,
    8683,
    1734,
    1584,
    1680,
    1511,
    1521,
    1790,
    1426,
    1655,
    1753,
    1540,
    1456,
    1577,
    1556,
    1797,
    1580,
    14244,
    4248,
    1463,
    1476,
    1533,
    1613,
    1720,
    1511,
    1584,
    1606,
    1745,
    1654,
    1734,
    1695,
    1523,
    6387,
    1558,
    1544,
    1476,
    568,
    489,
    471,
    482,
    582,
    698,
    605,
    557,
    561,
    531,
    525,
    446,
    607
  ],
  "frame_rasterizer_times": [
    9661,
    7116,
    9786,
    10584,
    9482,
    9079,
    8571,
    8550,
    8121,
    7593,
    4824,
    7289,
    6810,
    6554,
    7197,
    7109,
    6087,
    6373,
    6620,
    6947,
    7615,
    7297,
    7090,
    8244,
    7386,
    6904,
    6426,
    7386,
    7708,
    6785,
    6980,
    7547,
    6696,
    7057,
    7745,
    7522,
    7395,
    7540,
    7401,
    7539,
    4849,
    5039,
    5175,
    7516,
    7426,
    4924,
    6630,
    6614,
    6447,
    7741,
    4379,
    6605,
    7909,
    6726,
    7235,
    7418,
    7413,
    6751,
    68421,
    33039,
    35042,
    20983,
    21803,
    22808,
    21194,
    18421,
    15720,
    15292,
    14726,
    15246,
    13616,
    12662,
    5678,
    7910,
    8446,
    5879,
    7298,
    6514,
    8206,
    7261,
    7728,
    7310,
    9893,
    7110,
    5918,
    7150,
    5676,
    6832,
    7002,
    10658,
    7615,
    7760,
    7861,
    7558,
    8399,
    7609,
    8355,
    7698,
    10260,
    9049,
    7139,
    7611,
    8262,
    8854,
    8412,
    8026,
    8640,
    9461,
    8770,
    4702,
    20673,
    11602,
    12119,
    11026,
    9782,
    5560,
    4770,
    4945,
    5650,
    4093,
    5875,
    6709,
    8529,
    6882,
    5970,
    4760,
    5561,
    5339,
    5922,
    5232,
    6078,
    5003,
    7408,
    6825,
    7501,
    5699,
    6310,
    7567,
    7128,
    7952,
    7685,
    6507,
    6484,
    5422,
    6483,
    5860,
    5823,
    5990,
    6135,
    4803,
    5095,
    5205,
    5070,
    4540,
    4003,
    5836,
    17509,
    12747,
    10987,
    8897,
    8223,
    7408,
    7722,
    7514,
    8391,
    7772,
    8655,
    7664,
    7845,
    7114,
    8112,
    14246,
    5162,
    5559,
    5401,
    5643,
    5442,
    6071,
    8947,
    5773,
    5642,
    5600,
    6274,
    5441,
    5605,
    5523,
    5634,
    5867,
    13415,
    11994,
    11317,
    8362,
    10388,
    10947,
    10956,
    10786,
    10041,
    10086,
    10659,
    10881,
    10872,
    10229,
    12059,
    10208,
    11291,
    10764,
    11723,
    10799,
    10544,
    10086,
    11455,
    10425,
    11473,
    10515,
    10426,
    9794,
    10278,
    10532,
    10876
  ],
  "frame_begin_times": [
    0,
    16495,
    33670,
    50135,
    66728,
    84089,
    100703,
    116663,
    133854,
    150109,
    167089,
    186392,
    200603,
    216932,
    233502,
    250557,
    267397,
    284377,
    300770,
    317215,
    334040,
    350512,
    367696,
    384318,
    400569,
    417787,
    434721,
    451345,
    467455,
    484436,
    500966,
    517857,
    534592,
    551353,
    567959,
    584342,
    601372,
    617817,
    634820,
    651584,
    668223,
    684950,
    701567,
    718330,
    735207,
    751771,
    769027,
    785573,
    802479,
    818743,
    835608,
    852046,
    868691,
    885374,
    902181,
    918680,
    935508,
    952216,
    985391,
    1019242,
    1036342,
    1102509,
    1136141,
    1169158,
    1186845,
    1219966,
    1236418,
    1253483,
    1269793,
    1286302,
    1303202,
    1319813,
    1336329,
    1353062,
    1370053,
    1386858,
    1403445,
    1420054,
    1436577,
    1453230,
    1469934,
    1486940,
    1503397,
    1520074,
    1536756,
    1553593,
    1570140,
    1588315,
    1603674,
    1620372,
    1637074,
    1653863,
    1670622,
    1687288,
    1703879,
    1720595,
    1737401,
    1753933,
    1771025,
    1787570,
    1804661,
    1821304,
    1837932,
    1854275,
    1871136,
    1888151,
    1905022,
    1921156,
    1937923,
    1954592,
    1971413,
    1987929,
    2004576,
    2021392,
    2039479,
    2054916,
    2071697,
    2088093,
    2105340,
    2121429,
    2138324,
    2154889,
    2172052,
    2188965,
    2205591,
    2221718,
    2238587,
    2255237,
    2271853,
    2288721,
    2305299,
    2321954,
    2338630,
    2355722,
    2372482,
    2389376,
    2406487,
    2422222,
    2438938,
    2455941,
    2472512,
    2489440,
    2522430,
    2539381,
    2556105,
    2572697,
    2589518,
    2606635,
    2622819,
    2639743,
    2656163,
    2673416,
    2689988,
    2706699,
    2723192,
    2739791,
    2756239,
    2773086,
    2789871,
    2806653,
    2823357,
    2840213,
    2857193,
    2873507,
    2890622,
    2907231,
    2923862,
    2940548,
    2957502,
    2974025,
    2990615,
    3007470,
    3023797,
    3057710,
    3073798,
    3090509,
    3107379,
    3124118,
    3140852,
    3157371,
    3173849,
    3191005,
    3207650,
    3224468,
    3241006,
    3257615,
    3274573,
    3291071,
    3307930,
    3341181,
    3357746,
    3374776,
    3391454,
    3408098,
    3424758,
    3441509,
    3458127,
    3475256,
    3491942,
    3508692,
    3524997,
    3542136,
    3558439,
    3575240,
    3591916,
    3608631,
    3625424,
    3641910,
    3658751,
    3675461,
    3692225,
    3708731,
    3725489,
    3742540,
    3759008,
    3775686,
    3792668,
    3809215,
    3825999,
    3842321,
    3960169
  ],