{
  "average_frame_build_time_millis": 3.1904713656387673,
  "90th_percentile_frame_build_time_millis": 8.325,
  "99th_percentile_frame_build_time_millis": 14.872,
  "worst_frame_build_time_millis": 21.509,
  "missed_frame_build_budget_count": 1,
  "average_frame_rasterizer_time_millis": 8.503951111111109,
  "stddev_frame_rasterizer_time_millis": 3.2648896395061735,
  "90th_percentile_frame_rasterizer_time_millis": 11.235,
  "99th_percentile_frame_rasterizer_time_millis": 31.93,
  "worst_frame_rasterizer_time_millis": 67.376,
  "missed_frame_rasterizer_budget_count": 8,
  "frame_count": 227,
  "frame_rasterizer_count": 225,
  "new_gen_gc_count": 10,
  "old_gen_gc_count": 2,
  "frame_build_times": [
    6668,
    1375,
    1326,
    1260,
    1416,
    2055,
    1305,
    1339,
    1227,
    1218,
    1374,
    1394,
    1223,
    1267,
    1227,
    1335,
    1535,
    1276,
    1304,
    1193,
    1294,
    1507,
    1432,
    1313,
    1382,
    1271,
    1306,
    1347,
    1387,
    1235,
    1329,
    1336,
    6831,
    3844,
    6350,
    4558,
    6526,
    9318,
    1138,
    1283,
    1369,
    2944,
    15335,
    1743,
    11924,
    7495,
    9601,
    10754,
    7181,
    8244,
    8055,
    12149,
    7210,
    6596,
    6869,
    11972,
    8325,
    10353,
    13973,
    6386,
    3051,
    9266,
    9161,
    11256,
    6546,
    7623,
    6817,
    9697,
    11036,
    9456,
    10528,
    8224,
    6465,
    7798,
    1625,
    1512,
    21509,
    13066,
    6637,
    3100,
    1680,
    1611,
    1542,
    1610,
    1652,
    1795,
    1677,
    1646,
    1591,
    1543,
    1626,
    1681,
    1519,
    1494,
    1499,
    1517,
    1526,
    14872,
    379,
    5512,
    1064,
    619,
    515,
    499,
    1007,
    1996,
    1720,
    1402,
    2006,
    1173,
    1187,
    1935,
    3235,
    1849,
    1281,
    12204,
    1874,
    3941,
    5038,
    3930,
    2862,
    3351,
    3739,
    5394,
    4670,
    4428,
    6689,
    5726,
    3849,
    1590,
    1498,
    7317,
    2175,
    501,
    474,
    500,
    518,
    540,
    437,
    479,
    549,
    555,
    547,
    510,
    512,
    542,
    520,
    10971,
    1785,
    1655,
    1628,
    1566,
    1706,
    1531,
    1671,
    1645,
    1563,
    1563,
    1611,
    1683,
    1646,
    1588,
    1517,
    7530,
    2776,
    3008,
    486,
    392,
    555,
    508,
    498,
    469,
    545,
    440,
    479,
    514,
    581,
    499,
    11563,
    1711,
    1372,
    1628,
    1476,
    1552,
    1372,
    1469,
    1578,
    1470,
    1498,
    1567,
    1447,
    1399,
    1879,
    1578,
    12037,
    3706,
    3274,
    1423,
    1648,
    1685,
    1603,
    1500,
    1553,
    1598,
    1615,
    1607,
    1637,
    1577,
    1524,
    1453,
    6595,
    1271,
    1491,
    473,
    472,
    470,
    507,
    557,
    516,
    582,
    543,
    523,
    436,
    495,
    579,
    464,
    1581
  ],
  "frame_rasterizer_times": [
    7073,
    4543,
    4810,
    5062,
    4964,
    4728,
    4767,
    4587,
    4710,
    4781,
    4807,
    4879,
    5081,
    4773,
    4751,
    5029,
    4715,
    4764,
    4780,
    4900,
    5096,
    4667,
    5087,
    4905,
    5089,
    4801,
    4747,
    4696,
    4667,
    4807,
    4895,
    4542,
    5964,
    5085,
    5200,
    5194,
    4865,
    8229,
    4795,
    3854,
    4932,
    7116,
    6574,
    5145,
    6445,
    5845,
    5032,
    5845,
    4332,
    5060,
    4254,
    4918,
    5015,
    4866,
    4877,
    6602,
    4125,
    4964,
    9554,
    6935,
    5375,
    5344,
    5179,
    5754,
    5586,
    5277,
    5182,
    4959,
    4839,
    4978,
    6027,
    4843,
    5015,
    7135,
    9561,
    6386,
    67376,
    31930,
    31415,
    20896,
    19635,
    19643,
    16776,
    14281,
    13987,
    12943,
    11797,
    11456,
    9160,
    10287,
    9569,
    9372,
    9709,
    9357,
    9719,
    9479,
    7365,
    6915,
    5905,
    5596,
    8034,
    5406,
    5147,
    4861,
    7879,
    5241,
    13007,
    4956,
    5651,
    8339,
    5167,
    7355,
    5272,
    4928,
    7278,
    7129,
    5571,
    11793,
    6416,
    5263,
    5090,
    5656,
    9154,
    4561,
    5557,
    5588,
    5492,
    7727,
    11506,
    11235,
    7139,
    7151,
    5333,
    5294,
    5327,
    6346,
    5411,
    5629,
    5027,
    5215,
    5145,
    5330,
    5312,
    5189,
    5298,
    5616,
    10219,
    10334,
    10468,
    10222,
    10324,
    9849,
    10149,
    10680,
    10107,
    9659,
    10176,
    9809,
    9857,
    11112,
    10581,
    10520,
    33783,
    12788,
    11396,
    9701,
    10352,
    10385,
    10266,
    10630,
    10914,
    10160,
    10012,
    10566,
    10072,
    10089,
    11398,
    5581,
    10308,
    10934,
    10435,
    10326,
    10645,
    11358,
    10283,
    10585,
    10790,
    10597,
    10578,
    9727,
    11158,
    10324,
    11237,
    6540,
    10488,
    10114,
    10013,
    9676,
    9409,
    10520,
    10909,
    10375,
    10427,
    9791,
    10102,
    10341,
    9825,
    10833,
    10762,
    11760,
    10221,
    10496,
    10555,
    10369,
    10298,
    11095,
    10178,
    10302,
    10045,
    10550,
    9821,
    10554,
    10644,
    10191,
    10587
  ],