{
  "average_frame_build_time_millis": 3.5166343612334794,
  "90th_percentile_frame_build_time_millis": 7.997,
  "99th_percentile_frame_build_time_millis": 18.971,
  "worst_frame_build_time_millis": 23.253,
  "missed_frame_build_budget_count": 4,
  "average_frame_rasterizer_time_millis": 8.312674008810578,
  "stddev_frame_rasterizer_time_millis": 3.2517675871839167,
  "90th_percentile_frame_rasterizer_time_millis": 10.79,
  "99th_percentile_frame_rasterizer_time_millis": 31.46,
  "worst_frame_rasterizer_time_millis": 79.495,
  "missed_frame_rasterizer_budget_count": 8,
  "frame_count": 227,
  "frame_rasterizer_count": 227,
  "new_gen_gc_count": 10,
  "old_gen_gc_count": 2,
  "frame_build_times": [
    512,
    497,
    541,
    468,
    518,
    6903,
    1343,
    2813,
    4015,
    5064,
    3846,
    4920,
    3453,
    3085,
    2606,
    1390,
    1256,
    1438,
    1422,
    1528,
    1359,
    1292,
    1273,
    1367,
    1407,
    1480,
    1235,
    1303,
    1393,
    1309,
    1432,
    1347,
    1247,
    1302,
    1375,
    1467,
    1293,
    1255,
    1356,
    1260,
    1268,
    1377,
    2296,
    609,
    481,
    1486,
    1343,
    15643,
    2493,
    8317,
    8566,
    7117,
    6660,
    6824,
    6858,
    7798,
    8778,
    8955,
    12963,
    8037,
    7777,
    7964,
    9509,
    18971,
    13155,
    10881,
    7328,
    8145,
    8686,
    6792,
    7635,
    7359,
    8045,
    7997,
    8128,
    6587,
    8298,
    7099,
    1117,
    1105,
    23253,
    13083,
    6779,
    3034,
    1597,
    1522,
    1723,
    1765,
    1669,
    1576,
    1623,
    1608,
    1576,
    1708,
    1595,
    1602,
    1486,
    1419,
    1453,
    1416,
    1520,
    12483,
    436,
    4984,
    1209,
    528,
    558,
    526,
    473,
    563,
    551,
    488,
    471,
    464,
    493,
    485,
    488,
    431,
    505,
    11901,
    1904,
    2046,
    1456,
    1548,
    1618,
    5972,
    5140,
    5257,
    5169,
    7673,
    4714,
    6372,
    7871,
    3998,
    4560,
    7548,
    2770,
    532,
    412,
    519,
    553,
    617,
    1531,
    1202,
    3713,
    2104,
    1493,
    2676,
    1942,
    1335,
    1968,
    16622,
    4785,
    6078,
    6911,
    6977,
    6699,
    5703,
    5076,
    6827,
    4655,
    5916,
    7943,
    5988,
    5499,
    5073,
    7733,
    2876,
    2380,
    2399,
    1745,
    3775,
    2148,
    1354,
    2357,
    1721,
    1652,
    1957,
    2134,
    1285,
    1608,
    1463,
    21605,
    3108,
    2567,
    1108,
    1019,
    1542,
    1383,
    1559,
    1442,
    1477,
    1521,
    1430,
    11910,
    3735,
    3471,
    1520,
    1733,
    1674,
    1699,
    1587,
    1582,
    1647,
    1662,
    1738,
    1592,
    1493,
    1604,
    1604,
    6437,
    1447,
    1575,
    460,
    437,
    437,
    470,
    528,
    547,
    508,
    518,
    447,
    551,
    461,
    541,
    520,
    967
  ],
  "frame_rasterizer_times": [
    10290,
    9387,
    12627,
    9311,
    9012,
    9561,
    6028,
    8456,
    5014,
    5330,
    5205,
    5196,
    5704,
    4987,
    5533,
    5084,
    7680,
    9418,
    9435,
    9632,
    10063,
    8767,
    8839,
    9493,
    10774,
    10101,
    9348,
    9635,
    9017,
    9229,
    9680,
    9240,
    9483,
    9745,
    10790,
    8952,
    9526,
    9665,
    8764,
    9492,
    8966,
    9286,
    9486,
    8959,
    10555,
    9427,
    8881,
    8829,
    7764,
    7988,
    5062,
    5084,
    4897,
    4911,
    4274,
    4870,
    4359,
    4841,
    4871,
    4251,
    6972,
    4590,
    5014,
    5118,
    6976,
    4951,
    4366,
    5422,
    4823,
    4340,
    4961,
    4895,
    4901,
    4275,
    4907,
    5014,
    4168,
    4627,
    4877,
    3957,
    4935,
    5380,
    62868,
    31153,
    31460,
    19835,
    19009,
    19365,
    17238,
    14228,
    12576,
    12847,
    8840,
    6787,
    7006,
    6937,
    5487,
    5278,
    5333,
    5291,
    5311,
    5724,
    8764,
    5690,
    6045,
    5609,
    9021,
    5433,
    5171,
    5250,
    5278,
    9059,
    5127,
    5063,
    5136,
    5074,
    5282,
    8900,
    5551,
    5864,
    8272,
    5859,
    5559,
    5364,
    5802,
    5457,
    4909,
    5052,
    4886,
    5554,
    5511,
    5531,
    5533,
    4776,
    5862,
    5553,
    6518,
    5888,
    4642,
    5576,
    5226,
    5190,
    5488,
    6122,
    4765,
    5459,
    5571,
    6172,
    5582,
    5625,
    5279,
    5584,
    7319,
    7408,
    5703,
    5573,
    4638,
    5671,
    4911,
    5352,
    5691,
    4711,
    5633,
    6729,
    5726,
    4825,
    5289,
    6605,
    5304,
    5672,
    5037,
    5813,
    5663,
    5749,
    5829,
    5688,
    5775,
    5932,
    5763,
    4927,
    6009,
    5667,
    5664,
    11244,
    79495,
    12447,
    11540,
    11698,
    14490,
    13832,
    11639,
    10043,
    10064,
    10122,
    10835,
    10613,
    9853,
    9287,
    10330,
    10651,
    9843,
    10338,
    10135,
    9979,
    10000,
    10050,
    9760,
    10223,
    10436,
    10145,
    11136,
    10032,
    10169,
    11484,
    10854,
    10456,
    10308,
    9961,
    9154,
    9968,
    9483,
    9461,
    9807,
    9567,
    9143,
    8869,
    9177
  ],