{
  "average_frame_build_time_millis": 3.0787248908296942,
  "90th_percentile_frame_build_time_millis": 8.514,
  "99th_percentile_frame_build_time_millis": 12.936,
  "worst_frame_build_time_millis": 20.99,
  "missed_frame_build_budget_count": 1,
  "average_frame_rasterizer_time_millis": 6.716964912280696,
  "stddev_frame_rasterizer_time_millis": 2.212525700215448,
  "90th_percentile_frame_rasterizer_time_millis": 8.908,
  "99th_percentile_frame_rasterizer_time_millis": 28.747,
  "worst_frame_rasterizer_time_millis": 65.647,
  "missed_frame_rasterizer_budget_count": 8,
  "frame_count": 229,
  "frame_rasterizer_count": 228,
  "new_gen_gc_count": 8,
  "old_gen_gc_count": 2,
  "frame_build_times": [
    1289,
    1281,
    1428,
    1351,
    1244,
    1243,
    1433,
    1345,
    1314,
    1243,
    1262,
    1298,
    1306,
    1397,
    1319,
    1394,
    1243,
    1239,
    1301,
    1365,
    1443,
    1237,
    1244,
    1235,
    1209,
    5241,
    4650,
    6911,
    3690,
    3821,
    8676,
    2273,
    1518,
    1338,
    1276,
    9605,
    1760,
    1048,
    2441,
    1694,
    1280,
    2763,
    10688,
    9470,
    9363,
    10924,
    5784,
    7149,
    8514,
    9197,
    8339,
    8913,
    11308,
    12367,
    10111,
    6081,
    13953,
    10917,
    7605,
    9740,
    5805,
    7116,
    7923,
    7669,
    7867,
    8512,
    10581,
    11917,
    8288,
    6082,
    2993,
    3084,
    489,
    481,
    449,
    419,
    510,
    20990,
    12936,
    6484,
    3426,
    1747,
    1574,
    1616,
    1682,
    1732,
    1745,
    1501,
    1504,
    1613,
    1603,
    1696,
    1852,
    1605,
    1472,
    1525,
    1560,
    1624,
    12935,
    382,
    5075,
    1060,
    460,
    485,
    595,
    469,
    490,
    1156,
    1417,
    1058,
    1641,
    1490,
    1878,
    2279,
    1691,
    1556,
    11971,
    6973,
    2615,
    1450,
    1404,
    1564,
    1495,
    1574,
    1589,
    1432,
    1562,
    1388,
    1819,
    1463,
    1456,
    1572,
    7220,
    2084,
    2241,
    610,
    537,
    512,
    487,
    432,
    485,
    537,
    590,
    527,
    462,
    487,
    625,
    563,
    10849,
    1792,
    1449,
    1584,
    1431,
    5591,
    5999,
    4590,
    4694,
    6464,
    4742,
    5687,
    5830,
    6764,
    5285,
    5554,
    7704,
    1185,
    590,
    573,
    566,
    488,
    401,
    470,
    503,
    453,
    400,
    518,
    518,
    480,
    563,
    524,
    11130,
    1766,
    1648,
    1451,
    1414,
    1349,
    1529,
    1434,
    1844,
    1790,
    1727,
    1590,
    1506,
    1692,
    1558,
    1595,
    11320,
    3535,
    3239,
    1759,
    1647,
    1555,
    1535,
    1458,
    1588,
    1619,
    1583,
    1518,
    1411,
    1592,
    1577,
    1502,
    6212,
    1606,
    1536,
    439,
    507,
    574,
    527,
    537,
    465,
    531,
    511,
    527,
    580,
    558,
    541,
    535,
    554
  ],
  "frame_rasterizer_times": [
    9058,
    8228,
    8271,
    8333,
    8517,
    8251,
    8383,
    9949,
    8595,
    8360,
    8608,
    8583,
    8834,
    8574,
    8908,
    9006,
    8830,
    8666,
    9410,
    9355,
    8555,
    8632,
    9110,
    8130,
    9544,
    4771,
    5013,
    4393,
    5902,
    5348,
    4582,
    7283,
    8476,
    7562,
    8152,
    5570,
    6539,
    4807,
    4833,
    4830,
    4839,
    5073,
    4859,
    4817,
    4815,
    4142,
    6247,
    4768,
    4814,
    4878,
    4845,
    4805,
    4856,
    4526,
    4557,
    4181,
    4714,
    4684,
    4787,
    4691,
    5631,
    4898,
    4167,
    4133,
    4949,
    4683,
    4862,
    4703,
    4874,
    4420,
    10970,
    6670,
    4404,
    4335,
    4336,
    4330,
    4573,
    8002,
    65647,
    28747,
    29627,
    17591,
    18002,
    18434,
    18432,
    16053,
    13588,
    11643,
    7782,
    6770,
    6691,
    6682,
    5470,
    5448,
    5371,
    5228,
    5342,
    5476,
    5655,
    5686,
    5557,
    5199,
    5250,
    5448,
    6528,
    5141,
    4956,
    4871,
    6132,
    5021,
    5744,
    5603,
    9586,
    4665,
    5541,
    4901,
    6988,
    5208,
    5311,
    5292,
    5318,
    5710,
    5236,
    5512,
    5298,
    5137,
    5213,
    5206,
    5531,
    5516,
    5266,
    5388,
    5546,
    5642,
    5492,
    5461,
    4987,
    4954,
    4973,
    5059,
    5129,
    5524,
    5176,
    5265,
    5176,
    5139,
    5094,
    5447,
    5546,
    6882,
    5135,
    5207,
    5666,
    4854,
    4848,
    5041,
    5446,
    5535,
    5399,
    5639,
    5402,
    4988,
    5488,
    5605,
    8005,
    9901,
    8376,
    6727,
    6716,
    5399,
    4454,
    5103,
    5167,
    5506,
    5189,
    5218,
    5259,
    5555,
    5301,
    5799,
    9086,
    10225,
    5994,
    5639,
    5693,
    5771,
    5446,
    5532,
    5437,
    5420,
    5497,
    5338,
    5346,
    5655,
    5630,
    5611,
    6227,
    7626,
    5912,
    5564,
    5380,
    5425,
    5407,
    5320,
    5301,
    5438,
    5402,
    5564,
    5325,
    5531,
    5504,
    5594,
    9775,
    7033,
    5637,
    5320,
    5224,
    5274,
    5334,
    5585,
    5108,
    5161,
    5299,
    5186,
    5112,
    5138,
    5466,
    5329
  ],