{
  "average_frame_build_time_millis": 2.866270742358079,
  "90th_percentile_frame_build_time_millis": 6.765,
  "99th_percentile_frame_build_time_millis": 15.199,
  "worst_frame_build_time_millis": 21.814,
  "missed_frame_build_budget_count": 2,
  "average_frame_rasterizer_time_millis": 8.539245614035083,
  "stddev_frame_rasterizer_time_millis": 2.766879347491535,
  "90th_percentile_frame_rasterizer_time_millis": 11.338,
  "99th_percentile_frame_rasterizer_time_millis": 25.156,
  "worst_frame_rasterizer_time_millis": 66.219,
  "missed_frame_rasterizer_budget_count": 8,
  "frame_count": 229,
  "frame_rasterizer_count": 228,
  "new_gen_gc_count": 8,
  "old_gen_gc_count": 2,
  "frame_build_times": [
    6652,
    1420,
    1257,
    1208,
    1252,
    1209,
    1220,
    1273,
    1329,
    1511,
    1307,
    1322,
    1242,
    1336,
    1381,
    1340,
    1359,
    1356,
    1304,
    1221,
    1659,
    1511,
    1307,
    1491,
    1455,
    1547,
    1249,
    1311,
    1381,
    1323,
    1368,
    1361,
    1604,
    1255,
    1471,
    1389,
    1336,
    2650,
    1121,
    1780,
    1795,
    1716,
    15199,
    5230,
    9396,
    10715,
    11070,
    11037,
    9759,
    9178,
    7442,
    8419,
    9216,
    11316,
    6734,
    6546,
    11521,
    6765,
    5588,
    5182,
    5383,
    5350,
    5666,
    5755,
    5158,
    5295,
    5178,
    5438,
    5395,
    5336,
    5242,
    5522,
    1048,
    830,
    887,
    931,
    21814,
    12980,
    6698,
    3032,
    1314,
    1786,
    1628,
    1566,
    1669,
    1567,
    1607,
    1775,
    1637,
    1536,
    1678,
    1711,
    1640,
    1571,
    1433,
    1407,
    3533,
    1693,
    21805,
    434,
    4775,
    1211,
    490,
    559,
    478,
    526,
    494,
    448,
    493,
    515,
    465,
    473,
    518,
    487,
    539,
    495,
    11675,
    1794,
    1573,
    1480,
    1520,
    1562,
    1504,
    1467,
    1576,
    1665,
    1651,
    1540,
    1560,
    1626,
    1638,
    1623,
    7261,
    2350,
    4122,
    1516,
    1139,
    1220,
    842,
    1062,
    951,
    914,
    1091,
    1425,
    1438,
    1861,
    1633,
    2241,
    11289,
    1951,
    1587,
    1700,
    1528,
    1628,
    1436,
    1430,
    1582,
    1442,
    1450,
    1749,
    1610,
    1921,
    1545,
    1727,
    7442,
    3272,
    3147,
    637,
    511,
    475,
    482,
    479,
    517,
    524,
    618,
    531,
    481,
    502,
    514,
    559,
    11547,
    1788,
    1407,
    1385,
    1645,
    6344,
    6890,
    6323,
    4798,
    5211,
    3773,
    8217,
    3735,
    3975,
    4714,
    4724,
    12007,
    3629,
    1102,
    1526,
    1506,
    1458,
    1475,
    1420,
    1613,
    1679,
    1602,
    1532,
    1530,
    1647,
    1426,
    1559,
    6152,
    1434,
    1595,
    510,
    441,
    478,
    462,
    491,
    513,
    428,
    512,
    596,
    564,
    530,
    508,
    458,
    945
  ],
  "frame_rasterizer_times": [
    6538,
    9002,
    8991,
    9214,
    9311,
    9202,
    9544,
    9127,
    9965,
    9360,
    9414,
    9384,
    9809,
    8820,
    9050,
    9392,
    9168,
    9035,
    9018,
    9382,
    9832,
    9598,
    9655,
    17327,
    11419,
    7899,
    9304,
    9014,
    9016,
    9033,
    9879,
    8715,
    9242,
    9488,
    9021,
    8879,
    9189,
    8273,
    8383,
    8975,
    9085,
    7806,
    4835,
    9858,
    7685,
    5011,
    5009,
    5032,
    5016,
    5085,
    4933,
    4945,
    4898,
    5111,
    4804,
    5120,
    11466,
    9106,
    10393,
    10726,
    11049,
    10848,
    11264,
    10527,
    10801,
    10143,
    10802,
    11538,
    11420,
    11433,
    11040,
    11670,
    12410,
    12631,
    12555,
    9900,
    5400,
    66219,
    25156,
    26941,
    16936,
    16979,
    17262,
    14164,
    12855,
    12626,
    10142,
    6648,
    6675,
    6704,
    6689,
    6812,
    5364,
    5356,
    5310,
    5249,
    5547,
    5866,
    11129,
    7222,
    11338,
    5527,
    5205,
    7524,
    5118,
    5214,
    5157,
    5137,
    7734,
    5223,
    5170,
    5213,
    5139,
    5106,
    9103,
    5876,
    7243,
    6477,
    5459,
    5447,
    5211,
    5390,
    5383,
    5250,
    5634,
    5295,
    5241,
    5572,
    5403,
    5387,
    5378,
    5719,
    9908,
    5713,
    5139,
    5856,
    6750,
    4172,
    4625,
    4669,
    4917,
    3954,
    5183,
    5656,
    4791,
    5745,
    5787,
    5615,
    7137,
    13047,
    7040,
    5611,
    6919,
    10872,
    13269,
    10847,
    10859,
    10931,
    11170,
    10264,
    10462,
    10262,
    11491,
    10778,
    8805,
    9532,
    9554,
    10243,
    10520,
    10847,
    10490,
    10300,
    10078,
    10696,
    9870,
    10048,
    10764,
    10212,
    10601,
    10988,
    5677,
    11140,
    10301,
    10778,
    10639,
    8682,
    9643,
    8875,
    9945,
    9237,
    8256,
    7932,
    8233,
    8545,
    17076,
    11165,
    8080,
    11336,
    8053,
    5701,
    5783,
    5342,
    5529,
    5492,
    5581,
    5605,
    5952,
    6115,
    5751,
    5433,
    5470,
    5701,
    5760,
    6409,
    5402,
    5293,
    5391,
    5594,
    5536,
    5754,
    5304,
    5331,
    5543,
    5222,
    5699,
    5541,
    5376,
    5412
  ],