{
  "average_frame_build_time_millis": 2.990416666666666,
  "90th_percentile_frame_build_time_millis": 6.008,
  "99th_percentile_frame_build_time_millis": 20.981,
  "worst_frame_build_time_millis": 42.467,
  "missed_frame_build_budget_count": 3,
  "average_frame_rasterizer_time_millis": 8.671821596244131,
  "stddev_frame_rasterizer_time_millis": 2.401262095263286,
  "90th_percentile_frame_rasterizer_time_millis": 11.055,
  "99th_percentile_frame_rasterizer_time_millis": 25.916,
  "worst_frame_rasterizer_time_millis": 67.791,
  "missed_frame_rasterizer_budget_count": 8,
  "frame_count": 216,
  "frame_rasterizer_count": 213,
  "new_gen_gc_count": 8,
  "old_gen_gc_count": 2,
  "frame_build_times": [
    4523,
    4573,
    4572,
    9678,
    485,
    496,
    6162,
    891,
    533,
    477,
    443,
    450,
    480,
    6854,
    1274,
    1373,
    1282,
    1172,
    1410,
    1413,
    1518,
    1628,
    1584,
    1693,
    1606,
    1714,
    1855,
    1833,
    1552,
    1252,
    1576,
    1119,
    1778,
    1540,
    1412,
    1316,
    1097,
    1087,
    1559,
    1647,
    1566,
    1059,
    1841,
    1795,
    888,
    1131,
    1278,
    1481,
    1471,
    1454,
    2598,
    478,
    540,
    593,
    545,
    5012,
    928,
    492,
    459,
    503,
    464,
    459,
    20981,
    12757,
    7417,
    4591,
    3165,
    3177,
    3199,
    3160,
    3193,
    3209,
    3349,
    4741,
    5558,
    3611,
    3445,
    3228,
    3251,
    2942,
    3449,
    4883,
    3526,
    2810,
    11269,
    3134,
    2985,
    3132,
    3764,
    3164,
    314,
    341,
    245,
    5250,
    1430,
    579,
    461,
    443,
    431,
    427,
    672,
    586,
    519,
    533,
    596,
    523,
    564,
    426,
    525,
    12213,
    1802,
    1638,
    1578,
    1711,
    1431,
    1654,
    1529,
    1578,
    1902,
    1646,
    1620,
    1676,
    4651,
    6634,
    5784,
    7482,
    1284,
    514,
    1221,
    5639,
    1938,
    1571,
    1687,
    1287,
    3885,
    1297,
    1653,
    2398,
    858,
    1995,
    33118,
    3022,
    2902,
    3286,
    7289,
    6128,
    6122,
    4688,
    3617,
    5652,
    3711,
    5301,
    4618,
    5910,
    7664,
    1193,
    511,
    3105,
    1936,
    1650,
    1361,
    4069,
    1097,
    2491,
    2792,
    2198,
    1766,
    1273,
    1054,
    1501,
    11803,
    1727,
    1647,
    5381,
    4343,
    4416,
    7170,
    4572,
    7280,
    4900,
    5330,
    7679,
    4325,
    4493,
    5303,
    5369,
    42467,
    6008,
    5774,
    3156,
    1351,
    1149,
    1475,
    1622,
    1634,
    1568,
    1660,
    1559,
    6666,
    1304,
    1275,
    1437,
    485,
    507,
    436,
    407,
    430,
    457,
    536,
    431,
    509,
    582,
    502,
    472,
    499,
    1156
  ],
  "frame_rasterizer_times": [
    9274,
    7348,
    9709,
    9570,
    6764,
    7770,
    8707,
    8244,
    6594,
    11229,
    8704,
    5597,
    7647,
    7824,
    7624,
    8051,
    7905,
    8070,
    8154,
    8049,
    9376,
    8808,
    9088,
    8225,
    7626,
    8635,
    8922,
    11341,
    4349,
    11052,
    9126,
    8967,
    9017,
    7923,
    8796,
    11055,
    8249,
    9096,
    8577,
    9201,
    8128,
    7981,
    9102,
    9306,
    9741,
    10018,
    9319,
    10405,
    8049,
    10172,
    9639,
    10016,
    10152,
    8835,
    9934,
    9793,
    9418,
    9919,
    10509,
    10568,
    5253,
    67791,
    25916,
    26331,
    16661,
    16027,
    16139,
    16338,
    14186,
    12648,
    11971,
    8588,
    6757,
    6820,
    6906,
    6646,
    5616,
    10546,
    5743,
    7208,
    5867,
    5273,
    8715,
    3945,
    4437,
    7449,
    8606,
    14330,
    8127,
    8778,
    21755,
    5968,
    8978,
    9099,
    9730,
    8116,
    9828,
    13537,
    8942,
    7081,
    8197,
    9616,
    9111,
    6271,
    8490,
    8182,
    10650,
    5599,
    11739,
    10369,
    10608,
    10760,
    10715,
    11460,
    10220,
    10292,
    11350,
    9948,
    9942,
    11043,
    8989,
    8155,
    9187,
    6431,
    5502,
    5539,
    5282,
    5685,
    7206,
    5733,
    7255,
    5826,
    6673,
    14387,
    6276,
    5415,
    5585,
    5563,
    7696,
    6716,
    7310,
    12026,
    10611,
    7488,
    7475,
    7727,
    11716,
    10399,
    8690,
    8873,
    8326,
    8030,
    6438,
    5711,
    5561,
    5637,
    5996,
    5782,
    5777,
    5085,
    6536,
    5737,
    5711,
    5926,
    5744,
    5554,
    4901,
    7701,
    8122,
    10334,
    10041,
    8759,
    8624,
    8766,
    9803,
    8174,
    7241,
    9729,
    9653,
    6934,
    8861,
    9028,
    10213,
    9524,
    7615,
    5669,
    5092,
    6296,
    6831,
    4590,
    5890,
    6018,
    5488,
    5438,
    5723,
    5518,
    5922,
    6586,
    5203,
    5322,
    5436,
    5373,
    5274,
    5243,
    5389,
    5735,
    5529,
    5199,
    5327,
    5233,
    5336,
    5383,
    5584
  ],
  "frame_begin_times": [
    0,
    16750,
    33459,
    50234,
    67021,
    83605,
    100442,
    118796,
    133675,
    150618,
    167379,
    183818,
    200368,
    217310,
    233824,
    250623,
    267634,
    284040,
    300635,
    317608,
    334351,
    350930,
    367772,
    384451,
    401184,
    418113,
    434679,
    451390,
    467949,
    495285,
    515351,
    518029,
    534956,
    551489,
    568282,
    584904,
    601964,
    618321,
    635432,
    651692,
    668889,
    685180,
    702132,
    718678,
    735124,
    751916,
    768830,
    785582,
    802287,
    818746,
    836083,
    852211,
    869100,
    885862,
    902596,
    919286,
    935630,
    952439,
    969464,
    985907,
    1002896,
    1019606,
    1035864,
    1069228,
    1086204,
    1152859,
    1169560,
    1202963,
    1219750,
    1236472,
    1253042,
    1269788,
    1286746,
    1303463,
    1320139,
    1336607,
    1353247,
    1369972,
    1386744,
    1403502,
    1420091,
    1437367,
    1453715,
    1470681,
    1487276,
    1503766,
    1520404,
    1537364,
    1553867,
    1570920,
    1587162,
    1604031,
    1620327,
    1637373,
    1654634,
    1671380,
    1687765,
    1704486,
    1721138,
    1737894,
    1754141,
    1771290,
    1787974,
    1804669,
    1821482,
    1840092,
    1854562,
    1871006,
    1887891,
    1904852,
    1921359,
    1938179,
    1954772,
    1971908,
    1988087,
    2004947,
    2021932,
    2038790,
    2055314,
    2072185,
    2088841,
    2105249,
    2123453,
    2139660,
    2155644,
    2205401,
    2222473,
    2239890,
    2257175,
    2274465,
    2289708,
    2307417,
    2340923,
    2356052,
    2372803,
    2389514,
    2406331,
    2422825,
    2440110,
    2456606,
    2506373,
    2556423,
    2580055,
    2589920,
    2606598,
    2623913,
    2641313,
    2657316,
    2673272,
    2689786,
    2706910,
    2723854,
    2740509,
    2758478,
    2806601,
    2823973,
    2840386,
    2859194,
    2874120,
    2891161,
    2907580,
    2927351,
    2940944,
    2957627,
    2974640,
    2991019,
    3007888,
    3024930,
    3041273,
    3057967,
    3108395,
    3124448,
    3141267,
    3158253,
    3175217,
    3191747,
    3208279,
    3225524,
    3242134,
    3258257,
    3275350,
    3292131,
    3308742,
    3325326,
    3341913,
    3358516,
    3427107,
    3475933,
    3492156,
    3509054,
    3543742,
    3558592,
    3575478,
    3592009,
    3608601,
    3625837,
    3642702,
    3659102,
    3675669,
    3692301,
    3708988,
    3725852,
    3742738,
    3759389,
    3776154,
    3792504,
    3809275,
    3826268,
    3843102,
    3859830,
    3876391,
    3893001,
    3909733,
    3926181,
    3943176,
    4060864
  ],