{
  "average_frame_build_time_millis": 2.3671192660550466,
  "90th_percentile_frame_build_time_millis": 4.39,
  "99th_percentile_frame_build_time_millis": 13.685,
  "worst_frame_build_time_millis": 36.332,
  "missed_frame_build_budget_count": 2,
  "average_frame_rasterizer_time_millis": 10.614865740740738,
  "stddev_frame_rasterizer_time_millis": 4.767795138888889,
  "90th_percentile_frame_rasterizer_time_millis": 17.11,
  "99th_percentile_frame_rasterizer_time_millis": 27.009,
  "worst_frame_rasterizer_time_millis": 78.314,
  "missed_frame_rasterizer_budget_count": 59,
  "frame_count": 218,
  "frame_rasterizer_count": 216,
  "new_gen_gc_count": 8,
  "old_gen_gc_count": 2,
  "frame_build_times": [
    4516,
    4390,
    8804,
    393,
    6137,
    704,
    496,
    433,
    470,
    438,
    464,
    7128,
    1320,
    1095,
    1174,
    1166,
    1564,
    1166,
    1192,
    1150,
    1137,
    1229,
    1378,
    1337,
    1174,
    1234,
    1213,
    1313,
    1325,
    1202,
    1176,
    1268,
    1241,
    1297,
    1194,
    1204,
    1207,
    1207,
    1255,
    1357,
    1254,
    1244,
    1190,
    1231,
    1227,
    1353,
    1257,
    1184,
    9900,
    1973,
    1410,
    1152,
    1146,
    8690,
    938,
    489,
    2118,
    1133,
    1357,
    1245,
    36332,
    12571,
    7766,
    4738,
    3451,
    3421,
    3274,
    3195,
    3243,
    3809,
    3331,
    5943,
    3574,
    3245,
    2994,
    3029,
    4625,
    2965,
    2918,
    12785,
    3191,
    3489,
    3116,
    3226,
    3199,
    3530,
    3433,
    418,
    558,
    448,
    5100,
    1144,
    509,
    487,
    498,
    545,
    583,
    538,
    550,
    446,
    475,
    501,
    539,
    557,
    563,
    492,
    11904,
    1980,
    1560,
    1583,
    1423,
    1479,
    1477,
    1535,
    1514,
    1644,
    1581,
    5609,
    4284,
    3130,
    3711,
    3697,
    13685,
    2263,
    535,
    562,
    586,
    510,
    483,
    510,
    553,
    517,
    529,
    499,
    509,
    522,
    483,
    535,
    11381,
    1877,
    1619,
    1596,
    1606,
    1534,
    1636,
    1562,
    1708,
    1625,
    1714,
    1658,
    1641,
    1790,
    1579,
    1534,
    7511,
    3263,
    3336,
    1288,
    1271,
    1274,
    1344,
    1512,
    1568,
    2224,
    1230,
    1331,
    1811,
    1194,
    2252,
    1905,
    21690,
    1789,
    1501,
    1454,
    1335,
    1327,
    1447,
    1388,
    1586,
    1390,
    1388,
    1371,
    1459,
    1506,
    1541,
    11823,
    3011,
    3300,
    1500,
    1605,
    1562,
    1508,
    1402,
    1441,
    1630,
    1676,
    1556,
    1508,
    1581,
    1699,
    1622,
    5965,
    1336,
    1410,
    474,
    424,
    508,
    547,
    487,
    444,
    578,
    569,
    538,
    468,
    492,
    470,
    1519,
    1458
  ],
  "frame_rasterizer_times": [
    17211,
    17257,
    15540,
    16736,
    16204,
    17110,
    16290,
    16491,
    20925,
    13734,
    16283,
    15986,
    16692,
    16681,
    17803,
    11991,
    19367,
    14077,
    17136,
    16080,
    16690,
    16810,
    16631,
    17248,
    16037,
    17247,
    15626,
    16834,
    17042,
    16566,
    17310,
    15293,
    16851,
    16651,
    16817,
    16778,
    16785,
    16324,
    16611,
    16620,
    16370,
    16853,
    16889,
    16516,
    16315,
    16494,
    16869,
    12516,
    18335,
    16078,
    16553,
    15817,
    16194,
    17765,
    16743,
    15188,
    18226,
    16721,
    16900,
    7464,
    78314,
    27009,
    28597,
    16911,
    18921,
    18539,
    19652,
    19233,
    17253,
    13463,
    6956,
    6775,
    5337,
    5226,
    5250,
    5328,
    5389,
    5667,
    5495,
    5508,
    5426,
    5377,
    5341,
    5344,
    9768,
    5870,
    5197,
    5203,
    5392,
    9922,
    5460,
    5175,
    5127,
    5202,
    5268,
    5583,
    5204,
    5164,
    5240,
    5202,
    5112,
    5385,
    5133,
    5199,
    5832,
    7059,
    7727,
    5902,
    5302,
    5366,
    5374,
    5329,
    5441,
    5417,
    5335,
    5699,
    5212,
    5632,
    5646,
    5329,
    5607,
    11305,
    10206,
    10604,
    18473,
    12070,
    10178,
    9660,
    10503,
    10191,
    9964,
    10123,
    10236,
    9943,
    11341,
    10331,
    10850,
    5531,
    10280,
    10259,
    10329,
    10218,
    10628,
    10629,
    10215,
    10345,
    10971,
    10267,
    11330,
    10153,
    10091,
    10480,
    11469,
    9884,
    9646,
    10037,
    9307,
    9862,
    9511,
    9217,
    9510,
    9604,
    9220,
    8860,
    8548,
    8775,
    8868,
    10229,
    8845,
    5577,
    11328,
    8486,
    5519,
    5295,
    5317,
    5256,
    5295,
    5383,
    5422,
    5355,
    5253,
    5427,
    5414,
    5435,
    9387,
    10733,
    5879,
    5518,
    5740,
    5514,
    5469,
    5404,
    5432,
    5466,
    5401,
    5581,
    5430,
    5425,
    5684,
    5600,
    5596,
    5582,
    5358,
    5138,
    5133,
    5354,
    5245,
    5523,
    5253,
    5380,
    5450,
    5114,
    5212,
    5237,
    5180,
    5038
  ],
  "frame_begin_times": [
    0,
    16743,
    33296,
    50075,
    66729,
    83514,
    100336,
    116987,
    133630,
    150227,
    167279,
    183685,
    200407,
    217422,
    233909,
    250597,
    274658,
    284011,
    301346,
    317527,
    334346,
    351014,
    367974,
    384605,
    401413,
    417905,
    434579,
    451501,
    467969,
    484845,
    501616,
    518147,
    534644,
    551726,
    568541,
    585087,
    601793,
    618503,
    635130,
    651960,
    668714,
    685395,
    702120,
    718656,
    735283,
    752133,
    768767,
    785608,
    802722,
    819444,
    836675,
    852850,
    869801,
    885472,
    902907,
    919605,
    936584,
    953450,
    969806,
    986039,
    1035973,
    1085874,
    1102974,
    1186315,
    1204645,
    1236384,
    1253539,
    1269800,
    1286385,
    1303086,
    1320247,
    1353375,
    1369948,
    1386676,
    1403535,
    1420258,
    1436961,
    1453412,
    1470079,
    1486860,
    1503526,
    1520338,
    1537137,
    1554114,
    1570781,
    1587202,
    1603950,
    1620824,
    1637325,
    1654209,
    1670646,
    1687391,
    1704000,
    1720836,
    1737442,
    1754173,
    1771201,
    1787861,
    1804622,
    1821551,
    1837989,
    1854628,
    1871364,
    1888157,
    1904856,
    1921304,
    1937918,
    1954632,
    1971873,
    1988030,
    2005144,
    2021928,
    2038236,
    2054871,
    2072044,
    2088650,
    2105586,
    2122898,
    2139104,
    2155354,
    2172090,
    2188883,
    2222478,
    2239086,
    2255651,
    2272264,
    2290138,
    2305546,
    2322544,
    2338942,
    2355979,
    2372732,
    2389374,
    2405997,
    2422746,
    2439462,
    2456104,
    2472703,
    2489615,
    2505994,
    2522810,
    2539454,
    2556192,
    2572881,
    2589566,
    2606296,
    2623278,
    2639793,
    2656752,
    2673193,
    2690060,
    2706832,
    2723519,
    2740077,
    2756639,
    2773332,
    2790411,
    2807325,
    2823904,
    2840551,
    2857590,
    2874140,
    2890839,
    2907513,
    2924327,
    2941476,
    2958231,
    2974522,
    2990986,
    3007731,
    3057690,
    3091664,
    3107434,
    3124501,
    3141164,
    3157630,
    3174565,
    3190966,
    3208054,
    3224284,
    3241316,
    3258068,
    3274861,
    3291447,
    3307868,
    3324753,
    3341349,
    3358761,
    3375016,
    3391828,
    3408511,
    3425291,
    3441763,
    3458857,
    3475247,
    3492108,
    3508735,
    3525425,
    3542171,
    3559745,
    3575217,
    3591905,
    3608825,
    3625339,
    3642054,
    3659227,
    3675546,
    3692480,
    3708989,
    3725939,
    3743370,
    3759536,
    3775942,
    3792807,
    3809483,
    3826233,
    3843461,
    3961175
  ],