{
  "average_frame_build_time_millis": 3.001118942731277,
  "90th_percentile_frame_build_time_millis": 7.415,
  "99th_percentile_frame_build_time_millis": 17.596,
  "worst_frame_build_time_millis": 22.668,
  "missed_frame_build_budget_count": 4,
  "average_frame_rasterizer_time_millis": 7.243254385964916,
  "stddev_frame_rasterizer_time_millis": 2.4152450754078187,
  "90th_percentile_frame_rasterizer_time_millis": 9.826,
  "99th_percentile_frame_rasterizer_time_millis": 26.509,
  "worst_frame_rasterizer_time_millis": 67.115,
  "missed_frame_rasterizer_budget_count": 4,
  "frame_count": 227,
  "frame_rasterizer_count": 228,
  "new_gen_gc_count": 8,
  "old_gen_gc_count": 2,
  "frame_build_times": [
    7166,
    1363,
    1318,
    1247,
    1421,
    1345,
    1523,
    1289,
    1354,
    1489,
    1467,
    1528,
    1347,
    1297,
    1264,
    1492,
    1468,
    1497,
    1279,
    1313,
    1406,
    1394,
    1464,
    1375,
    1308,
    1388,
    1315,
    1410,
    1334,
    1470,
    1352,
    4666,
    5768,
    3660,
    6061,
    5167,
    4637,
    10819,
    1325,
    1888,
    1398,
    1388,
    16293,
    5497,
    11551,
    7028,
    6334,
    7479,
    8288,
    10641,
    6545,
    6005,
    7288,
    8725,
    14480,
    11003,
    9538,
    17596,
    12200,
    15147,
    6276,
    10757,
    7804,
    9336,
    6181,
    3369,
    2936,
    3565,
    1940,
    2353,
    3440,
    483,
    455,
    473,
    472,
    21692,
    13002,
    6592,
    3607,
    1804,
    1763,
    1603,
    1549,
    1526,
    1575,
    1556,
    1577,
    1622,
    1725,
    1547,
    1630,
    1731,
    1598,
    1376,
    1502,
    1489,
    1580,
    12915,
    441,
    4855,
    901,
    500,
    522,
    451,
    525,
    512,
    511,
    473,
    494,
    488,
    497,
    546,
    505,
    526,
    426,
    11823,
    1937,
    1595,
    1517,
    1504,
    1478,
    1427,
    1430,
    1487,
    1431,
    1577,
    1597,
    1502,
    1438,
    1711,
    1472,
    7401,
    1911,
    2417,
    506,
    456,
    537,
    567,
    515,
    464,
    561,
    487,
    438,
    456,
    490,
    462,
    515,
    11185,
    1891,
    1537,
    1435,
    1412,
    1459,
    1819,
    1551,
    1544,
    1378,
    1482,
    1675,
    1623,
    1530,
    1530,
    1522,
    7415,
    2619,
    3100,
    1260,
    1260,
    1561,
    2004,
    1597,
    1262,
    1416,
    1465,
    1604,
    2077,
    1327,
    1823,
    1461,
    22668,
    1729,
    3562,
    2478,
    1525,
    1435,
    1359,
    1606,
    1655,
    1524,
    1648,
    1533,
    1505,
    1432,
    1637,
    11389,
    3516,
    3285,
    1584,
    1474,
    1687,
    1577,
    1443,
    1569,
    1562,
    1690,
    1613,
    1641,
    1619,
    1507,
    1568,
    6031,
    1492,
    7007,
    1416,
    1971,
    1366,
    1305,
    1761,
    1715,
    1767,
    1296,
    2040,
    1934,
    1992,
    1614,
    1659,
    1263
  ],
  "frame_rasterizer_times": [
    15012,
    5824,
    8743,
    8733,
    8491,
    8511,
    15793,
    10873,
    9353,
    9320,
    9912,
    8991,
    9821,
    9687,
    8940,
    9366,
    8725,
    8846,
    9048,
    9109,
    8525,
    9367,
    9730,
    9127,
    9157,
    8843,
    8952,
    9407,
    9352,
    9060,
    9205,
    9906,
    5684,
    5085,
    6782,
    4669,
    4871,
    5529,
    4854,
    9276,
    8225,
    7771,
    8932,
    7809,
    4710,
    8650,
    6578,
    5398,
    4880,
    5258,
    5384,
    4869,
    5030,
    5016,
    5060,
    4810,
    7669,
    4509,
    6776,
    7680,
    4976,
    7190,
    4952,
    4699,
    5015,
    5148,
    4176,
    5163,
    5122,
    10021,
    8403,
    9016,
    10702,
    10880,
    9826,
    11264,
    7732,
    67115,
    26509,
    27202,
    15861,
    15931,
    16055,
    15921,
    14070,
    13252,
    12694,
    9017,
    6615,
    6652,
    6801,
    6652,
    5468,
    5266,
    5322,
    5246,
    5386,
    5702,
    5576,
    5639,
    10405,
    4622,
    9861,
    6114,
    5048,
    7419,
    5107,
    5043,
    5205,
    5055,
    5336,
    5234,
    5251,
    5161,
    5100,
    10117,
    5654,
    5691,
    5713,
    5332,
    5268,
    5164,
    5306,
    5415,
    5215,
    5308,
    5260,
    5403,
    5303,
    5731,
    5340,
    5497,
    5652,
    4737,
    5773,
    6535,
    7024,
    6746,
    7860,
    5363,
    5155,
    5190,
    5194,
    5172,
    5099,
    5058,
    5032,
    5654,
    5475,
    7410,
    5396,
    5207,
    5282,
    5317,
    5407,
    5371,
    5314,
    5278,
    5404,
    5362,
    5441,
    5396,
    5388,
    5502,
    5060,
    5427,
    6817,
    5220,
    5746,
    5808,
    5646,
    5700,
    5697,
    5671,
    5823,
    5841,
    5916,
    5106,
    5285,
    5672,
    7473,
    12667,
    7997,
    9197,
    6188,
    5614,
    6345,
    5489,
    5525,
    6344,
    5630,
    5356,
    5796,
    5491,
    5669,
    7473,
    8734,
    5540,
    5422,
    5553,
    5457,
    5390,
    5395,
    5355,
    5324,
    5363,
    5453,
    5810,
    5487,
    5353,
    5540,
    5892,
    6017,
    4934,
    6160,
    4929,
    5967,
    5701,
    5799,
    5782,
    5699,
    5866,
    4883,
    5410,
    5812,
    5664,
    5872,
    7608
  ],