{
  "average_frame_build_time_millis": 4.070096491228072,
  "90th_percentile_frame_build_time_millis": 8.57,
  "99th_percentile_frame_build_time_millis": 15.415,
  "worst_frame_build_time_millis": 33.25,
  "missed_frame_build_budget_count": 2,
  "average_frame_rasterizer_time_millis": 7.988180616740088,
  "stddev_frame_rasterizer_time_millis": 3.9707727299190743,
  "90th_percentile_frame_rasterizer_time_millis": 16.316,
  "99th_percentile_frame_rasterizer_time_millis": 30.209,
  "worst_frame_rasterizer_time_millis": 73.297,
  "missed_frame_rasterizer_budget_count": 28,
  "frame_count": 228,
  "frame_rasterizer_count": 227,
  "new_gen_gc_count": 6,
  "old_gen_gc_count": 2,
  "frame_build_times": [
    442,
    442,
    483,
    473,
    464,
    6912,
    1242,
    3139,
    4092,
    4154,
    6504,
    3137,
    2597,
    3304,
    3976,
    3152,
    5267,
    5245,
    5848,
    3435,
    3724,
    4502,
    5308,
    3779,
    4170,
    3999,
    6543,
    5015,
    7271,
    4909,
    4707,
    4323,
    5280,
    5947,
    4671,
    5980,
    4008,
    5571,
    6396,
    4556,
    6555,
    3886,
    11810,
    799,
    1060,
    977,
    1735,
    15415,
    1540,
    9494,
    10175,
    10145,
    12203,
    6971,
    7073,
    7603,
    7704,
    7467,
    9544,
    11042,
    8959,
    9665,
    6836,
    13064,
    4124,
    8272,
    6070,
    7550,
    8884,
    8570,
    8647,
    6437,
    6280,
    7004,
    5844,
    8031,
    11324,
    10376,
    8328,
    1629,
    1213,
    33250,
    13119,
    6966,
    3351,
    1550,
    1303,
    1613,
    1659,
    1571,
    1358,
    1447,
    1628,
    1460,
    1441,
    1516,
    1426,
    1454,
    1421,
    14185,
    351,
    463,
    4846,
    1082,
    484,
    431,
    412,
    611,
    488,
    486,
    1341,
    4716,
    1041,
    1749,
    1097,
    1908,
    1370,
    1197,
    12429,
    1823,
    1571,
    4033,
    4963,
    6458,
    4673,
    6750,
    7283,
    5575,
    5825,
    4976,
    6223,
    5447,
    4769,
    7589,
    9201,
    1244,
    1431,
    3019,
    2274,
    1597,
    2082,
    1881,
    1291,
    3471,
    1411,
    2514,
    1462,
    2535,
    1471,
    1323,
    11656,
    1942,
    1613,
    1677,
    1394,
    1011,
    1535,
    1591,
    1476,
    1560,
    1551,
    1732,
    1683,
    1764,
    1693,
    7643,
    3173,
    489,
    565,
    492,
    583,
    504,
    565,
    627,
    513,
    502,
    525,
    510,
    505,
    439,
    11641,
    2116,
    1647,
    1474,
    1502,
    6097,
    6526,
    4602,
    7294,
    5429,
    4383,
    4271,
    6241,
    4677,
    6596,
    4719,
    25324,
    1938,
    1572,
    1695,
    1507,
    1604,
    7105,
    6673,
    6002,
    5696,
    5210,
    1604,
    1697,
    1617,
    1484,
    6392,
    1466,
    1569,
    536,
    527,
    512,
    612,
    443,
    501,
    517,
    524,
    542,
    519,
    489,
    614,
    632,
    474
  ],
  "frame_rasterizer_times": [
    4298,
    4310,
    4287,
    4196,
    4589,
    7193,
    4530,
    4401,
    4876,
    5058,
    5067,
    4213,
    5073,
    4952,
    4937,
    5050,
    5043,
    5196,
    4948,
    5279,
    4997,
    4253,
    5260,
    5260,
    5093,
    5063,
    4807,
    4470,
    5320,
    5737,
    5090,
    5125,
    5039,
    5195,
    5273,
    4355,
    4259,
    5175,
    5218,
    5136,
    5263,
    5196,
    4283,
    10349,
    8779,
    4254,
    4813,
    7131,
    6607,
    5030,
    5016,
    5150,
    5144,
    6410,
    5460,
    4972,
    4893,
    4894,
    4879,
    4873,
    6518,
    4233,
    4558,
    4824,
    10277,
    5631,
    4293,
    4782,
    4855,
    5568,
    4950,
    4968,
    4791,
    5024,
    4898,
    4863,
    4805,
    5069,
    4676,
    4948,
    5027,
    6726,
    72349,
    73297,
    30209,
    16315,
    14238,
    13588,
    12617,
    16316,
    16598,
    16463,
    16591,
    16243,
    16439,
    17179,
    16391,
    16870,
    16633,
    16619,
    16224,
    19405,
    14084,
    16377,
    16522,
    16365,
    19187,
    14612,
    16299,
    17558,
    19780,
    12144,
    20079,
    14856,
    16486,
    20507,
    11482,
    17668,
    8794,
    8387,
    10057,
    8469,
    9193,
    8625,
    9291,
    9166,
    7200,
    8620,
    7700,
    8489,
    8131,
    8098,
    8461,
    9104,
    6324,
    6542,
    5622,
    5076,
    5502,
    5597,
    5508,
    4895,
    5772,
    5645,
    5741,
    5596,
    5906,
    4889,
    5838,
    5633,
    7412,
    10163,
    5527,
    5975,
    6665,
    3808,
    5296,
    5451,
    5333,
    5778,
    5444,
    5322,
    5368,
    5404,
    5528,
    7437,
    5832,
    5387,
    5271,
    5108,
    5537,
    5256,
    5246,
    5202,
    5247,
    5136,
    5178,
    5369,
    5186,
    5462,
    6957,
    8057,
    5563,
    5279,
    5386,
    5441,
    5549,
    5660,
    5538,
    5646,
    5624,
    5636,
    5737,
    5870,
    5404,
    5644,
    10170,
    10739,
    7585,
    5491,
    5656,
    5531,
    5277,
    5200,
    5022,
    5758,
    5700,
    5851,
    5481,
    5377,
    5655,
    5823,
    5429,
    5489,
    5172,
    5357,
    5321,
    5213,
    5121,
    5281,
    5172,
    5233,
    5479,
    5270,
    5621,
    5455,
    5307
  ],