{
  "average_frame_build_time_millis": 2.8583831775700954,
  "90th_percentile_frame_build_time_millis": 6.29,
  "99th_percentile_frame_build_time_millis": 15.923,
  "worst_frame_build_time_millis": 48.157,
  "missed_frame_build_budget_count": 2,
  "average_frame_rasterizer_time_millis": 8.760014150943388,
  "stddev_frame_rasterizer_time_millis": 3.0872533374866444,
  "90th_percentile_frame_rasterizer_time_millis": 12.48,
  "99th_percentile_frame_rasterizer_time_millis": 29.726,
  "worst_frame_rasterizer_time_millis": 74.105,
  "missed_frame_rasterizer_budget_count": 6,
  "frame_count": 214,
  "frame_rasterizer_count": 212,
  "new_gen_gc_count": 8,
  "old_gen_gc_count": 2,
  "frame_build_times": [
    4757,
    4555,
    4677,
    4631,
    9484,
    521,
    6283,
    859,
    431,
    477,
    492,
    408,
    536,
    7023,
    1407,
    1349,
    1358,
    1177,
    1184,
    1382,
    1268,
    1275,
    1285,
    1331,
    1345,
    1417,
    1490,
    1421,
    1239,
    1496,
    1316,
    1333,
    1405,
    1429,
    1313,
    1386,
    1312,
    1610,
    1424,
    1467,
    1324,
    1234,
    1351,
    1487,
    1435,
    4154,
    4275,
    5948,
    3925,
    3945,
    8797,
    1279,
    1246,
    2368,
    1616,
    15923,
    2678,
    2568,
    1716,
    1634,
    1429,
    48157,
    14174,
    8054,
    4343,
    3340,
    5721,
    3819,
    3880,
    3243,
    3183,
    3331,
    3244,
    4277,
    3100,
    3064,
    3051,
    3212,
    13704,
    3234,
    3012,
    3357,
    474,
    520,
    484,
    451,
    4906,
    1345,
    843,
    1028,
    2158,
    1891,
    1646,
    1376,
    1341,
    2025,
    1833,
    2516,
    1105,
    2084,
    492,
    1506,
    12292,
    2021,
    1488,
    1649,
    1521,
    1503,
    1620,
    1602,
    1576,
    1581,
    1425,
    1876,
    1818,
    1471,
    1542,
    1483,
    7466,
    2183,
    2370,
    587,
    563,
    527,
    642,
    447,
    469,
    574,
    520,
    497,
    491,
    499,
    594,
    468,
    11257,
    1920,
    1720,
    4932,
    8234,
    8186,
    5240,
    6290,
    5338,
    4848,
    6399,
    8150,
    6836,
    5156,
    6880,
    5754,
    21346,
    1757,
    891,
    1718,
    2759,
    1260,
    1871,
    1933,
    1467,
    1092,
    514,
    596,
    392,
    369,
    525,
    11863,
    1675,
    1504,
    1521,
    1470,
    1437,
    1606,
    1562,
    1548,
    1688,
    1662,
    1592,
    1541,
    1490,
    1425,
    1657,
    12042,
    3542,
    3269,
    1625,
    1518,
    1621,
    1626,
    1647,
    1562,
    1603,
    1649,
    1607,
    1530,
    1536,
    1558,
    1537,
    6337,
    1386,
    1393,
    517,
    542,
    984,
    1031,
    952,
    959,
    934,
    788,
    884,
    945,
    1159,
    527,
    505,
    734
  ],
  "frame_rasterizer_times": [
    8726,
    9538,
    9435,
    7023,
    17925,
    6499,
    9429,
    8338,
    8123,
    8486,
    10440,
    10182,
    5656,
    8643,
    8881,
    8884,
    8517,
    8864,
    9176,
    9340,
    9304,
    8694,
    8927,
    8732,
    8973,
    10219,
    8850,
    8504,
    7118,
    7589,
    7410,
    7260,
    7381,
    7476,
    7196,
    7552,
    7016,
    7687,
    8306,
    9493,
    9959,
    10459,
    9193,
    9496,
    6130,
    5729,
    5220,
    5519,
    5819,
    4932,
    8633,
    8303,
    6982,
    6235,
    7491,
    6547,
    4551,
    5222,
    4874,
    4484,
    7590,
    65178,
    74105,
    29726,
    16087,
    13117,
    13056,
    11817,
    8084,
    7031,
    6999,
    5641,
    5752,
    5558,
    5428,
    5536,
    5809,
    5604,
    6969,
    4542,
    8182,
    6870,
    6427,
    9841,
    7784,
    6423,
    6667,
    4966,
    5504,
    8766,
    4944,
    5023,
    5597,
    5591,
    5657,
    5326,
    8611,
    5108,
    8350,
    5286,
    5413,
    7337,
    7374,
    5736,
    5539,
    5572,
    5483,
    5667,
    5389,
    5272,
    5346,
    5619,
    5161,
    5626,
    5277,
    5392,
    5500,
    5901,
    5545,
    5409,
    5216,
    5141,
    5177,
    5527,
    4954,
    5198,
    5157,
    5240,
    5130,
    5180,
    5168,
    5326,
    5587,
    7328,
    8888,
    7464,
    5843,
    5684,
    5095,
    4923,
    5564,
    5571,
    5676,
    5648,
    5714,
    4918,
    5807,
    5677,
    5697,
    7830,
    7232,
    5272,
    5628,
    5804,
    4749,
    6053,
    4895,
    6380,
    8404,
    25733,
    9353,
    11394,
    12848,
    15326,
    8250,
    14572,
    14407,
    14827,
    11221,
    8890,
    9227,
    10382,
    10033,
    10116,
    9985,
    9954,
    9830,
    10024,
    10495,
    10860,
    6202,
    9874,
    9819,
    10360,
    9839,
    11308,
    10605,
    10326,
    9969,
    10003,
    10003,
    10690,
    10543,
    9849,
    9771,
    11110,
    13685,
    10012,
    12964,
    11670,
    7984,
    12836,
    12459,
    13008,
    12455,
    12903,
    13741,
    13108,
    13173,
    12480,
    9930,
    11292
  ],
  "frame_begin_times": [
    0,
    16607,
    33357,
    50272,
    66769,
    83495,
    101824,
    116891,
    133682,
    150228,
    166837,
    184101,
    200330,
    217078,
    233854,
    250839,
    267227,
    284138,
    300644,
    317266,
    333973,
    351336,
    368084,
    384421,
    401165,
    417981,
    434406,
    450985,
    467734,
    484648,
    501342,
    518028,
    534423,
    551511,
    567991,
    584848,
    601561,
    618223,
    634970,
    651649,
    668239,
    684881,
    702125,
    718706,
    735270,
    752347,
    769441,
    786125,
    803129,
    819487,
    836271,
    852613,
    869771,
    886345,
    904616,
    936311,
    970118,
    987779,
    1004527,
    1020085,
    1036222,
    1086820,
    1152733,
    1169459,
    1236473,
    1303119,
    1336585,
    1353141,
    1369882,
    1386653,
    1403684,
    1420459,
    1436884,
    1453837,
    1470535,
    1487137,
    1504281,
    1520540,
    1536922,
    1553623,
    1570414,
    1588106,
    1604231,
    1620775,
    1637779,
    1654243,
    1670847,
    1688421,
    1705455,
    1721161,
    1738124,
    1755105,
    1772577,
    1788134,
    1805087,
    1821997,
    1838134,
    1855780,
    1871964,
    1889915,
    1904502,
    1922419,
    1971441,
    1987993,
    2005305,
    2021402,
    2038613,
    2055151,
    2071644,
    2088641,
    2105285,
    2122103,
    2138684,
    2155399,
    2172088,
    2188834,
    2205518,
    2222063,
    2238592,
    2255265,
    2272307,
    2289175,
    2305488,
    2322264,
    2338953,
    2355632,
    2372862,
    2389310,
    2406055,
    2422776,
    2439404,
    2456094,
    2472686,
    2489208,
    2505872,
    2522657,
    2539754,
    2557081,
    2573725,
    2590563,
    2607029,
    2624582,
    2640400,
    2657306,
    2674011,
    2690624,
    2707973,
    2724093,
    2740270,
    2757951,
    2824641,
    2857291,
    2873981,
    2891479,
    2908446,
    2924378,
    2941709,
    2958199,
    2974756,
    2999895,
    3007235,
    3038442,
    3040514,
    3057267,
    3074488,
    3090880,
    3107829,
    3124544,
    3141477,
    3158088,
    3174376,
    3190919,
    3207672,
    3224649,
    3241429,
    3258164,
    3274676,
    3291525,
    3308295,
    3324584,
    3341286,
    3357962,
    3374819,
    3391491,
    3408185,
    3425282,
    3441986,
    3458287,
    3475019,
    3492113,
    3508954,
    3525399,
    3542075,
    3558431,
    3575615,
    3592275,
    3608550,
    3625278,
    3642582,
    3658794,
    3675825,
    3692060,
    3709278,
    3725859,
    3742657,
    3759452,
    3776136,
    3792602,
    3809899,
    3826397,
    3843239,
    3859553,
    3875952,
    3994751
  ],