{
  "average_frame_build_time_millis": 2.660538812785386,
  "90th_percentile_frame_build_time_millis": 5.765,
  "99th_percentile_frame_build_time_millis": 13.471,
  "worst_frame_build_time_millis": 21.084,
  "missed_frame_build_budget_count": 2,
  "average_frame_rasterizer_time_millis": 7.0183981481481466,
  "stddev_frame_rasterizer_time_millis": 2.6504435013717424,
  "90th_percentile_frame_rasterizer_time_millis": 10.233,
  "99th_percentile_frame_rasterizer_time_millis": 26.814,
  "worst_frame_rasterizer_time_millis": 67.19,
  "missed_frame_rasterizer_budget_count": 9,
  "frame_count": 219,
  "frame_rasterizer_count": 216,
  "new_gen_gc_count": 10,
  "old_gen_gc_count": 2,
  "frame_build_times": [
    4618,
    4343,
    8563,
    480,
    6202,
    784,
    527,
    443,
    427,
    432,
    422,
    6840,
    1254,
    1181,
    4339,
    5055,
    5337,
    4477,
    5009,
    4043,
    3973,
    6249,
    7070,
    4320,
    4186,
    4763,
    4370,
    4451,
    6239,
    5187,
    3594,
    5303,
    5842,
    1408,
    1379,
    1260,
    1278,
    1196,
    1211,
    1521,
    1260,
    1262,
    1249,
    1213,
    1350,
    1340,
    1465,
    1255,
    2387,
    527,
    504,
    515,
    467,
    4805,
    776,
    476,
    551,
    458,
    553,
    499,
    21084,
    12510,
    7535,
    3911,
    3319,
    3289,
    3346,
    3242,
    3734,
    3259,
    3355,
    5765,
    3585,
    3217,
    3117,
    3174,
    4716,
    2952,
    3063,
    3017,
    2881,
    13095,
    3194,
    3193,
    3232,
    3280,
    3257,
    508,
    1227,
    1582,
    1485,
    13471,
    4177,
    1570,
    628,
    457,
    440,
    505,
    462,
    533,
    526,
    487,
    481,
    479,
    625,
    604,
    508,
    11450,
    1801,
    1747,
    1593,
    1660,
    1392,
    1680,
    1555,
    1796,
    1711,
    1651,
    1714,
    1534,
    1640,
    1659,
    1689,
    7073,
    2371,
    8332,
    1360,
    2031,
    2580,
    1447,
    1242,
    1383,
    1339,
    1327,
    1073,
    1402,
    1218,
    1139,
    1636,
    16267,
    1944,
    1688,
    1724,
    1445,
    1494,
    1595,
    1545,
    1677,
    1539,
    1448,
    1553,
    1665,
    1679,
    1483,
    7038,
    3057,
    3184,
    414,
    487,
    563,
    440,
    553,
    549,
    556,
    589,
    512,
    510,
    468,
    500,
    528,
    11334,
    1734,
    3968,
    4012,
    4837,
    4818,
    4483,
    7351,
    4592,
    4346,
    8035,
    5312,
    4221,
    3132,
    1409,
    1697,
    7425,
    2754,
    1338,
    1559,
    1606,
    1509,
    1636,
    1569,
    1527,
    1549,
    1559,
    1609,
    1480,
    1675,
    1514,
    1524,
    6206,
    1419,
    1531,
    495,
    471,
    463,
    500,
    568,
    520,
    495,
    536,
    497,
    540,
    470,
    534,
    450,
    1365
  ],
  "frame_rasterizer_times": [
    7465,
    5160,
    6375,
    4310,
    4568,
    4294,
    4163,
    4456,
    4568,
    7121,
    4546,
    4607,
    6811,
    4839,
    4363,
    4857,
    5073,
    5228,
    4974,
    4250,
    4352,
    5154,
    5227,
    5108,
    5032,
    5090,
    5059,
    5116,
    5100,
    5180,
    4928,
    6716,
    4762,
    4845,
    4693,
    4709,
    5007,
    5032,
    4631,
    4688,
    4712,
    4704,
    4979,
    4807,
    4739,
    4730,
    4833,
    4470,
    4376,
    4301,
    4804,
    4989,
    4543,
    4328,
    4398,
    4634,
    4523,
    4748,
    8588,
    67190,
    27041,
    26814,
    16827,
    19616,
    19150,
    19327,
    19893,
    16572,
    14392,
    12377,
    10233,
    6853,
    6714,
    5476,
    5578,
    5402,
    5363,
    5362,
    5617,
    9046,
    5732,
    9240,
    5413,
    5533,
    5506,
    5129,
    5145,
    8938,
    4746,
    7380,
    5513,
    8193,
    5210,
    5020,
    5056,
    5172,
    5566,
    5234,
    5269,
    5170,
    5156,
    5198,
    5333,
    5567,
    5579,
    10028,
    9810,
    10510,
    10666,
    10647,
    10605,
    10561,
    10138,
    10333,
    10214,
    10825,
    10112,
    11142,
    10221,
    10429,
    10584,
    8901,
    10120,
    6751,
    9229,
    9021,
    9237,
    10126,
    9185,
    9495,
    9117,
    8945,
    9111,
    9421,
    9029,
    9269,
    9379,
    6416,
    8620,
    5545,
    5880,
    5588,
    5560,
    5439,
    5500,
    5345,
    5537,
    5372,
    5565,
    5502,
    5398,
    5581,
    5823,
    5654,
    5653,
    5282,
    5160,
    5150,
    5648,
    5317,
    5525,
    5330,
    5340,
    5196,
    5172,
    5290,
    5349,
    5663,
    5676,
    6954,
    4978,
    4941,
    5784,
    4872,
    5665,
    5682,
    5815,
    5091,
    5711,
    5714,
    5216,
    5973,
    6032,
    6826,
    4916,
    4699,
    5470,
    5399,
    5410,
    5461,
    5395,
    5644,
    5441,
    5469,
    5389,
    5630,
    5375,
    5513,
    5519,
    5634,
    5718,
    7790,
    5580,
    5583,
    5041,
    5047,
    5259,
    5416,
    5201,
    5350,
    5223,
    5251,
    5179,
    5248,
    5203,
    5526
  ],
  "frame_begin_times": [
    0,
    16758,
    33441,
    50135,
    67005,
    83565,
    100191,
    117001,
    133699,
    150383,
    167269,
    183748,
    200678,
    217358,
    234675,
    251189,
    267856,
    284818,
    301332,
    318145,
    334665,
    351385,
    368259,
    385270,
    401671,
    418371,
    434960,
    451685,
    468366,
    485093,
    501562,
    518503,
    537696,
    551428,
    568409,
    585155,
    601763,
    618152,
    635166,
    651567,
    668815,
    685399,
    702077,
    718869,
    735472,
    752248,
    768985,
    785837,
    802284,
    819012,
    835807,
    852272,
    869204,
    885574,
    902307,
    919090,
    936194,
    952735,
    969633,
    986156,
    1002413,
    1035788,
    1053023,
    1119412,
    1152905,
    1169910,
    1186276,
    1202935,
    1219851,
    1253317,
    1270106,
    1286545,
    1303404,
    1319990,
    1336907,
    1353635,
    1370073,
    1386702,
    1403310,
    1420375,
    1437167,
    1453857,
    1470218,
    1487005,
    1503576,
    1520300,
    1537071,
    1553787,
    1571056,
    1587619,
    1604641,
    1654806,
    1671239,
    1691155,
    1704083,
    1720857,
    1737533,
    1754173,
    1770920,
    1787945,
    1804616,
    1821489,
    1838168,
    1854720,
    1871556,
    1888129,
    1904570,
    1921381,
    1938046,
    1954786,
    1971421,
    1988228,
    2004798,
    2021640,
    2038348,
    2055243,
    2071986,
    2088623,
    2105444,
    2121851,
    2138869,
    2155559,
    2172013,
    2188689,
    2205369,
    2222840,
    2239280,
    2256429,
    2272932,
    2289509,
    2306103,
    2322896,
    2339525,
    2356741,
    2373075,
    2389871,
    2406304,
    2423062,
    2439825,
    2489490,
    2523818,
    2539397,
    2556198,
    2573356,
    2589935,
    2606633,
    2622991,
    2640076,
    2656715,
    2673511,
    2690372,
    2706863,
    2723646,
    2739908,
    2756760,
    2773457,
    2790064,
    2806751,
    2823522,
    2840279,
    2856970,
    2873913,
    2890536,
    2907532,
    2924084,
    2940743,
    2957536,
    2974152,
    2990823,
    3007206,
    3024029,
    3040714,
    3058387,
    3074772,
    3091439,
    3108072,
    3125118,
    3141430,
    3158253,
    3174938,
    3192277,
    3208232,
    3224879,
    3243623,
    3257958,
    3274565,
    3307914,
    3324706,
    3341823,
    3358108,
    3375014,
    3391553,
    3408270,
    3425177,
    3441983,
    3458621,
    3475455,
    3491865,
    3508737,
    3525499,
    3542783,
    3558847,
    3575394,
    3591932,
    3608735,
    3625412,
    3642094,
    3658805,
    3675632,
    3692322,
    3709302,
    3726016,
    3742637,
    3759499,
    3776173,
    3792760,
    3809971,
    3825895,
    3944199
  ],