{
  "average_frame_build_time_millis": 2.9932324561403503,
  "90th_percentile_frame_build_time_millis": 6.238,
  "99th_percentile_frame_build_time_millis": 24.133,
  "worst_frame_build_time_millis": 30.344,
  "missed_frame_build_budget_count": 5,
  "average_frame_rasterizer_time_millis": 7.212349557522121,
  "stddev_frame_rasterizer_time_millis": 2.873691361892079,
  "90th_percentile_frame_rasterizer_time_millis": 9.128,
  "99th_percentile_frame_rasterizer_time_millis": 46.819,
  "worst_frame_rasterizer_time_millis": 73.06,
  "missed_frame_rasterizer_budget_count": 9,
  "frame_count": 228,
  "frame_rasterizer_count": 226,
  "new_gen_gc_count": 10,
  "old_gen_gc_count": 2,
  "frame_build_times": [
    446,
    433,
    6914,
    1300,
    1293,
    1149,
    1178,
    1295,
    1270,
    1311,
    1253,
    1301,
    1305,
    1273,
    1395,
    1269,
    1312,
    1274,
    1265,
    1409,
    1395,
    1286,
    1475,
    1442,
    1278,
    1291,
    1361,
    1312,
    1296,
    1226,
    1241,
    1408,
    1412,
    3814,
    4324,
    7240,
    6824,
    5417,
    5585,
    8036,
    1104,
    1263,
    1354,
    1472,
    7614,
    2276,
    2188,
    3263,
    2039,
    1335,
    2125,
    13854,
    8974,
    6781,
    8947,
    3018,
    3150,
    3095,
    3206,
    3030,
    3032,
    3145,
    3147,
    3227,
    3702,
    6873,
    4777,
    4149,
    2618,
    3059,
    3227,
    3345,
    3064,
    3281,
    3478,
    3161,
    3209,
    3145,
    3105,
    3309,
    3470,
    579,
    497,
    417,
    549,
    511,
    26058,
    12945,
    6151,
    3033,
    1748,
    1312,
    1522,
    1601,
    1699,
    1869,
    1599,
    1645,
    1601,
    1545,
    1512,
    12305,
    428,
    385,
    503,
    5015,
    1266,
    482,
    403,
    472,
    575,
    572,
    496,
    633,
    436,
    432,
    432,
    439,
    520,
    478,
    403,
    11593,
    1671,
    1751,
    1520,
    1533,
    1546,
    1586,
    1504,
    1489,
    1524,
    3775,
    6238,
    4823,
    3551,
    3435,
    3734,
    21392,
    2270,
    1410,
    948,
    2156,
    1654,
    1931,
    2671,
    1751,
    1306,
    2740,
    1337,
    1896,
    1909,
    1173,
    24133,
    2617,
    4529,
    3881,
    2842,
    1315,
    3025,
    7040,
    5672,
    3137,
    3000,
    4315,
    4853,
    9658,
    8862,
    20011,
    2837,
    1889,
    2573,
    1347,
    1608,
    1450,
    1325,
    2297,
    3361,
    2145,
    1570,
    2590,
    1645,
    1501,
    30344,
    3650,
    1427,
    1398,
    1405,
    1443,
    1520,
    1380,
    1557,
    1538,
    1553,
    1533,
    1423,
    1365,
    1499,
    11609,
    3630,
    3396,
    1570,
    1521,
    1672,
    1620,
    1477,
    1578,
    1547,
    1797,
    1466,
    1709,
    1639,
    1679,
    1701,
    6382,
    3728,
    809,
    429,
    322,
    522,
    460,
    456,
    487,
    520,
    438,
    458,
    551,
    409,
    2008
  ],
  "frame_rasterizer_times": [
    4426,
    6896,
    4599,
    4581,
    4616,
    4581,
    4721,
    4869,
    4634,
    4789,
    4731,
    4632,
    4639,
    4772,
    4818,
    4732,
    4696,
    4647,
    4713,
    4675,
    4784,
    5130,
    4812,
    4820,
    4648,
    4886,
    4718,
    4689,
    4794,
    4844,
    5679,
    4719,
    4374,
    5130,
    4354,
    5141,
    4509,
    5045,
    5038,
    5006,
    4160,
    3916,
    4841,
    7665,
    5461,
    4955,
    4055,
    5094,
    4565,
    4969,
    9453,
    6646,
    5211,
    4134,
    5940,
    7248,
    8745,
    7140,
    8193,
    8213,
    8123,
    7823,
    6418,
    5131,
    4999,
    5059,
    4922,
    8473,
    11770,
    11072,
    8042,
    7787,
    8321,
    7341,
    7670,
    7898,
    7416,
    7980,
    6980,
    7781,
    9030,
    8276,
    9128,
    8976,
    9218,
    7629,
    73060,
    72013,
    46819,
    29021,
    22610,
    19635,
    19381,
    19744,
    17801,
    15858,
    6083,
    6290,
    5452,
    5395,
    8751,
    5566,
    5247,
    5405,
    8165,
    5449,
    5279,
    5146,
    5260,
    9511,
    5337,
    5433,
    5389,
    5460,
    5318,
    5254,
    5375,
    5299,
    5491,
    5551,
    10891,
    9225,
    5746,
    5655,
    5433,
    5661,
    5448,
    5424,
    5488,
    6027,
    5347,
    5468,
    5550,
    5674,
    6407,
    5072,
    7584,
    11359,
    7514,
    9448,
    6264,
    5727,
    4933,
    5618,
    5660,
    5580,
    5704,
    5692,
    5037,
    5848,
    5467,
    10554,
    5619,
    5300,
    4838,
    5399,
    6135,
    7455,
    8097,
    5769,
    5999,
    5675,
    9648,
    5949,
    7699,
    7532,
    5674,
    4076,
    4041,
    5145,
    4857,
    5609,
    4858,
    5663,
    5641,
    5664,
    5664,
    5958,
    4975,
    5881,
    5802,
    7963,
    9813,
    5661,
    5630,
    5533,
    5468,
    5419,
    5549,
    5421,
    5546,
    5568,
    5401,
    5279,
    5738,
    5579,
    6438,
    7772,
    5545,
    5311,
    5885,
    5624,
    5521,
    5433,
    5346,
    5351,
    5892,
    5361,
    5460,
    5485,
    5712,
    5651,
    6598,
    5614,
    6127,
    6838,
    5336,
    5330,
    5251,
    5165,
    5199,
    5197,
    5157,
    5120,
    5561,
    5414
  ],