{
  "average_frame_build_time_millis": 3.0458749999999988,
  "90th_percentile_frame_build_time_millis": 6.934,
  "99th_percentile_frame_build_time_millis": 14.584,
  "worst_frame_build_time_millis": 43.843,
  "missed_frame_build_budget_count": 2,
  "average_frame_rasterizer_time_millis": 11.891544186046513,
  "stddev_frame_rasterizer_time_millis": 5.066895013520822,
  "90th_percentile_frame_rasterizer_time_millis": 17.054,
  "99th_percentile_frame_rasterizer_time_millis": 31.128,
  "worst_frame_rasterizer_time_millis": 72.177,
  "missed_frame_rasterizer_budget_count": 82,
  "frame_count": 216,
  "frame_rasterizer_count": 215,
  "new_gen_gc_count": 6,
  "old_gen_gc_count": 4,
  "frame_build_times": [
    4530,
    8958,
    6547,
    699,
    518,
    458,
    431,
    442,
    399,
    6934,
    1114,
    1160,
    1167,
    1151,
    1216,
    1200,
    1149,
    1178,
    1231,
    1164,
    1317,
    1228,
    1172,
    1218,
    1216,
    1242,
    1358,
    1166,
    1226,
    1227,
    1202,
    1273,
    1262,
    1292,
    1187,
    1197,
    1312,
    1206,
    1238,
    1215,
    1193,
    3598,
    4026,
    3108,
    2447,
    2830,
    7786,
    2614,
    1964,
    1608,
    3251,
    11140,
    1701,
    1346,
    1170,
    3956,
    1130,
    1076,
    43843,
    10337,
    5567,
    2508,
    3378,
    3142,
    3154,
    3471,
    3681,
    3958,
    3076,
    6080,
    3442,
    2973,
    3270,
    3260,
    2981,
    2911,
    2783,
    3025,
    12092,
    4849,
    3317,
    3090,
    3167,
    3129,
    3483,
    386,
    440,
    446,
    4562,
    1072,
    861,
    1155,
    1014,
    2148,
    1329,
    1832,
    1561,
    1224,
    1537,
    1093,
    2002,
    1545,
    1277,
    1278,
    30317,
    3951,
    1557,
    6426,
    6057,
    7096,
    5464,
    5344,
    6670,
    5413,
    6247,
    8203,
    8350,
    7050,
    2975,
    12554,
    4959,
    510,
    595,
    473,
    420,
    559,
    522,
    492,
    590,
    604,
    628,
    526,
    622,
    500,
    596,
    11081,
    1916,
    1798,
    1391,
    1467,
    1548,
    1566,
    1731,
    1512,
    1513,
    1535,
    1546,
    1700,
    1572,
    1571,
    1469,
    7034,
    3263,
    7415,
    1066,
    2066,
    1810,
    1695,
    4530,
    1342,
    1409,
    2744,
    1390,
    1905,
    2059,
    1293,
    1360,
    14584,
    1749,
    1538,
    5184,
    9010,
    4232,
    7611,
    3608,
    10559,
    4095,
    3591,
    4324,
    4174,
    5818,
    7095,
    3144,
    11620,
    3583,
    1520,
    1436,
    1487,
    1460,
    1828,
    1271,
    1616,
    1580,
    1597,
    1669,
    1890,
    1752,
    1603,
    1633,
    5944,
    1577,
    1594,
    525,
    495,
    499,
    563,
    467,
    647,
    614,
    507,
    557,
    523,
    550,
    559,
    460,
    1327
  ],
  "frame_rasterizer_times": [
    18367,
    15083,
    15989,
    16511,
    16983,
    16753,
    16254,
    16530,
    16729,
    21290,
    12225,
    16559,
    16174,
    16575,
    16727,
    16769,
    17399,
    16369,
    16214,
    16574,
    16711,
    16751,
    16573,
    16548,
    16582,
    16746,
    16664,
    16349,
    17039,
    16436,
    16559,
    16682,
    16610,
    17426,
    15999,
    16227,
    16793,
    16681,
    17231,
    16628,
    17624,
    15728,
    16326,
    15416,
    16425,
    16945,
    16569,
    15618,
    17325,
    15964,
    17183,
    4816,
    6669,
    4835,
    4785,
    4160,
    4960,
    4759,
    6974,
    72177,
    31128,
    31401,
    19581,
    19639,
    19123,
    17092,
    14459,
    13250,
    12803,
    16643,
    16343,
    16742,
    16466,
    16491,
    16614,
    16620,
    16866,
    16905,
    16521,
    16480,
    16273,
    16687,
    16526,
    17095,
    19843,
    12920,
    16729,
    17054,
    16335,
    16138,
    16962,
    17798,
    16612,
    15358,
    19555,
    15022,
    17016,
    17291,
    15950,
    16333,
    16837,
    16569,
    16881,
    16133,
    7167,
    7940,
    4631,
    5006,
    5470,
    5556,
    5464,
    4840,
    5593,
    5715,
    5675,
    5482,
    5558,
    5127,
    5738,
    6859,
    11471,
    10700,
    7078,
    5702,
    5392,
    5159,
    5211,
    5215,
    5310,
    5768,
    5271,
    5199,
    5176,
    5227,
    5452,
    7618,
    9295,
    5540,
    5478,
    5309,
    5278,
    5433,
    5349,
    5275,
    5331,
    5319,
    5311,
    5338,
    5361,
    5313,
    5639,
    5965,
    6072,
    5987,
    6857,
    5644,
    5999,
    5814,
    5013,
    5824,
    5926,
    5619,
    5941,
    5834,
    5743,
    5249,
    5716,
    6511,
    11088,
    10389,
    9085,
    9305,
    8286,
    7824,
    8265,
    5390,
    9212,
    8406,
    7983,
    7757,
    8825,
    7836,
    7104,
    6752,
    18478,
    10286,
    9251,
    9089,
    8376,
    8875,
    10512,
    10631,
    10384,
    10474,
    9752,
    10502,
    10389,
    10340,
    10655,
    9525,
    10052,
    10340,
    10235,
    10271,
    10144,
    10394,
    10399,
    10823,
    10634,
    10596,
    10382,
    10274,
    10584,
    11165,
    10659
  ],
  "frame_begin_times": [
    0,
    16771,
    33526,
    50229,
    66969,
    83616,
    100372,
    117053,
    133725,
    150356,
    167211,
    183820,
    200758,
    217301,
    233983,
    250642,
    267656,
    284506,
    301038,
    317764,
    334591,
    351187,
    367879,
    384660,
    401782,
    418062,
    434870,
    451500,
    468240,
    484963,
    501538,
    518281,
    535081,
    551679,
    568457,
    585140,
    602181,
    618523,
    635318,
    652164,
    668662,
    687425,
    702489,
    719248,
    736944,
    752604,
    769077,
    786045,
    804075,
    819905,
    836402,
    869513,
    885946,
    903875,
    920135,
    936831,
    953051,
    969479,
    1004395,
    1052742,
    1069450,
    1136043,
    1169535,
    1203068,
    1220156,
    1236567,
    1253363,
    1269809,
    1286527,
    1303288,
    1320436,
    1336615,
    1353371,
    1370145,
    1386724,
    1403500,
    1420096,
    1436856,
    1453679,
    1470162,
    1486932,
    1503860,
    1520358,
    1537069,
    1553823,
    1570474,
    1587263,
    1604357,
    1620659,
    1637314,
    1654687,
    1671677,
    1688296,
    1705251,
    1722342,
    1740385,
    1755067,
    1771637,
    1788534,
    1805635,
    1822652,
    1839395,
    1855255,
    1872179,
    1938529,
    1971439,
    1988282,
    2006117,
    2022246,
    2040152,
    2056170,
    2072633,
    2089191,
    2106177,
    2122647,
    2139949,
    2156298,
    2172969,
    2188981,
    2223204,
    2239562,
    2255760,
    2272324,
    2289274,
    2305633,
    2322830,
    2339325,
    2356115,
    2372691,
    2389210,
    2406709,
    2422810,
    2439874,
    2456378,
    2473047,
    2489351,
    2506361,
    2522910,
    2539915,
    2556230,
    2572903,
    2589736,
    2606356,
    2623433,
    2640267,
    2656781,
    2673470,
    2690221,
    2706864,
    2723891,
    2740017,
    2756718,
    2773320,
    2791192,
    2807416,
    2825415,
    2841392,
    2857369,
    2874094,
    2891303,
    2908483,
    2925197,
    2941419,
    2958259,
    2974378,
    2991828,
    3008720,
    3058197,
    3074074,
    3091160,
    3108536,
    3125096,
    3142012,
    3158484,
    3174919,
    3193180,
    3208697,
    3225149,
    3241817,
    3258458,
    3275560,
    3292342,
    3308658,
    3342380,
    3358185,
    3375569,
    3391733,
    3408286,
    3425003,
    3442086,
    3458381,
    3475428,
    3492004,
    3508866,
    3525609,
    3542019,
    3558992,
    3575731,
    3592172,
    3608794,
    3625570,
    3642569,
    3658930,
    3675676,
    3692400,
    3709069,
    3725719,
    3742863,
    3759453,
    3776203,
    3792614,
    3809628,
    3826313,
    3842753,
    3859499,
    3978038
  ],