{
  "average_frame_build_time_millis": 2.890290476190476,
  "90th_percentile_frame_build_time_millis": 5.872,
  "99th_percentile_frame_build_time_millis": 16.587,
  "worst_frame_build_time_millis": 55.789,
  "missed_frame_build_budget_count": 3,
  "average_frame_rasterizer_time_millis": 6.757033492822965,
  "stddev_frame_rasterizer_time_millis": 2.4253932373343106,
  "90th_percentile_frame_rasterizer_time_millis": 9.075,
  "99th_percentile_frame_rasterizer_time_millis": 28.791,
  "worst_frame_rasterizer_time_millis": 68.791,
  "missed_frame_rasterizer_budget_count": 8,
  "frame_count": 210,
  "frame_rasterizer_count": 209,
  "new_gen_gc_count": 8,
  "old_gen_gc_count": 2,
  "frame_build_times": [
    4388,
    4389,
    4633,
    4574,
    4861,
    8652,
    5845,
    745,
    511,
    473,
    593,
    593,
    423,
    6859,
    1329,
    1387,
    1293,
    1201,
    1156,
    1150,
    1397,
    1370,
    1226,
    1269,
    1226,
    1392,
    1309,
    1244,
    1275,
    1190,
    1404,
    1380,
    1249,
    1208,
    1286,
    1325,
    1359,
    1334,
    1230,
    1356,
    1316,
    1223,
    1399,
    1261,
    1259,
    6215,
    6761,
    4945,
    4618,
    6071,
    7758,
    1546,
    1762,
    2464,
    1632,
    16587,
    2012,
    1200,
    1127,
    1708,
    1463,
    55789,
    14218,
    8043,
    4987,
    3271,
    4655,
    2668,
    5667,
    3705,
    3709,
    3511,
    3365,
    3402,
    3497,
    3226,
    3166,
    2938,
    3135,
    3203,
    13087,
    3122,
    3706,
    3426,
    5170,
    1108,
    430,
    558,
    521,
    513,
    487,
    512,
    509,
    479,
    478,
    538,
    486,
    1313,
    2712,
    2284,
    33992,
    3898,
    5487,
    5934,
    8001,
    4809,
    1650,
    1541,
    1598,
    1623,
    1673,
    1561,
    1570,
    1720,
    7444,
    2257,
    2325,
    540,
    541,
    530,
    491,
    511,
    488,
    560,
    510,
    706,
    577,
    511,
    506,
    529,
    11407,
    1918,
    1581,
    1650,
    1667,
    1601,
    1594,
    1656,
    4287,
    5775,
    8084,
    5872,
    5319,
    2728,
    3078,
    1720,
    7841,
    3190,
    476,
    537,
    559,
    633,
    533,
    523,
    475,
    578,
    556,
    516,
    506,
    494,
    457,
    11504,
    1859,
    1487,
    1390,
    1698,
    1431,
    1379,
    1333,
    1430,
    1649,
    1488,
    1494,
    5341,
    4885,
    4574,
    3447,
    9582,
    3732,
    1568,
    1567,
    1452,
    1529,
    1656,
    1614,
    1669,
    1588,
    1620,
    1569,
    1578,
    1627,
    1588,
    1615,
    6238,
    1540,
    1571,
    508,
    517,
    485,
    490,
    518,
    514,
    480,
    500,
    513,
    576,
    521,
    539,
    3253,
    1356
  ],
  "frame_rasterizer_times": [
    5187,
    5081,
    5147,
    5012,
    6812,
    4760,
    4809,
    4437,
    4222,
    4293,
    13141,
    4285,
    4401,
    6718,
    4737,
    4559,
    4641,
    4458,
    4612,
    4740,
    4630,
    4754,
    4862,
    4613,
    4642,
    4837,
    4872,
    4706,
    4658,
    4671,
    4959,
    4704,
    5160,
    4681,
    5042,
    4867,
    4657,
    4692,
    5043,
    4747,
    4843,
    4797,
    4709,
    4679,
    4779,
    4530,
    5054,
    4366,
    5119,
    5124,
    4913,
    7067,
    4802,
    4830,
    4893,
    7403,
    13508,
    9506,
    6223,
    5353,
    5083,
    7115,
    68791,
    33348,
    28791,
    19659,
    18385,
    18203,
    18715,
    17436,
    14513,
    13503,
    12432,
    12242,
    10833,
    8627,
    8665,
    8724,
    9075,
    8594,
    7951,
    9239,
    9606,
    9152,
    7492,
    5253,
    5185,
    7501,
    5089,
    5161,
    5141,
    5144,
    7892,
    5646,
    5237,
    5266,
    5109,
    8522,
    4931,
    5249,
    8314,
    7488,
    5545,
    5631,
    4879,
    5719,
    6159,
    5538,
    5322,
    5323,
    5289,
    5310,
    5275,
    6173,
    5665,
    5617,
    5460,
    5113,
    5192,
    5210,
    5503,
    5218,
    5319,
    5225,
    5232,
    5426,
    5384,
    5255,
    5212,
    5495,
    8057,
    9352,
    5307,
    5451,
    5343,
    5564,
    5417,
    5519,
    5358,
    5760,
    5165,
    5874,
    5671,
    10276,
    8533,
    5663,
    7527,
    5847,
    5589,
    5409,
    5264,
    5358,
    5232,
    5427,
    5272,
    5196,
    5466,
    5293,
    5209,
    5322,
    5706,
    5803,
    7812,
    6031,
    5333,
    5411,
    5375,
    5209,
    5389,
    5278,
    5682,
    5410,
    5453,
    5613,
    4704,
    5945,
    5637,
    6240,
    6095,
    7447,
    5698,
    5996,
    5534,
    5492,
    5518,
    6124,
    5469,
    5450,
    5420,
    5410,
    5513,
    5369,
    5539,
    5936,
    5417,
    5566,
    5362,
    5221,
    5576,
    5200,
    5143,
    5196,
    5275,
    5254,
    5530,
    5200,
    5327,
    5544,
    5309
  ],
  "frame_begin_times": [
    0,
    16501,
    33441,
    49904,
    67028,
    83344,
    100028,
    116797,
    133478,
    150111,
    166871,
    183577,
    200340,
    216920,
    233640,
    250353,
    267372,
    283857,
    300471,
    317194,
    333839,
    351484,
    367779,
    384334,
    401364,
    417741,
    434434,
    450967,
    467999,
    484739,
    501270,
    517966,
    534801,
    551452,
    568147,
    584832,
    601508,
    618235,
    635049,
    651710,
    668400,
    685112,
    701855,
    718507,
    735643,
    752764,
    769137,
    785993,
    802280,
    819262,
    835743,
    852403,
    870017,
    886381,
    902796,
    936033,
    969764,
    986172,
    1002836,
    1019923,
    1036704,
    1086781,
    1152582,
    1169863,
    1236836,
    1286382,
    1304957,
    1319734,
    1336837,
    1353126,
    1369972,
    1386717,
    1403365,
    1420033,
    1436989,
    1453710,
    1470188,
    1487072,
    1503926,
    1520325,
    1536798,
    1553532,
    1570388,
    1586957,
    1620339,
    1637149,
    1653748,
    1670474,
    1687326,
    1704070,
    1720587,
    1737641,
    1754394,
    1770723,
    1788376,
    1804341,
    1821080,
    1838405,
    1854961,
    1871679,
    1921741,
    1971818,
    1988721,
    2006259,
    2022365,
    2039556,
    2056829,
    2071591,
    2088507,
    2105192,
    2121675,
    2138605,
    2155100,
    2171745,
    2188371,
    2205163,
    2221914,
    2238525,
    2255308,
    2272065,
    2288569,
    2305669,
    2322095,
    2339166,
    2355786,
    2372485,
    2389220,
    2405908,
    2422719,
    2439099,
    2455766,
    2472500,
    2489228,
    2506198,
    2522544,
    2539386,
    2555987,
    2572727,
    2589843,
    2607409,
    2623951,
    2640045,
    2660173,
    2673197,
    2690266,
    2706328,
    2739721,
    2756425,
    2773644,
    2790385,
    2806561,
    2823381,
    2840148,
    2856910,
    2873643,
    2890621,
    2907066,
    2923857,
    2940529,
    2957334,
    2973713,
    2990513,
    3007226,
    3023868,
    3040487,
    3057513,
    3074400,
    3090991,
    3107459,
    3124329,
    3141023,
    3157826,
    3174476,
    3192792,
    3208030,
    3225208,
    3243932,
    3274170,
    3295853,
    3307846,
    3324502,
    3341121,
    3358303,
    3375066,
    3391537,
    3408038,
    3424925,
    3441800,
    3458331,
    3475096,
    3491987,
    3508453,
    3524899,
    3541624,
    3558430,
    3575121,
    3592292,
    3608482,
    3625518,
    3642015,
    3658838,
    3675704,
    3692238,
    3709110,
    3725682,
    3742420,
    3759203,
    3775625,
    3793909,
    3909759
  ],