{
  "average_frame_build_time_millis": 3.1146759259259245,
  "90th_percentile_frame_build_time_millis": 6.21,
  "99th_percentile_frame_build_time_millis": 14.292,
  "worst_frame_build_time_millis": 78.168,
  "missed_frame_build_budget_count": 1,
  "average_frame_rasterizer_time_millis": 6.745084112149535,
  "stddev_frame_rasterizer_time_millis": 2.202654554982969,
  "90th_percentile_frame_rasterizer_time_millis": 9.113,
  "99th_percentile_frame_rasterizer_time_millis": 17.579,
  "worst_frame_rasterizer_time_millis": 56.992,
  "missed_frame_rasterizer_budget_count": 4,
  "frame_count": 216,
  "frame_rasterizer_count": 214,
  "new_gen_gc_count": 6,
  "old_gen_gc_count": 2,
  "frame_build_times": [
    4478,
    4393,
    4599,
    4765,
    8605,
    6798,
    980,
    488,
    492,
    445,
    446,
    488,
    6541,
    1241,
    1176,
    1153,
    5377,
    4518,
    5458,
    4084,
    4947,
    3089,
    3759,
    3340,
    4897,
    7359,
    4504,
    4768,
    5729,
    4479,
    4515,
    5829,
    6706,
    3170,
    5974,
    5891,
    3773,
    4219,
    4343,
    6026,
    6339,
    4520,
    4917,
    6809,
    4272,
    6183,
    6437,
    5770,
    4686,
    5291,
    1511,
    1486,
    1544,
    1409,
    14913,
    2859,
    1543,
    2077,
    1355,
    1561,
    78168,
    14292,
    4659,
    2862,
    2917,
    3153,
    3276,
    3092,
    3420,
    3339,
    3461,
    6253,
    4044,
    3231,
    3101,
    2954,
    3074,
    3119,
    13827,
    3431,
    3846,
    3667,
    3345,
    2518,
    2521,
    3629,
    4094,
    3896,
    1529,
    462,
    312,
    484,
    455,
    684,
    523,
    553,
    497,
    604,
    556,
    483,
    557,
    484,
    425,
    12050,
    1911,
    1409,
    2724,
    1028,
    1515,
    1684,
    1659,
    1531,
    1445,
    3305,
    1888,
    1718,
    1612,
    1580,
    1494,
    7293,
    2285,
    2465,
    609,
    615,
    384,
    404,
    445,
    520,
    500,
    513,
    898,
    521,
    580,
    649,
    536,
    11212,
    1792,
    1700,
    1633,
    1563,
    1527,
    1379,
    1749,
    1512,
    1546,
    1586,
    1644,
    1709,
    1774,
    1491,
    1528,
    7445,
    3183,
    6484,
    1179,
    1281,
    1207,
    1524,
    1809,
    1377,
    6210,
    1757,
    2082,
    1387,
    1035,
    1167,
    951,
    8223,
    1348,
    1265,
    1233,
    1281,
    1207,
    1226,
    3354,
    1210,
    3482,
    1124,
    1785,
    1440,
    1282,
    1358,
    1593,
    10004,
    3524,
    3710,
    2532,
    1281,
    1406,
    1430,
    1751,
    1525,
    2881,
    1415,
    1282,
    1395,
    1655,
    1625,
    1342,
    6449,
    2770,
    1228,
    494,
    438,
    481,
    442,
    549,
    427,
    469,
    491,
    474,
    453,
    545,
    655,
    486,
    436
  ],
  "frame_rasterizer_times": [
    4510,
    6288,
    4864,
    8076,
    5004,
    3345,
    4287,
    4240,
    4214,
    4537,
    4864,
    7279,
    4697,
    4544,
    4722,
    4888,
    4902,
    4369,
    4956,
    5100,
    4706,
    4480,
    5016,
    5080,
    4345,
    5113,
    5078,
    4995,
    4352,
    5004,
    5282,
    4397,
    4297,
    5068,
    5098,
    4339,
    5167,
    4971,
    4502,
    5114,
    5132,
    5008,
    5163,
    4415,
    5029,
    5102,
    5068,
    5102,
    4751,
    3990,
    4951,
    4826,
    4934,
    6684,
    6429,
    4918,
    4986,
    5064,
    5096,
    5293,
    56992,
    49743,
    8628,
    8305,
    7583,
    7882,
    10725,
    13504,
    17579,
    17062,
    13495,
    12277,
    5435,
    5465,
    5374,
    5672,
    5806,
    14819,
    5733,
    5498,
    7015,
    4661,
    3977,
    4103,
    6022,
    8076,
    7291,
    4642,
    4091,
    6278,
    5491,
    5215,
    7192,
    5240,
    5571,
    5251,
    5330,
    5691,
    5415,
    5725,
    5599,
    5701,
    7333,
    7886,
    4467,
    5610,
    4133,
    5425,
    5356,
    5557,
    5398,
    5591,
    7030,
    6679,
    5505,
    5440,
    6273,
    5826,
    6174,
    5807,
    5869,
    5906,
    6127,
    5313,
    4998,
    4799,
    5828,
    6145,
    6498,
    5685,
    6523,
    6403,
    5574,
    5598,
    5836,
    6836,
    5632,
    5655,
    5541,
    5872,
    5502,
    5644,
    5431,
    5363,
    5430,
    5659,
    5419,
    5453,
    5327,
    5523,
    7749,
    9113,
    5817,
    5114,
    5985,
    5776,
    5775,
    5472,
    5654,
    5867,
    6751,
    5631,
    5614,
    8558,
    5680,
    5438,
    9594,
    9568,
    5906,
    4593,
    4543,
    4190,
    4267,
    4518,
    4234,
    4818,
    4095,
    5885,
    5774,
    4390,
    5334,
    4942,
    8779,
    13969,
    11849,
    10394,
    8537,
    8284,
    10039,
    9196,
    9307,
    9016,
    8195,
    8782,
    7275,
    7204,
    8125,
    4442,
    8070,
    8924,
    8299,
    9154,
    8911,
    6594,
    8804,
    8762,
    9552,
    8857,
    6978,
    8206,
    7931,
    10022,
    8894,
    9388
  ],
  "frame_begin_times": [
    0,
    16794,
    33649,
    50245,
    66751,
    83578,
    100301,
    117037,
    133695,
    150403,
    167064,
    183720,
    200512,
    217290,
    233971,
    250850,
    268108,
    284580,
    301678,
    317906,
    334822,
    351826,
    367710,
    384511,
    401571,
    418416,
    435230,
    452091,
    468302,
    485263,
    502011,
    518750,
    535247,
    552012,
    568594,
    585700,
    602005,
    618798,
    635423,
    652517,
    669080,
    685651,
    702311,
    719124,
    735697,
    752449,
    769166,
    785857,
    802622,
    818785,
    835868,
    853070,
    869353,
    886057,
    919699,
    953091,
    969655,
    986520,
    1002978,
    1019777,
    1070749,
    1155125,
    1186441,
    1236399,
    1286564,
    1303109,
    1319908,
    1336676,
    1353581,
    1369996,
    1386702,
    1403844,
    1420148,
    1437069,
    1453874,
    1470198,
    1487013,
    1503712,
    1520897,
    1539785,
    1553709,
    1570422,
    1588150,
    1603814,
    1620479,
    1637234,
    1654041,
    1687399,
    1704408,
    1720651,
    1737454,
    1754124,
    1770972,
    1787952,
    1804709,
    1822036,
    1838121,
    1854843,
    1871527,
    1888477,
    1905076,
    1921401,
    1938238,
    1954666,
    1971412,
    1988675,
    2005522,
    2021517,
    2038691,
    2055017,
    2072202,
    2088619,
    2105110,
    2122124,
    2138698,
    2155445,
    2172222,
    2188749,
    2205339,
    2222143,
    2238994,
    2256043,
    2272335,
    2289360,
    2307001,
    2322525,
    2338970,
    2355598,
    2372529,
    2389309,
    2406425,
    2423028,
    2439347,
    2455929,
    2472401,
    2489214,
    2506224,
    2523149,
    2539953,
    2556516,
    2573027,
    2589646,
    2606680,
    2623417,
    2640322,
    2656707,
    2673288,
    2690258,
    2706751,
    2723621,
    2740117,
    2756609,
    2773385,
    2790477,
    2807272,
    2824103,
    2840836,
    2857755,
    2874119,
    2890918,
    2907998,
    2925005,
    2940840,
    2957589,
    2973946,
    2991275,
    3007713,
    3040516,
    3057136,
    3074317,
    3090879,
    3107882,
    3124388,
    3145021,
    3157943,
    3174761,
    3191178,
    3207908,
    3224899,
    3241377,
    3257986,
    3274925,
    3291706,
    3312513,
    3326300,
    3341626,
    3358253,
    3374899,
    3391588,
    3408120,
    3425201,
    3441615,
    3458442,
    3475392,
    3492168,
    3509113,
    3525312,
    3542273,
    3558374,
    3575373,
    3592727,
    3608764,
    3625479,
    3642142,
    3659076,
    3675446,
    3692625,
    3709394,
    3726060,
    3742886,
    3759253,
    3775865,
    3792821,
    3809542,
    3826130,
    3943051
  ],