{
  "average_frame_build_time_millis": 0.8207902097902099,
  "90th_percentile_frame_build_time_millis": 1.427,
  "99th_percentile_frame_build_time_millis": 7.576,
  "worst_frame_build_time_millis": 10.518,
  "missed_frame_build_budget_count": 0,
  "average_frame_rasterizer_time_millis": 0.8013194444444446,
  "stddev_frame_rasterizer_time_millis": 0.10229899691358026,
  "90th_percentile_frame_rasterizer_time_millis": 0.95,
  "99th_percentile_frame_rasterizer_time_millis": 1.35,
  "worst_frame_rasterizer_time_millis": 1.802,
  "missed_frame_rasterizer_budget_count": 0,
  "frame_count": 143,
  "frame_rasterizer_count": 144,
  "new_gen_gc_count": 12,
  "old_gen_gc_count": 4,
  "frame_build_times": [
    265,
    260,
    271,
    7576,
    644,
    782,
    782,
    913,
    1100,
    891,
    1148,
    343,
    402,
    832,
    435,
    882,
    1076,
    1225,
    1402,
    1348,
    1214,
    1308,
    326,
    10518,
    704,
    438,
    729,
    777,
    917,
    651,
    337,
    299,
    248,
    1812,
    1234,
    1427,
    1368,
    1580,
    1790,
    1476,
    1189,
    1230,
    388,
    336,
    333,
    305,
    299,
    320,
    291,
    326,
    313,
    306,
    305,
    325,
    294,
    320,
    296,
    315,
    360,
    373,
    296,
    293,
    1913,
    791,
    293,
    209,
    1582,
    1406,
    160,
    314,
    209,
    196,
    4715,
    1016,
    828,
    795,
    770,
    743,
    718,
    964,
    793,
    973,
    2264,
    747,
    687,
    679,
    728,
    647,
    650,
    620,
    744,
    189,
    1577,
    595,
    207,
    168,
    179,
    187,
    158,
    187,
    185,
    168,
    4306,
    1055,
    815,
    727,
    802,
    740,
    729,
    697,
    718,
    724,
    2134,
    667,
    655,
    646,
    769,
    501,
    624,
    630,
    659,
    166,
    1493,
    601,
    153,
    211,
    151,
    172,
    165,
    193,
    135,
    191,
    1356,
    675,
    166,
    178,
    153,
    161,
    176,
    164,
    186,
    169,
    263
  ],
  "frame_rasterizer_times": [
    792,
    805,
    796,
    787,
    1802,
    563,
    674,
    708,
    669,
    756,
    717,
    823,
    370,
    384,
    499,
    339,
    690,
    878,
    893,
    998,
    981,
    974,
    944,
    872,
    1350,
    701,
    549,
    708,
    459,
    404,
    481,
    288,
    292,
    218,
    809,
    874,
    986,
    969,
    953,
    950,
    906,
    974,
    950,
    998,
    793,
    957,
    876,
    855,
    905,
    834,
    895,
    867,
    884,
    822,
    908,
    843,
    875,
    825,
    827,
    872,
    857,
    829,
    838,
    860,
    779,
    889,
    848,
    800,
    863,
    650,
    905,
    816,
    734,
    796,
    913,
    836,
    854,
    853,
    833,
    809,
    817,
    865,
    1136,
    861,
    951,
    887,
    847,
    870,
    829,
    783,
    808,
    858,
    784,
    733,
    814,
    781,
    829,
    824,
    785,
    824,
    819,
    796,
    770,
    779,
    738,
    850,
    725,
    814,
    827,
    816,
    818,
    801,
    819,
    689,
    838,
    802,
    807,
    781,
    552,
    822,
    740,
    762,
    738,
    717,
    761,
    736,
    818,
    762,
    739,
    816,
    768,
    617,
    757,
    788,
    920,
    840,
    812,
    793,
    816,
    757,
    783,
    833,
    805,
    1030
  ],
  "frame_begin_times": [
    0,
    16679,
    33348,
    49923,
    66606,
    83330,
    100082,
    116428,
    133413,
    149998,
    176690,
    184123,
    200743,
    216571,
    233152,
    250051,
    266663,
    283373,
    300066,
    316681,
    333365,
    350032,
    366700,
    383314,
    400139,
    416741,
    433367,
    449829,
    466773,
    483203,
    499794,
    516480,
    533121,
    550024,
    566672,
    583447,
    600027,
    616669,
    633387,
    650013,
    666675,
    683378,
    700056,
    716637,
    733343,
    750033,
    766683,
    783319,
    800023,
    816668,
    833348,
    850029,
    866648,
    883342,
    899995,
    916696,
    933321,
    950018,
    966660,
    983301,
    1000016,
    1016647,
    1033324,
    1050025,
    1066658,
    1083298,
    1099987,
    1116647,
    1133282,
    1149972,
    1166689,
    1183328,
    1199986,
    1216668,
    1233312,
    1249970,
    1266734,
    1283384,
    1300012,
    1316694,
    1333352,
    1350090,
    1366628,
    1383381,
    1400030,
    1416729,
    1433412,
    1450020,
    1466695,
    1483331,
    1500008,
    1516660,
    1533330,
    1550036,
    1566688,
    1583340,
    1600057,
    1616699,
    1633397,
    1650021,
    1666683,
    1683364,
    1699989,
    1716682,
    1733394,
    1749997,
    1766698,
    1783389,
    1800027,
    1816685,
    1833383,
    1850036,
    1866657,
    1883377,
    1900058,
    1916763,
    1933416,
    1949986,
    1966751,
    1983386,
    2000060,
    2016718,
    2033335,
    2050067,
    2066735,
    2083384,
    2100084,
    2116751,
    2133388,
    2150072,
    2166679,
    2183425,
    2200026,
    2216764,
    2233393,
    2250073,
    2266729,
    2283438,
    2300059,
    2316723,
    2333438,
    2350114,
    2466657
  ],
  "frame_rasterizer_begin_times": [
    0,
    16716,
    33405,
    50067,
    72548,
    83285,
    100049,
    116813,
    133157,
    150282,
    166789,
    193780,
    200676,
    217365,
    233513,
    249826,
    266967,
    283597,
    300433,
    317156,
    333776,
    350421,
    367087,
    383457,
    408898,
    416900,
    433429,
    450088,
    466641,
    483788,
    499983,
    516391,
    533061,
    549682,
    567487,
    583715,
    600558,
    617116,
    633884,
    650772,
    667223,
    683701,
    700438,
    716873,
    733421,
    750124,
    766789,
    783430,
    800066,
    816763,
    833445,
    850110,
    866786,
    883403,
    900090,
    916751,
    933470,
    950067,
    966786,
    983422,
    1000125,
    1016762,
    1033375,
    1050524,
    1066768,
    1083404,
    1099938,
    1117095,
    1133751,
    1149891,
    1166680,
    1183344,
    1199961,
    1219909,
    1233440,
    1250043,
    1266675,
    1283420,
    1300070,
    1316671,
    1333372,
    1350068,
    1366862,
    1384082,
    1400073,
    1416698,
    1433399,
    1450101,
    1466690,
    1483342,
    1499995,
    1516715,
    1533289,
    1550642,
    1566645,
    1583289,
    1599948,
    1616667,
    1633306,
    1649999,
    1666631,
    1683308,
    1699975,
    1719548,
    1733404,
    1750082,
    1766666,
    1783379,
    1800059,
    1816709,
    1833360,
    1850051,
    1866704,
    1884061,
    1900050,
    1916731,
    1933438,
    1950073,
    1966604,
    1983401,
    2000041,
    2016723,
    2033321,
    2050574,
    2066681,
    2083330,
    2099983,
    2116683,
    2133355,
    2150021,
    2166682,
    2183252,
    2200063,
    2217117,
    2233404,
    2250005,
    2266698,
    2283326,
    2300042,
    2316678,
    2333324,
    2350066,
    2366727,
    2483328
  ],
  "average_vsync_transitions_missed": 0.0,
  "90th_percentile_vsync_transitions_missed": 0.0,
  "99th_percentile_vsync_transitions_missed": 0.0,
  "average_vsync_frame_lag": 0.0,
  "90th_percentile_vsync_frame_lag": 0.0,
  "99th_percentile_vsync_frame_lag": 0.0,
  "average_layer_cache_count": 0.0,
  "90th_percentile_layer_cache_count": 0.0,
  "99th_percentile_layer_cache_count": 0.0,
  "average_frame_request_pending_latency": 16302.204225352112,
  "90th_percentile_frame_request_pending_latency": 16616.0,
  "99th_percentile_frame_request_pending_latency": 16916.0,
  "worst_layer_cache_count": 0.0,
  "average_layer_cache_memory": 0.0,
  "90th_percentile_layer_cache_memory": 0.0,
  "99th_percentile_layer_cache_memory": 0.0,
  "worst_layer_cache_memory": 0.0,
  "average_picture_cache_count": 0.0,
  "90th_percentile_picture_cache_count": 0.0,
  "99th_percentile_picture_cache_count": 0.0,
  "worst_picture_cache_count": 0.0,
  "average_picture_cache_memory": 0.0,