{
  "average_frame_build_time_millis": 0.8238111888111886,
  "90th_percentile_frame_build_time_millis": 1.471,
  "99th_percentile_frame_build_time_millis": 9.643,
  "worst_frame_build_time_millis": 9.894,
  "missed_frame_build_budget_count": 0,
  "average_frame_rasterizer_time_millis": 0.8542237762237765,
  "stddev_frame_rasterizer_time_millis": 0.1366309354980686,
  "90th_percentile_frame_rasterizer_time_millis": 0.998,
  "99th_percentile_frame_rasterizer_time_millis": 1.684,
  "worst_frame_rasterizer_time_millis": 1.729,
  "missed_frame_rasterizer_budget_count": 0,
  "frame_count": 143,
  "frame_rasterizer_count": 143,
  "new_gen_gc_count": 10,
  "old_gen_gc_count": 2,
  "frame_build_times": [
    264,
    249,
    244,
    9643,
    609,
    1153,
    416,
    394,
    623,
    411,
    265,
    769,
    850,
    1931,
    1061,
    1224,
    1192,
    1269,
    1428,
    1120,
    1410,
    1300,
    352,
    9894,
    679,
    456,
    755,
    821,
    629,
    405,
    271,
    710,
    876,
    1817,
    1131,
    1350,
    1184,
    1257,
    1308,
    1342,
    1472,
    1637,
    1130,
    323,
    277,
    319,
    293,
    276,
    309,
    285,
    322,
    303,
    298,
    301,
    282,
    290,
    255,
    291,
    310,
    280,
    266,
    270,
    1597,
    800,
    265,
    295,
    178,
    1667,
    1190,
    192,
    176,
    251,
    4212,
    886,
    815,
    841,
    833,
    725,
    802,
    853,
    838,
    836,
    2217,
    704,
    679,
    744,
    665,
    687,
    658,
    613,
    688,
    226,
    1471,
    400,
    142,
    192,
    177,
    207,
    169,
    192,
    177,
    181,
    3829,
    854,
    762,
    851,
    676,
    691,
    721,
    714,
    700,
    692,
    2059,
    642,
    646,
    685,
    631,
    638,
    584,
    641,
    629,
    225,
    1605,
    545,
    187,
    208,
    151,
    201,
    164,
    148,
    196,
    137,
    1701,
    659,
    165,
    230,
    157,
    199,
    189,
    212,
    188,
    159,
    242
  ],
  "frame_rasterizer_times": [
    892,
    941,
    888,
    1684,
    583,
    628,
    433,
    426,
    347,
    252,
    216,
    693,
    700,
    1345,
    1220,
    1457,
    1251,
    1729,
    1582,
    1199,
    1326,
    931,
    977,
    1390,
    686,
    576,
    750,
    530,
    424,
    285,
    238,
    621,
    753,
    804,
    885,
    990,
    953,
    987,
    936,
    1046,
    1031,
    955,
    969,
    948,
    747,
    945,
    903,
    930,
    956,
    901,
    984,
    926,
    897,
    903,
    893,
    939,
    739,
    895,
    876,
    883,
    875,
    844,
    726,
    843,
    849,
    826,
    902,
    784,
    675,
    826,
    840,
    779,
    835,
    761,
    865,
    872,
    827,
    843,
    816,
    998,
    912,
    1003,
    818,
    965,
    893,
    897,
    906,
    925,
    873,
    827,
    875,
    873,
    795,
    578,
    680,
    870,
    782,
    875,
    787,
    853,
    882,
    812,
    902,
    787,
    908,
    891,
    698,
    821,
    854,
    825,
    817,
    859,
    713,
    944,
    896,
    843,
    834,
    835,
    695,
    821,
    807,
    786,
    687,
    851,
    808,
    807,
    764,
    823,
    769,
    791,
    802,
    609,
    867,
    850,
    873,
    974,
    818,
    881,
    879,
    928,
    899,
    783,
    1114
  ],
  "frame_begin_times": [
    0,
    16667,
    33346,
    50039,
    66609,
    88059,
    99887,
    116485,
    133193,
    149833,
    166510,
    183457,
    199953,
    216689,
    233356,
    250050,
    266721,
    283389,
    300118,
    316707,
    333461,
    350096,
    366693,
    383369,
    400244,
    416660,
    433288,
    450224,
    466531,
    483176,
    499845,
    516703,
    533287,
    550012,
    566672,
    583368,
    600073,
    616689,
    633353,
    650132,
    666722,
    683352,
    700058,
    716698,
    733348,
    750032,
    766696,
    783395,
    800057,
    816680,
    833407,
    850018,
    866682,
    883353,
    900005,
    916707,
    933334,
    950046,
    966681,
    983382,
    1000018,
    1016712,
    1033300,
    1050028,
    1066681,
    1083366,
    1100008,
    1116709,
    1133347,
    1150044,
    1166718,
    1183313,
    1199978,
    1216706,
    1233376,
    1250046,
    1266711,
    1283378,
    1300023,
    1316828,
    1333408,
    1350077,
    1366658,
    1383399,
    1400059,
    1416781,
    1433412,
    1450052,
    1466733,
    1483405,
    1500059,
    1516694,
    1533357,
    1549983,
    1566695,
    1583404,
    1600059,
    1616773,
    1633392,
    1650100,
    1666744,
    1683400,
    1700024,
    1716672,
    1733432,
    1750074,
    1766690,
    1783393,
    1800057,
    1816732,
    1833404,
    1850019,
    1866641,
    1883418,
    1900083,
    1916732,
    1933430,
    1950072,
    1966692,
    1983436,
    2000089,
    2016673,
    2033336,
    2050060,
    2066756,
    2083412,
    2100120,
    2116769,
    2133442,
    2150080,
    2166776,
    2183386,
    2200111,
    2216787,
    2233450,
    2250189,
    2266807,
    2283394,
    2300147,
    2316863,
    2333474,
    2350099,
    2466685
  ],
  "frame_rasterizer_begin_times": [
    0,
    16655,
    33326,
    58002,
    66548,
    88413,
    99784,
    116370,
    133282,
    149706,
    166370,
    183532,
    200001,
    217512,
    233606,
    250367,
    267037,
    283726,
    300507,
    316997,
    333829,
    350462,
    366773,
    391577,
    400242,
    416618,
    433315,
    450476,
    466605,
    483051,
    499698,
    516719,
    533347,
    550753,
    566988,
    583722,
    600385,
    617055,
    633710,
    650502,
    667142,
    683886,
    700365,
    716749,
    733357,
    750085,
    766723,
    783391,
    800094,
    816698,
    833458,
    850054,
    866712,
    883385,
    900019,
    916724,
    933323,
    950073,
    966724,
    983387,
    1000019,
    1016693,
    1033706,
    1050055,
    1066682,
    1083394,
    1099918,
    1117146,
    1133635,
    1149973,
    1166632,
    1183290,
    1202780,
    1216726,
    1233348,
    1250027,
    1266683,
    1283322,
    1299966,
    1316831,
    1333383,
    1350061,
    1367359,
    1383370,
    1400026,
    1416739,
    1433356,
    1450011,
    1466695,
    1483345,
    1500031,
    1516638,
    1533892,
    1549825,
    1566566,
    1583294,
    1599964,
    1616684,
    1633280,
    1650001,
    1666644,
    1683290,
    1702598,
    1716676,
    1733395,
    1750120,
    1766610,
    1783330,
    1800051,
    1816684,
    1833356,
    1849962,
    1867342,
    1883374,
    1900035,
    1916705,
    1933399,
    1950033,
    1966613,
    1983369,
    2000037,
    2016622,
    2033948,
    2049949,
    2066645,
    2083295,
    2100001,
    2116667,
    2133336,
    2149957,
    2166674,
    2183250,
    2200595,
    2216701,
    2233341,
    2250092,
    2266689,
    2283305,
    2300054,
    2316767,
    2333361,
    2349982,
    2466617
  ],
  "average_vsync_transitions_missed": 0.0,
  "90th_percentile_vsync_transitions_missed": 0.0,
  "99th_percentile_vsync_transitions_missed": 0.0,
  "average_vsync_frame_lag": 0.0,
  "90th_percentile_vsync_frame_lag": 0.0,
  "99th_percentile_vsync_frame_lag": 0.0,
  "average_layer_cache_count": 0.0,
  "90th_percentile_layer_cache_count": 0.0,
  "99th_percentile_layer_cache_count": 0.0,
  "average_frame_request_pending_latency": 16312.612676056338,
  "90th_percentile_frame_request_pending_latency": 16633.0,
  "99th_percentile_frame_request_pending_latency": 16903.0,
  "worst_layer_cache_count": 0.0,
  "average_layer_cache_memory": 0.0,
  "90th_percentile_layer_cache_memory": 0.0,
  "99th_percentile_layer_cache_memory": 0.0,
  "worst_layer_cache_memory": 0.0,
  "average_picture_cache_count": 0.0,
  "90th_percentile_picture_cache_count": 0.0,
  "99th_percentile_picture_cache_count": 0.0,
  "worst_picture_cache_count": 0.0,
  "average_picture_cache_memory": 0.0,