{
  "average_frame_build_time_millis": 0.8297142857142857,
  "90th_percentile_frame_build_time_millis": 1.327,
  "99th_percentile_frame_build_time_millis": 4.155,
  "worst_frame_build_time_millis": 9.161,
  "missed_frame_build_budget_count": 0,
  "average_frame_rasterizer_time_millis": 0.8237058823529412,
  "stddev_frame_rasterizer_time_millis": 0.08288119953863897,
  "90th_percentile_frame_rasterizer_time_millis": 0.937,
  "99th_percentile_frame_rasterizer_time_millis": 1.115,
  "worst_frame_rasterizer_time_millis": 1.693,
  "missed_frame_rasterizer_budget_count": 0,
  "frame_count": 154,
  "frame_rasterizer_count": 153,
  "new_gen_gc_count": 10,
  "old_gen_gc_count": 2,
  "frame_build_times": [
    759,
    856,
    782,
    829,
    877,
    1566,
    657,
    320,
    343,
    286,
    312,
    258,
    332,
    286,
    274,
    9161,
    623,
    718,
    850,
    834,
    1107,
    634,
    489,
    891,
    940,
    1693,
    1081,
    1327,
    1150,
    1141,
    993,
    1090,
    1224,
    1320,
    1253,
    8724,
    652,
    823,
    988,
    750,
    1011,
    1160,
    964,
    804,
    1101,
    2007,
    1124,
    475,
    1052,
    1327,
    1242,
    1800,
    1298,
    1182,
    369,
    321,
    304,
    297,
    288,
    313,
    325,
    302,
    341,
    279,
    290,
    325,
    297,
    319,
    277,
    286,
    332,
    332,
    313,
    1537,
    797,
    277,
    252,
    280,
    282,
    1230,
    1201,
    1165,
    1105,
    4155,
    807,
    771,
    744,
    709,
    732,
    730,
    725,
    562,
    755,
    2244,
    645,
    639,
    741,
    706,
    685,
    639,
    636,
    725,
    719,
    1430,
    508,
    172,
    190,
    170,
    189,
    158,
    148,
    195,
    153,
    4043,
    791,
    799,
    645,
    804,
    698,
    670,
    669,
    695,
    711,
    2060,
    707,
    672,
    851,
    693,
    532,
    641,
    626,
    599,
    688,
    1519,
    535,
    157,
    196,
    176,
    165,
    161,
    171,
    168,
    157,
    1415,
    599,
    163,
    146,
    180,
    147,
    161,
    168,
    169,
    220,
    251
  ],
  "frame_rasterizer_times": [
    815,
    760,
    793,
    842,
    691,
    758,
    949,
    884,
    879,
    932,
    820,
    886,
    809,
    835,
    1693,
    570,
    704,
    804,
    736,
    850,
    396,
    300,
    789,
    837,
    861,
    839,
    961,
    909,
    922,
    734,
    870,
    950,
    921,
    928,
    1230,
    595,
    709,
    899,
    638,
    600,
    692,
    740,
    656,
    900,
    823,
    794,
    384,
    773,
    762,
    937,
    952,
    970,
    896,
    1115,
    935,
    868,
    819,
    837,
    954,
    932,
    888,
    938,
    859,
    857,
    893,
    783,
    893,
    887,
    837,
    879,
    870,
    853,
    813,
    920,
    871,
    837,
    858,
    835,
    694,
    808,
    774,
    810,
    842,
    700,
    943,
    841,
    831,
    817,
    877,
    839,
    615,
    905,
    739,
    915,
    869,
    940,
    894,
    831,
    908,
    808,
    861,
    826,
    746,
    702,
    795,
    794,
    845,
    767,
    770,
    793,
    835,
    739,
    759,
    698,
    844,
    693,
    900,
    829,
    826,
    787,
    779,
    856,
    715,
    907,
    874,
    940,
    821,
    668,
    821,
    828,
    870,
    894,
    698,
    778,
    746,
    844,
    838,
    793,
    732,
    809,
    767,
    709,
    745,
    964,
    843,
    797,
    841,
    767,
    763,
    793,
    750,
    843,
    1017
  ],
  "frame_begin_times": [
    0,
    16717,
    33348,
    50045,
    66668,
    83265,
    100006,
    116683,
    133339,
    149987,
    166730,
    183319,
    200035,
    216658,
    233316,
    250031,
    266586,
    283340,
    300009,
    317059,
    335949,
    350304,
    366476,
    383359,
    399966,
    416638,
    433297,
    450008,
    466674,
    483327,
    499967,
    516655,
    533383,
    549993,
    566681,
    583295,
    599906,
    616625,
    633315,
    649961,
    666573,
    683276,
    699896,
    716612,
    733294,
    764327,
    783267,
    800876,
    816699,
    833285,
    849986,
    866650,
    883306,
    899978,
    916668,
    933297,
    949976,
    966652,
    983327,
    999961,
    1016664,
    1033320,
    1050055,
    1066637,
    1083313,
    1100024,
    1116672,
    1133348,
    1149951,
    1166684,
    1183333,
    1199982,
    1216683,
    1233287,
    1250016,
    1266639,
    1283297,
    1299968,
    1316644,
    1333277,
    1349979,
    1366630,
    1383235,
    1399912,
    1416594,
    1433293,
    1449972,
    1466621,
    1483289,
    1499962,
    1516623,
    1533206,
    1549976,
    1566581,
    1583284,
    1599989,
    1616699,
    1633329,
    1649963,
    1666627,
    1683300,
    1700025,
    1716631,
    1733207,
    1749926,
    1766649,
    1783285,
    1799961,
    1816656,
    1833286,
    1849989,
    1866601,
    1883266,
    1899933,
    1916575,
    1933317,
    1949935,
    1966619,
    1983289,
    1999934,
    2016614,
    2033270,
    2049972,
    2066563,
    2083301,
    2099953,
    2117104,
    2133319,
    2149924,
    2166641,
    2183291,
    2199946,
    2216610,
    2233220,
    2249961,
    2266598,
    2283320,
    2299981,
    2316612,
    2333276,
    2349932,
    2366625,
    2383269,
    2399889,
    2416679,
    2433293,
    2449947,
    2466629,
    2483290,
    2499957,
    2516618,
    2533278,
    2549980,
    2666530
  ],
  "frame_rasterizer_begin_times": [
    0,
    16617,
    33335,
    49990,
    67252,
    83332,
    100024,
    116703,
    133302,
    150044,
    166612,
    183391,
    199954,
    216616,
    240838,
    249872,
    266638,
    283366,
    300450,
    319592,
    333677,
    349742,
    366720,
    383324,
    400686,
    416898,
    433654,
    450258,
    466903,
    483484,
    500221,
    517023,
    533652,
    550356,
    573739,
    583218,
    599961,
    616717,
    633258,
    650118,
    666868,
    683240,
    699941,
    716696,
    748728,
    766859,
    784148,
    800273,
    816988,
    833634,
    850612,
    866960,
    883567,
    900059,
    916636,
    933307,
    949953,
    966644,
    983284,
    1000015,
    1016650,
    1033408,
    1049945,
    1066632,
    1083372,
    1099997,
    1116691,
    1133250,
    1149997,
    1166692,
    1183338,
    1200010,
    1217033,
    1233340,
    1249930,
    1266574,
    1283276,
    1299948,
    1316761,
    1333464,
    1350205,
    1366824,
    1385967,
    1399879,
    1416557,
    1433246,
    1449877,
    1466550,
    1483227,
    1499883,
    1516411,
    1533226,
    1550673,
    1566522,
    1583224,
    1600003,
    1616610,
    1633227,
    1649896,
    1666555,
    1683333,
    1699924,
    1717021,
    1733085,
    1749831,
    1766460,
    1783147,
    1799869,
    1816470,
    1833162,
    1849805,
    1866446,
    1885894,
    1899842,
    1916594,
    1933156,
    1949891,
    1966525,
    1983182,
    1999843,
    2016520,
    2033235,
    2050513,
    2066560,
    2083197,
    2100486,
    2116586,
    2133132,
    2149889,
    2166538,
    2183161,
    2199864,
    2217126,
    2233167,
    2249774,
    2266523,
    2283178,
    2299790,
    2316444,
    2333103,
    2349806,
    2366452,
    2383554,
    2399894,
    2416486,
    2433116,
    2449837,
    2466464,
    2483142,
    2499788,
    2516444,
    2533176,
    2649768
  ],
  "average_vsync_transitions_missed": 0.0,
  "90th_percentile_vsync_transitions_missed": 0.0,
  "99th_percentile_vsync_transitions_missed": 0.0,
  "average_vsync_frame_lag": 0.0,
  "90th_percentile_vsync_frame_lag": 0.0,
  "99th_percentile_vsync_frame_lag": 0.0,
  "average_layer_cache_count": 0.0,
  "90th_percentile_layer_cache_count": 0.0,
  "99th_percentile_layer_cache_count": 0.0,
  "average_frame_request_pending_latency": 16435.7908496732,
  "90th_percentile_frame_request_pending_latency": 16610.0,