{
  "average_frame_build_time_millis": 0.8218951048951051,
  "90th_percentile_frame_build_time_millis": 1.35,
  "99th_percentile_frame_build_time_millis": 8.69,
  "worst_frame_build_time_millis": 8.86,
  "missed_frame_build_budget_count": 0,
  "average_frame_rasterizer_time_millis": 0.7949366197183101,
  "stddev_frame_rasterizer_time_millis": 0.11011723864312631,
  "90th_percentile_frame_rasterizer_time_millis": 0.941,
  "99th_percentile_frame_rasterizer_time_millis": 1.128,
  "worst_frame_rasterizer_time_millis": 1.695,
  "missed_frame_rasterizer_budget_count": 0,
  "frame_count": 143,
  "frame_rasterizer_count": 142,
  "new_gen_gc_count": 12,
  "old_gen_gc_count": 4,
  "frame_build_times": [
    302,
    289,
    248,
    8860,
    606,
    736,
    1008,
    717,
    1260,
    1350,
    445,
    701,
    845,
    1900,
    1347,
    1208,
    1182,
    1208,
    1130,
    1127,
    1046,
    1186,
    1322,
    8690,
    631,
    581,
    393,
    578,
    485,
    237,
    226,
    266,
    259,
    1712,
    1049,
    1332,
    1854,
    1191,
    1863,
    1203,
    1212,
    1237,
    1159,
    315,
    373,
    348,
    288,
    325,
    305,
    304,
    331,
    408,
    319,
    304,
    299,
    314,
    328,
    271,
    330,
    283,
    271,
    317,
    1602,
    758,
    276,
    293,
    229,
    1602,
    200,
    1270,
    188,
    231,
    4715,
    991,
    783,
    813,
    777,
    748,
    792,
    766,
    694,
    741,
    2282,
    695,
    662,
    669,
    639,
    632,
    672,
    592,
    642,
    687,
    1786,
    547,
    200,
    194,
    200,
    169,
    180,
    184,
    162,
    185,
    3849,
    864,
    778,
    711,
    727,
    663,
    690,
    686,
    694,
    744,
    1958,
    697,
    644,
    604,
    585,
    669,
    607,
    559,
    661,
    707,
    1777,
    518,
    159,
    167,
    175,
    175,
    178,
    189,
    199,
    183,
    1065,
    358,
    96,
    158,
    151,
    243,
    190,
    185,
    200,
    193,
    213
  ],
  "frame_rasterizer_times": [
    906,
    804,
    1695,
    598,
    776,
    941,
    707,
    656,
    614,
    415,
    684,
    781,
    903,
    1026,
    903,
    954,
    975,
    907,
    889,
    769,
    915,
    986,
    1128,
    620,
    539,
    497,
    270,
    300,
    212,
    197,
    216,
    209,
    747,
    772,
    965,
    1001,
    924,
    907,
    878,
    1016,
    966,
    911,
    849,
    911,
    871,
    941,
    883,
    872,
    864,
    938,
    990,
    889,
    837,
    830,
    903,
    864,
    750,
    848,
    832,
    824,
    874,
    685,
    787,
    862,
    853,
    827,
    807,
    790,
    724,
    831,
    833,
    831,
    894,
    834,
    870,
    857,
    864,
    908,
    844,
    806,
    834,
    758,
    866,
    798,
    827,
    791,
    779,
    775,
    776,
    810,
    798,
    865,
    816,
    852,
    767,
    797,
    790,
    844,
    759,
    764,
    776,
    797,
    674,
    851,
    802,
    813,
    672,
    813,
    791,
    784,
    836,
    727,
    857,
    774,
    760,
    755,
    747,
    740,
    647,
    805,
    906,
    857,
    792,
    747,
    850,
    840,
    769,
    715,
    727,
    756,
    736,
    716,
    446,
    470,
    616,
    677,
    999,
    853,
    863,
    828,
    843,
    1032
  ],
  "frame_begin_times": [
    0,
    16641,
    33270,
    49887,
    66509,
    83242,
    99951,
    116501,
    133202,
    153950,
    166483,
    183226,
    199899,
    216588,
    233316,
    249971,
    266671,
    283311,
    299969,
    316599,
    333228,
    349966,
    366569,
    383202,
    399820,
    416506,
    433092,
    450655,
    466434,
    483081,
    499741,
    516386,
    533047,
    549958,
    566564,
    583281,
    599948,
    616607,
    633281,
    649954,
    666600,
    683300,
    699935,
    716576,
    733259,
    749930,
    766582,
    783250,
    799938,
    816566,
    833202,
    849872,
    866585,
    883245,
    899896,
    916555,
    933146,
    949859,
    966587,
    983234,
    999908,
    1016614,
    1033169,
    1049912,
    1066579,
    1083284,
    1099912,
    1116598,
    1133245,
    1149877,
    1166592,
    1183234,
    1199865,
    1216606,
    1233257,
    1249907,
    1266580,
    1283225,
    1299924,
    1316627,
    1333232,
    1349927,
    1366557,
    1383241,
    1399890,
    1416619,
    1433268,
    1449918,
    1466559,
    1483238,
    1499935,
    1516615,
    1533247,
    1549925,
    1566604,
    1583267,
    1599927,
    1616591,
    1633266,
    1649918,
    1666582,
    1683222,
    1699853,
    1716543,
    1733262,
    1749950,
    1766597,
    1783242,
    1799937,
    1816623,
    1833267,
    1849931,
    1866520,
    1883291,
    1899985,
    1916614,
    1933269,
    1949953,
    1966607,
    1983255,
    1999943,
    2016642,
    2033303,
    2049964,
    2066629,
    2083281,
    2100020,
    2116659,
    2133313,
    2150014,
    2166666,
    2183362,
    2199897,
    2216541,
    2233258,
    2249966,
    2266653,
    2283378,
    2299991,
    2316664,
    2333355,
    2349972,
    2466551
  ],
  "frame_rasterizer_begin_times": [
    0,
    16604,
    40594,
    49836,
    66586,
    83405,
    99828,
    116913,
    137755,
    149734,
    166553,
    183277,
    200746,
    217062,
    233662,
    250322,
    266989,
    283599,
    300236,
    316837,
    333628,
    350280,
    373870,
    383120,
    399818,
    416334,
    434106,
    449784,
    466275,
    482933,
    499593,
    516250,
    534010,
    550170,
    566970,
    583927,
    600295,
    617398,
    633608,
    650256,
    666984,
    683577,
    699974,
    716668,
    733339,
    749961,
    766658,
    783330,
    799943,
    816601,
    833342,
    849989,
    866636,
    883283,
    899951,
    916543,
    933211,
    950006,
    966583,
    983267,
    1000015,
    1016942,
    1033290,
    1049921,
    1066654,
    1083225,
    1100320,
    1116534,
    1133596,
    1149861,
    1166527,
    1186408,
    1200019,
    1216595,
    1233274,
    1249908,
    1266536,
    1283284,
    1299969,
    1316533,
    1333261,
    1350711,
    1366553,
    1383217,
    1399940,
    1416575,
    1433221,
    1449865,
    1466527,
    1483230,
    1499935,
    1517367,
    1533168,
    1549917,
    1566533,
    1583196,
    1599842,
    1616506,
    1633177,
    1649824,
    1666484,
    1685810,
    1699903,
    1716584,
    1733253,
    1749921,
    1766523,
    1783234,
    1799933,
    1816564,
    1833246,
    1850492,
    1866601,
    1883293,
    1899913,
    1916561,
    1933259,
    1949885,
    1966520,
    1983251,
    1999979,
    2017408,
    2033205,
    2049866,
    2066513,
    2083272,
    2099893,
    2116571,
    2133283,
    2149941,
    2166601,
    2183496,
    2199758,
    2216446,
    2233198,
    2249881,
    2266669,
    2283245,
    2299930,
    2316616,
    2333217,
    2449834
  ],
  "average_vsync_transitions_missed": 0.0,
  "90th_percentile_vsync_transitions_missed": 0.0,
  "99th_percentile_vsync_transitions_missed": 0.0,
  "average_vsync_frame_lag": 0.0,
  "90th_percentile_vsync_frame_lag": 0.0,
  "99th_percentile_vsync_frame_lag": 0.0,
  "average_layer_cache_count": 0.0,
  "90th_percentile_layer_cache_count": 0.0,
  "99th_percentile_layer_cache_count": 0.0,
  "average_frame_request_pending_latency": 16310.992957746479,
  "90th_percentile_frame_request_pending_latency": 16618.0,
  "99th_percentile_frame_request_pending_latency": 17538.0,
  "worst_layer_cache_count": 0.0,
  "average_layer_cache_memory": 0.0,
  "90th_percentile_layer_cache_memory": 0.0,
  "99th_percentile_layer_cache_memory": 0.0,
  "worst_layer_cache_memory": 0.0,
  "average_picture_cache_count": 0.0,
  "90th_percentile_picture_cache_count": 0.0,
  "99th_percentile_picture_cache_count": 0.0,
  "worst_picture_cache_count": 0.0,
  "average_picture_cache_memory": 0.0,
  "90th_percentile_picture_cache_memory": 0.0,