{
  "average_frame_build_time_millis": 0.5694563106796117,
  "90th_percentile_frame_build_time_millis": 1.383,
  "99th_percentile_frame_build_time_millis": 3.373,
  "worst_frame_build_time_millis": 4.753,
  "missed_frame_build_budget_count": 0,
  "average_frame_rasterizer_time_millis": 0.840487804878048,
  "stddev_frame_rasterizer_time_millis": 0.06351719214753106,
  "90th_percentile_frame_rasterizer_time_millis": 0.959,
  "99th_percentile_frame_rasterizer_time_millis": 1.111,
  "worst_frame_rasterizer_time_millis": 1.427,
  "missed_frame_rasterizer_budget_count": 0,
  "frame_count": 206,
  "frame_rasterizer_count": 205,
  "new_gen_gc_count": 6,
  "old_gen_gc_count": 0,
  "frame_build_times": [
    1807,
    1712,
    1743,
    1499,
    1487,
    1736,
    1570,
    1355,
    1363,
    1331,
    1316,
    1318,
    1394,
    1383,
    4753,
    139,
    219,
    159,
    306,
    1603,
    1399,
    1433,
    1331,
    1346,
    1182,
    1321,
    1216,
    1330,
    1333,
    1213,
    1186,
    1216,
    1208,
    1195,
    1751,
    157,
    185,
    154,
    179,
    177,
    144,
    200,
    183,
    190,
    149,
    164,
    187,
    148,
    171,
    156,
    158,
    188,
    230,
    183,
    182,
    170,
    182,
    174,
    195,
    169,
    157,
    203,
    147,
    167,
    190,
    159,
    181,
    197,
    230,
    189,
    151,
    173,
    192,
    205,
    166,
    165,
    2078,
    491,
    148,
    148,
    195,
    185,
    165,
    191,
    150,
    182,
    179,
    169,
    159,
    1315,
    547,
    183,
    184,
    201,
    173,
    154,
    204,
    164,
    213,
    158,
    171,
    181,
    1510,
    500,
    174,
    206,
    183,
    151,
    187,
    182,
    162,
    178,
    151,
    224,
    146,
    1118,
    673,
    162,
    167,
    175,
    158,
    199,
    192,
    182,
    172,
    181,
    204,
    186,
    3762,
    801,
    768,
    705,
    733,
    675,
    713,
    699,
    713,
    661,
    697,
    730,
    705,
    1957,
    688,
    642,
    645,
    646,
    586,
    703,
    188,
    170,
    201,
    247,
    142,
    193,
    1341,
    670,
    188,
    179,
    164,
    153,
    178,
    191,
    223,
    201,
    180,
    179,
    175,
    1578,
    658,
    163,
    176,
    187,
    168,
    185,
    171,
    192,
    191,
    207,
    157,
    167,
    3373,
    780,
    715,
    719,
    708,
    651,
    644,
    709,
    674,
    579,
    661,
    701,
    810,
    1901,
    647,
    659,
    643,
    675,
    616,
    616,
    178,
    163,
    198,
    198,
    193,
    194
  ],
  "frame_rasterizer_times": [
    1119,
    1098,
    918,
    971,
    1097,
    1056,
    1090,
    1111,
    1032,
    1003,
    998,
    1070,
    1046,
    983,
    712,
    901,
    866,
    1427,
    920,
    1035,
    961,
    926,
    887,
    863,
    932,
    881,
    913,
    899,
    845,
    824,
    852,
    856,
    849,
    793,
    918,
    786,
    780,
    748,
    764,
    672,
    893,
    886,
    798,
    788,
    817,
    871,
    770,
    769,
    826,
    793,
    792,
    734,
    837,
    774,
    820,
    777,
    845,
    796,
    835,
    814,
    812,
    645,
    758,
    826,
    835,
    826,
    869,
    866,
    773,
    835,
    842,
    856,
    839,
    774,
    764,
    821,
    626,
    642,
    824,
    806,
    800,
    829,
    771,
    756,
    791,
    785,
    742,
    808,
    740,
    678,
    807,
    862,
    859,
    821,
    792,
    800,
    817,
    883,
    765,
    881,
    835,
    695,
    696,
    884,
    829,
    839,
    783,
    789,
    862,
    838,
    780,
    752,
    754,
    790,
    721,
    1098,
    877,
    870,
    877,
    848,
    869,
    978,
    860,
    863,
    1006,
    877,
    863,
    786,
    782,
    884,
    810,
    850,
    830,
    869,
    837,
    806,
    832,
    839,
    857,
    816,
    728,
    959,
    824,
    818,
    793,
    764,
    838,
    818,
    772,
    793,
    894,
    727,
    811,
    708,
    842,
    808,
    814,
    795,
    763,
    839,
    813,
    914,
    834,
    672,
    834,
    848,
    737,
    898,
    854,
    888,
    845,
    885,
    829,
    835,
    843,
    837,
    831,
    806,
    815,
    724,
    726,
    843,
    833,
    825,
    828,
    805,
    868,
    805,
    659,
    896,
    823,
    878,
    790,
    908,
    833,
    849,
    839,
    806,
    775,
    850,
    696,
    983,
    850,
    848,
    840
  ],
  "frame_begin_times": [
    0,
    16722,
    33328,
    49979,
    66600,
    83352,
    99969,
    116653,
    133336,
    150011,
    166648,
    183329,
    199999,
    216681,
    233383,
    249920,
    266583,
    283319,
    1337068,
    1350037,
    1366590,
    1383281,
    1399959,
    1416579,
    1433241,
    1449886,
    1466593,
    1483243,
    1499792,
    1516448,
    1533098,
    1549780,
    1566464,
    1583129,
    1599745,
    1616401,
    1633090,
    1649742,
    1666392,
    1683050,
    1699706,
    1716417,
    1733084,
    1749718,
    1766405,
    1783038,
    1799684,
    1816332,
    1832998,
    1849719,
    1866347,
    1883034,
    1899689,
    1916379,
    1933035,
    1949683,
    1966344,
    1983039,
    1999728,
    2016400,
    2033041,
    2049697,
    2066279,
    2083025,
    2099735,
    2116374,
    2133019,
    2149710,
    2166385,
    2183018,
    2199696,
    2216357,
    2233034,
    2249740,
    2266341,
    2283000,
    2299633,
    2316281,
    2332983,
    2349725,
    2366380,
    2383030,
    2399735,
    2416355,
    2433042,
    2449701,
    2466367,
    2483021,
    2499681,
    2516325,
    2533016,
    2549726,
    2566362,
    2583033,
    2599666,
    2616324,
    2633005,
    2649673,
    2666426,
    2683059,
    2699709,
    2716299,
    2732968,
    2749671,
    2766392,
    2783005,
    2799706,
    2816347,
    2833020,
    2849671,
    2866301,
    2883015,
    2899653,
    2916363,
    2933048,
    2949625,
    2966352,
    2983057,
    2999697,
    3016344,
    3032995,
    3049676,
    3066382,
    3083002,
    3099640,
    3116432,
    3132992,
    3149673,
    3166314,
    3182975,
    3199686,
    3216333,
    3233021,
    3249705,
    3266338,
    3283011,
    3299684,
    3316369,
    3333032,
    3349715,
    3366330,
    3382975,
    3399678,
    3416372,
    3433002,
    3449693,
    3466349,
    3482943,
    3499671,
    3516338,
    3533034,
    3549699,
    3566300,
    3582991,
    3599649,
    3616354,
    3633068,
    3649697,
    3666397,
    3683030,
    3699682,
    3716413,
    3733142,
    3749784,
    3766384,
    3783059,
    3799711,
    3816344,
    3833077,
    3849768,
    3866465,
    3883095,
    3899705,
    3916393,
    3933116,
    3949735,
    3966372,
    3983061,
    3999661,
    4016372,
    4033006,
    4049692,
    4066396,
    4083042,
    4099739,
    4116419,
    4133048,
    4149711,
    4166394,
    4183022,
    4199774,
    4216413,
    4233044,
    4249692,
    4266390,
    4283056,
    4299771,
    4316401,
    4333076,
    4349746,
    4366431,
    4383038,
    4399711,
    4416428,
    4433062,
    4449706
  ],