{
  "average_frame_build_time_millis": 0.5930728155339806,
  "90th_percentile_frame_build_time_millis": 1.431,
  "99th_percentile_frame_build_time_millis": 3.806,
  "worst_frame_build_time_millis": 4.44,
  "missed_frame_build_budget_count": 0,
  "average_frame_rasterizer_time_millis": 0.8592000000000004,
  "stddev_frame_rasterizer_time_millis": 0.06771512195121958,
  "90th_percentile_frame_rasterizer_time_millis": 0.969,
  "99th_percentile_frame_rasterizer_time_millis": 1.21,
  "worst_frame_rasterizer_time_millis": 1.419,
  "missed_frame_rasterizer_budget_count": 0,
  "frame_count": 206,
  "frame_rasterizer_count": 205,
  "new_gen_gc_count": 4,
  "old_gen_gc_count": 0,
  "frame_build_times": [
    1806,
    2278,
    1862,
    1792,
    1804,
    1786,
    1693,
    1333,
    1334,
    1348,
    1244,
    1228,
    1396,
    1045,
    4440,
    226,
    236,
    176,
    321,
    1528,
    1405,
    1484,
    1398,
    1548,
    1329,
    1370,
    1414,
    1305,
    1314,
    1510,
    1404,
    1253,
    1315,
    1215,
    1776,
    189,
    170,
    210,
    153,
    167,
    177,
    203,
    181,
    204,
    175,
    188,
    198,
    172,
    208,
    169,
    171,
    178,
    211,
    193,
    146,
    198,
    238,
    224,
    230,
    187,
    166,
    194,
    218,
    253,
    190,
    192,
    177,
    207,
    263,
    164,
    187,
    198,
    185,
    232,
    211,
    179,
    2107,
    484,
    216,
    202,
    227,
    184,
    151,
    169,
    177,
    154,
    194,
    185,
    213,
    1431,
    629,
    166,
    165,
    193,
    184,
    186,
    213,
    219,
    176,
    193,
    201,
    260,
    1720,
    639,
    195,
    174,
    193,
    190,
    199,
    224,
    186,
    210,
    163,
    261,
    204,
    1454,
    619,
    174,
    186,
    197,
    176,
    237,
    183,
    181,
    181,
    139,
    248,
    197,
    4188,
    812,
    839,
    740,
    719,
    835,
    748,
    675,
    679,
    590,
    735,
    655,
    668,
    1728,
    551,
    638,
    612,
    630,
    633,
    618,
    176,
    193,
    183,
    194,
    186,
    172,
    1375,
    618,
    174,
    164,
    195,
    166,
    170,
    194,
    162,
    199,
    173,
    239,
    166,
    1370,
    537,
    150,
    182,
    181,
    173,
    163,
    184,
    190,
    195,
    177,
    195,
    218,
    3806,
    893,
    775,
    753,
    693,
    768,
    677,
    962,
    721,
    682,
    677,
    715,
    727,
    1997,
    655,
    640,
    672,
    632,
    642,
    172,
    189,
    206,
    183,
    177,
    181,
    190
  ],
  "frame_rasterizer_times": [
    1253,
    1210,
    1129,
    1130,
    1112,
    1055,
    1056,
    1018,
    1002,
    1004,
    994,
    997,
    815,
    858,
    1169,
    986,
    908,
    1419,
    869,
    969,
    998,
    903,
    994,
    936,
    976,
    933,
    872,
    896,
    928,
    877,
    903,
    872,
    868,
    829,
    896,
    826,
    815,
    712,
    820,
    818,
    851,
    888,
    832,
    788,
    867,
    787,
    831,
    828,
    858,
    727,
    808,
    775,
    777,
    650,
    853,
    863,
    931,
    852,
    842,
    790,
    790,
    922,
    859,
    833,
    775,
    841,
    955,
    899,
    822,
    877,
    859,
    819,
    891,
    861,
    696,
    824,
    691,
    1006,
    934,
    864,
    839,
    803,
    813,
    810,
    790,
    795,
    714,
    900,
    788,
    845,
    818,
    869,
    901,
    837,
    865,
    919,
    972,
    926,
    844,
    858,
    891,
    752,
    899,
    893,
    805,
    876,
    840,
    887,
    854,
    812,
    890,
    698,
    969,
    966,
    777,
    908,
    824,
    866,
    901,
    863,
    916,
    863,
    881,
    858,
    663,
    948,
    801,
    877,
    706,
    920,
    858,
    816,
    855,
    827,
    806,
    784,
    676,
    808,
    803,
    802,
    739,
    790,
    868,
    849,
    816,
    798,
    786,
    891,
    827,
    888,
    872,
    826,
    793,
    745,
    832,
    802,
    795,
    784,
    766,
    842,
    841,
    694,
    837,
    764,
    882,
    668,
    614,
    727,
    615,
    787,
    861,
    904,
    860,
    723,
    872,
    831,
    899,
    830,
    874,
    908,
    755,
    924,
    854,
    865,
    877,
    825,
    895,
    832,
    822,
    815,
    854,
    880,
    774,
    908,
    829,
    812,
    814,
    853,
    835,
    905,
    904,
    839,
    827,
    817,
    935
  ],
  "frame_begin_times": [
    0,
    16745,
    33349,
    49965,
    66607,
    83319,
    99935,
    116628,
    133262,
    149937,
    166601,
    183251,
    199939,
    216544,
    233251,
    249960,
    266637,
    283284,
    1337036,
    1349959,
    1366604,
    1383309,
    1399992,
    1416577,
    1433263,
    1449930,
    1466620,
    1483268,
    1499930,
    1516633,
    1533288,
    1549938,
    1566583,
    1583271,
    1599933,
    1616613,
    1633225,
    1649906,
    1666560,
    1683253,
    1699929,
    1716576,
    1733216,
    1749966,
    1766586,
    1783264,
    1799888,
    1816580,
    1833254,
    1849901,
    1866580,
    1883237,
    1899910,
    1916582,
    1933176,
    1949953,
    1966624,
    1983261,
    1999913,
    2016575,
    2033235,
    2049903,
    2066629,
    2083279,
    2099926,
    2116592,
    2133275,
    2149875,
    2166602,
    2183228,
    2199948,
    2216611,
    2233253,
    2249904,
    2266598,
    2283201,
    2299843,
    2316551,
    2333270,
    2349843,
    2366562,
    2383198,
    2399923,
    2416555,
    2433209,
    2449858,
    2466561,
    2483183,
    2499864,
    2516524,
    2533243,
    2549879,
    2566557,
    2583252,
    2599909,
    2616560,
    2633220,
    2649970,
    2666586,
    2683261,
    2699919,
    2716551,
    2733186,
    2749907,
    2766496,
    2783218,
    2799870,
    2816559,
    2833236,
    2849862,
    2866523,
    2883256,
    2899864,
    2916545,
    2933201,
    2949817,
    2966591,
    2983248,
    2999897,
    3016556,
    3033290,
    3049967,
    3066573,
    3083219,
    3099902,
    3116550,
    3133279,
    3149893,
    3166560,
    3183209,
    3199908,
    3216591,
    3233268,
    3249964,
    3266590,
    3283219,
    3299925,
    3316560,
    3333269,
    3349936,
    3366594,
    3383210,
    3399897,
    3416611,
    3433305,
    3449928,
    3466609,
    3483267,
    3499950,
    3516651,
    3533283,
    3549933,
    3566640,
    3583254,
    3599903,
    3616617,
    3633279,
    3649960,
    3666602,
    3683284,
    3699922,
    3716622,
    3733224,
    3749961,
    3766639,
    3783328,
    3799897,
    3816552,
    3833269,
    3849883,
    3866611,
    3883321,
    3899930,
    3916647,
    3933317,
    3950009,
    3966681,
    3983317,
    3999999,
    4016661,
    4033273,
    4049955,
    4066687,
    4083335,
    4099983,
    4116643,
    4133301,
    4150015,
    4166644,
    4183318,
    4199985,
    4216727,
    4233309,
    4249944,
    4266668,
    4283313,
    4299985,
    4316670,
    4333321,
    4350035,
    4366670,
    4383358,
    4400011,
    4416637,
    4433373,
    4449964
  ],