{
  "average_frame_build_time_millis": 0.5718398058252424,
  "90th_percentile_frame_build_time_millis": 1.397,
  "99th_percentile_frame_build_time_millis": 3.193,
  "worst_frame_build_time_millis": 4.686,
  "missed_frame_build_budget_count": 0,
  "average_frame_rasterizer_time_millis": 0.8545194174757279,
  "stddev_frame_rasterizer_time_millis": 0.06850768215665932,
  "90th_percentile_frame_rasterizer_time_millis": 0.983,
  "99th_percentile_frame_rasterizer_time_millis": 1.132,
  "worst_frame_rasterizer_time_millis": 1.39,
  "missed_frame_rasterizer_budget_count": 0,
  "frame_count": 206,
  "frame_rasterizer_count": 206,
  "new_gen_gc_count": 6,
  "old_gen_gc_count": 0,
  "frame_build_times": [
    1705,
    1605,
    1619,
    1625,
    1639,
    1371,
    1597,
    1455,
    1386,
    1202,
    1397,
    1240,
    1165,
    1165,
    4686,
    149,
    198,
    165,
    279,
    1547,
    1261,
    1410,
    1230,
    1356,
    1297,
    1347,
    1331,
    1064,
    1317,
    1336,
    1171,
    1203,
    1369,
    1327,
    1839,
    184,
    170,
    208,
    174,
    143,
    190,
    148,
    169,
    149,
    173,
    159,
    147,
    157,
    193,
    163,
    184,
    164,
    160,
    187,
    152,
    216,
    182,
    196,
    165,
    206,
    160,
    172,
    153,
    221,
    156,
    215,
    183,
    167,
    173,
    204,
    193,
    174,
    186,
    154,
    192,
    163,
    1926,
    555,
    177,
    180,
    149,
    162,
    179,
    160,
    175,
    185,
    144,
    208,
    207,
    1292,
    580,
    182,
    196,
    219,
    235,
    198,
    268,
    205,
    209,
    203,
    243,
    131,
    1508,
    508,
    186,
    197,
    165,
    215,
    191,
    165,
    183,
    166,
    230,
    178,
    184,
    1430,
    524,
    146,
    172,
    175,
    188,
    160,
    207,
    202,
    202,
    187,
    145,
    182,
    3193,
    801,
    788,
    762,
    707,
    684,
    765,
    683,
    696,
    688,
    848,
    722,
    695,
    2085,
    658,
    649,
    635,
    620,
    643,
    654,
    179,
    156,
    179,
    160,
    163,
    183,
    1410,
    652,
    172,
    195,
    203,
    176,
    194,
    150,
    193,
    151,
    199,
    201,
    160,
    1564,
    633,
    169,
    172,
    161,
    154,
    165,
    152,
    160,
    169,
    193,
    154,
    152,
    3584,
    871,
    798,
    765,
    816,
    788,
    789,
    726,
    819,
    704,
    702,
    722,
    708,
    2026,
    702,
    686,
    669,
    662,
    634,
    668,
    197,
    148,
    173,
    213,
    162,
    195
  ],
  "frame_rasterizer_times": [
    1023,
    1026,
    1205,
    1080,
    1108,
    895,
    1031,
    1132,
    1112,
    1024,
    1000,
    1030,
    1002,
    968,
    889,
    875,
    949,
    913,
    1390,
    834,
    930,
    893,
    943,
    983,
    883,
    987,
    898,
    749,
    983,
    912,
    843,
    821,
    947,
    897,
    885,
    869,
    816,
    876,
    825,
    701,
    822,
    789,
    911,
    805,
    802,
    786,
    809,
    876,
    830,
    805,
    808,
    807,
    667,
    831,
    783,
    755,
    880,
    788,
    811,
    849,
    814,
    843,
    854,
    921,
    625,
    878,
    833,
    862,
    835,
    831,
    860,
    809,
    848,
    818,
    808,
    797,
    792,
    739,
    904,
    869,
    846,
    832,
    825,
    808,
    840,
    790,
    829,
    857,
    765,
    659,
    830,
    837,
    892,
    1001,
    1044,
    998,
    1089,
    966,
    926,
    868,
    976,
    699,
    697,
    666,
    911,
    842,
    858,
    891,
    866,
    854,
    810,
    796,
    806,
    797,
    669,
    782,
    709,
    864,
    868,
    880,
    886,
    914,
    995,
    1007,
    938,
    826,
    719,
    841,
    765,
    729,
    859,
    883,
    807,
    779,
    910,
    802,
    830,
    824,
    822,
    808,
    856,
    741,
    875,
    832,
    832,
    783,
    832,
    771,
    840,
    772,
    807,
    696,
    808,
    838,
    750,
    829,
    879,
    832,
    881,
    809,
    800,
    748,
    831,
    669,
    891,
    813,
    753,
    778,
    872,
    839,
    819,
    893,
    894,
    795,
    799,
    793,
    859,
    883,
    819,
    802,
    681,
    769,
    901,
    874,
    948,
    845,
    862,
    938,
    891,
    836,
    812,
    816,
    869,
    779,
    931,
    836,
    860,
    847,
    808,
    840,
    844,
    669,
    861,
    890,
    802,
    841
  ],
  "frame_begin_times": [
    0,
    16650,
    33317,
    49977,
    66685,
    83298,
    99976,
    116635,
    133285,
    149984,
    166638,
    183328,
    199963,
    216627,
    233319,
    249918,
    266630,
    283284,
    1336125,
    1349822,
    1366436,
    1383133,
    1399782,
    1416474,
    1433109,
    1449749,
    1466464,
    1483045,
    1499758,
    1516425,
    1533068,
    1549731,
    1566450,
    1583139,
    1599753,
    1616431,
    1633078,
    1649741,
    1666398,
    1683052,
    1699740,
    1716364,
    1733065,
    1749694,
    1766368,
    1783045,
    1799685,
    1816390,
    1833035,
    1849672,
    1866355,
    1883078,
    1899656,
    1916390,
    1933034,
    1949662,
    1966397,
    1983065,
    1999710,
    2016336,
    2033020,
    2049701,
    2066384,
    2083071,
    2099646,
    2116386,
    2133020,
    2149691,
    2166362,
    2183026,
    2199679,
    2216346,
    2233084,
    2249701,
    2266379,
    2283019,
    2299636,
    2316339,
    2333027,
    2349684,
    2366359,
    2383028,
    2399709,
    2416363,
    2432965,
    2449690,
    2466380,
    2483015,
    2499650,
    2516289,
    2533028,
    2549690,
    2566403,
    2583138,
    2599805,
    2616410,
    2633141,
    2649727,
    2666377,
    2683120,
    2699732,
    2716280,
    2732937,
    2749656,
    2766367,
    2783039,
    2799700,
    2816388,
    2833042,
    2849678,
    2866357,
    2883061,
    2899678,
    2916345,
    2932959,
    2949656,
    2966343,
    2983061,
    2999712,
    3016391,
    3033028,
    3049730,
    3066445,
    3083064,
    3099737,
    3116391,
    3133031,
    3149685,
    3166346,
    3183004,
    3199703,
    3216379,
    3233083,
    3249704,
    3266363,
    3283028,
    3299727,
    3316392,
    3332994,
    3349723,
    3366357,
    3382979,
    3399749,
    3416396,
    3433074,
    3449741,
    3466354,
    3483035,
    3499742,
    3516386,
    3533052,
    3549672,
    3566423,
    3583015,
    3599688,
    3616403,
    3633057,
    3649754,
    3666392,
    3683033,
    3699704,
    3716391,
    3733030,
    3749777,
    3766426,
    3783073,
    3799686,
    3816342,
    3833238,
    3849723,
    3866415,
    3883090,
    3899694,
    3916367,
    3933043,
    3949718,
    3966432,
    3983044,
    3999713,
    4016328,
    4032981,
    4049653,
    4066430,
    4083015,
    4099782,
    4116385,
    4133066,
    4149713,
    4166465,
    4183053,
    4199724,
    4216379,
    4233007,
    4249598,
    4266393,
    4283051,
    4299699,
    4316405,
    4333017,
    4349709,
    4366442,
    4383005,
    4399694,
    4416394,
    4433041,
    4449663
  ],