{
  "average_frame_build_time_millis": 0.5844829268292678,
  "90th_percentile_frame_build_time_millis": 1.409,
  "99th_percentile_frame_build_time_millis": 3.221,
  "worst_frame_build_time_millis": 5.071,
  "missed_frame_build_budget_count": 0,
  "average_frame_rasterizer_time_millis": 0.8532660098522165,
  "stddev_frame_rasterizer_time_millis": 0.06471979421970923,
  "90th_percentile_frame_rasterizer_time_millis": 0.944,
  "99th_percentile_frame_rasterizer_time_millis": 1.1,
  "worst_frame_rasterizer_time_millis": 1.383,
  "missed_frame_rasterizer_budget_count": 0,
  "frame_count": 205,
  "frame_rasterizer_count": 203,
  "new_gen_gc_count": 6,
  "old_gen_gc_count": 0,
  "frame_build_times": [
    1711,
    1577,
    1599,
    1637,
    1387,
    1676,
    1634,
    1237,
    1138,
    1399,
    1358,
    1246,
    1375,
    1255,
    5071,
    192,
    168,
    177,
    275,
    1603,
    1519,
    1450,
    1364,
    1409,
    1398,
    1242,
    1393,
    1328,
    1106,
    1339,
    1480,
    1579,
    1378,
    1303,
    1867,
    209,
    189,
    207,
    167,
    155,
    190,
    167,
    166,
    198,
    169,
    188,
    210,
    152,
    171,
    158,
    184,
    204,
    167,
    229,
    187,
    152,
    221,
    181,
    181,
    154,
    150,
    215,
    183,
    182,
    174,
    190,
    157,
    160,
    182,
    160,
    154,
    199,
    172,
    181,
    172,
    2004,
    630,
    168,
    167,
    174,
    221,
    203,
    185,
    181,
    158,
    228,
    169,
    195,
    1406,
    635,
    173,
    167,
    166,
    175,
    152,
    173,
    191,
    171,
    178,
    168,
    211,
    1706,
    550,
    172,
    157,
    208,
    164,
    177,
    151,
    145,
    253,
    167,
    194,
    195,
    1070,
    542,
    170,
    204,
    167,
    180,
    211,
    190,
    192,
    178,
    183,
    206,
    163,
    3486,
    801,
    745,
    784,
    746,
    689,
    743,
    676,
    700,
    740,
    678,
    657,
    707,
    1916,
    716,
    720,
    699,
    729,
    721,
    710,
    185,
    205,
    182,
    185,
    195,
    157,
    1401,
    661,
    192,
    164,
    217,
    177,
    156,
    182,
    174,
    189,
    149,
    133,
    185,
    1645,
    604,
    211,
    164,
    181,
    157,
    176,
    177,
    181,
    204,
    180,
    169,
    169,
    3221,
    850,
    755,
    719,
    772,
    697,
    693,
    715,
    707,
    678,
    692,
    695,
    747,
    2115,
    687,
    674,
    686,
    852,
    694,
    689,
    215,
    263,
    142,
    218,
    181,
    191
  ],
  "frame_rasterizer_times": [
    1052,
    1019,
    841,
    982,
    1101,
    1031,
    948,
    1082,
    1064,
    1030,
    1100,
    1088,
    964,
    987,
    788,
    908,
    1383,
    883,
    1006,
    972,
    971,
    944,
    933,
    916,
    887,
    902,
    708,
    892,
    944,
    1027,
    888,
    851,
    926,
    937,
    865,
    838,
    805,
    825,
    732,
    803,
    787,
    896,
    842,
    817,
    801,
    785,
    790,
    858,
    880,
    901,
    629,
    847,
    916,
    864,
    903,
    834,
    843,
    812,
    822,
    875,
    843,
    811,
    761,
    726,
    806,
    806,
    785,
    792,
    836,
    800,
    867,
    853,
    791,
    777,
    876,
    688,
    898,
    808,
    908,
    877,
    812,
    787,
    870,
    858,
    770,
    851,
    738,
    815,
    708,
    930,
    847,
    886,
    895,
    825,
    859,
    786,
    803,
    891,
    803,
    763,
    718,
    831,
    844,
    902,
    812,
    791,
    794,
    783,
    943,
    819,
    865,
    852,
    734,
    780,
    886,
    843,
    913,
    889,
    906,
    825,
    848,
    828,
    863,
    920,
    831,
    758,
    709,
    839,
    923,
    831,
    801,
    783,
    804,
    776,
    830,
    813,
    792,
    744,
    783,
    848,
    862,
    905,
    875,
    796,
    853,
    863,
    814,
    894,
    826,
    871,
    717,
    801,
    854,
    878,
    829,
    787,
    776,
    748,
    807,
    820,
    788,
    769,
    551,
    788,
    839,
    877,
    929,
    866,
    950,
    824,
    914,
    814,
    896,
    869,
    827,
    694,
    820,
    706,
    771,
    930,
    879,
    876,
    825,
    835,
    934,
    820,
    815,
    739,
    828,
    862,
    787,
    890,
    877,
    876,
    1009,
    862,
    833,
    937,
    928,
    732,
    940,
    836,
    910
  ],
  "frame_begin_times": [
    0,
    16637,
    33274,
    49933,
    66563,
    83295,
    99953,
    116625,
    133228,
    149971,
    166615,
    183271,
    199962,
    216602,
    233316,
    249920,
    266564,
    283252,
    1349666,
    1366447,
    1383114,
    1399751,
    1416417,
    1433093,
    1449704,
    1466400,
    1483076,
    1499747,
    1516366,
    1533041,
    1549755,
    1566454,
    1583053,
    1599730,
    1616379,
    1633082,
    1649747,
    1666397,
    1683015,
    1699688,
    1716329,
    1733007,
    1749680,
    1766324,
    1783005,
    1799666,
    1816336,
    1832992,
    1849641,
    1866310,
    1883010,
    1899722,
    1916296,
    1933023,
    1949708,
    1966296,
    1983034,
    1999692,
    2016313,
    2033007,
    2049645,
    2066318,
    2082965,
    2099669,
    2116305,
    2132965,
    2149654,
    2166305,
    2182959,
    2199642,
    2216306,
    2232938,
    2249623,
    2266288,
    2282976,
    2299602,
    2316310,
    2332944,
    2349642,
    2366281,
    2382975,
    2399705,
    2416307,
    2432925,
    2449614,
    2466272,
    2482937,
    2499593,
    2516242,
    2532955,
    2549592,
    2566205,
    2582955,
    2599633,
    2616304,
    2632984,
    2649599,
    2666284,
    2682941,
    2699637,
    2716226,
    2732882,
    2749547,
    2766296,
    2782928,
    2799563,
    2816246,
    2832914,
    2849580,
    2866253,
    2882907,
    2899561,
    2916281,
    2932894,
    2949532,
    2966206,
    2982886,
    2999568,
    3016243,
    3032928,
    3049556,
    3066226,
    3082896,
    3099542,
    3116218,
    3132876,
    3149500,
    3166200,
    3182848,
    3199567,
    3216193,
    3232859,
    3249559,
    3266183,
    3282865,
    3299546,
    3316155,
    3332901,
    3349538,
    3366168,
    3382853,
    3399530,
    3416192,
    3432894,
    3449562,
    3466222,
    3482864,
    3499560,
    3516203,
    3532839,
    3549506,
    3566174,
    3582811,
    3599449,
    3616086,
    3632907,
    3649536,
    3666156,
    3682828,
    3699509,
    3716163,
    3732804,
    3749485,
    3766146,
    3782743,
    3799462,
    3816123,
    3832816,
    3849492,
    3866147,
    3882829,
    3899477,
    3916176,
    3932792,
    3949546,
    3966138,
    3982782,
    3999417,
    4016106,
    4032732,
    4049420,
    4066183,
    4082789,
    4099492,
    4116113,
    4132811,
    4149393,
    4166126,
    4182787,
    4199452,
    4216138,
    4232786,
    4249396,
    4266106,
    4282777,
    4299458,
    4316217,
    4332808,
    4349458,
    4366111,
    4382788,
    4399439,
    4416122,
    4432754,
    4449407
  ],