{
  "average_frame_build_time_millis": 0.5725825242718443,
  "90th_percentile_frame_build_time_millis": 1.418,
  "99th_percentile_frame_build_time_millis": 3.266,
  "worst_frame_build_time_millis": 4.754,
  "missed_frame_build_budget_count": 0,
  "average_frame_rasterizer_time_millis": 0.8465294117647061,
  "stddev_frame_rasterizer_time_millis": 0.0638044982698962,
  "90th_percentile_frame_rasterizer_time_millis": 0.936,
  "99th_percentile_frame_rasterizer_time_millis": 1.114,
  "worst_frame_rasterizer_time_millis": 1.366,
  "missed_frame_rasterizer_budget_count": 0,
  "frame_count": 206,
  "frame_rasterizer_count": 204,
  "new_gen_gc_count": 6,
  "old_gen_gc_count": 0,
  "frame_build_times": [
    1762,
    1827,
    1664,
    1420,
    1665,
    1656,
    1214,
    1418,
    1241,
    1353,
    1037,
    1352,
    1452,
    1311,
    4754,
    154,
    184,
    195,
    315,
    1555,
    1435,
    1473,
    1358,
    1499,
    1239,
    1196,
    1418,
    1131,
    1305,
    1386,
    1313,
    1194,
    1245,
    1237,
    1816,
    166,
    194,
    181,
    185,
    194,
    159,
    203,
    186,
    166,
    198,
    166,
    155,
    180,
    169,
    208,
    153,
    184,
    144,
    158,
    173,
    180,
    160,
    192,
    167,
    224,
    217,
    183,
    202,
    166,
    184,
    179,
    219,
    249,
    159,
    153,
    216,
    161,
    193,
    164,
    152,
    199,
    2117,
    538,
    193,
    195,
    178,
    158,
    195,
    221,
    245,
    181,
    212,
    153,
    170,
    1224,
    543,
    184,
    195,
    205,
    196,
    167,
    202,
    160,
    205,
    185,
    193,
    173,
    1388,
    605,
    215,
    189,
    190,
    169,
    201,
    198,
    180,
    181,
    284,
    189,
    229,
    1138,
    476,
    185,
    224,
    170,
    210,
    181,
    192,
    185,
    203,
    178,
    194,
    155,
    3696,
    835,
    753,
    707,
    776,
    701,
    700,
    676,
    706,
    683,
    649,
    566,
    695,
    1958,
    661,
    749,
    688,
    603,
    665,
    668,
    188,
    177,
    228,
    237,
    207,
    193,
    1423,
    703,
    192,
    241,
    216,
    169,
    191,
    184,
    190,
    159,
    157,
    193,
    169,
    1588,
    627,
    174,
    218,
    162,
    179,
    191,
    164,
    187,
    201,
    207,
    170,
    226,
    3266,
    825,
    773,
    706,
    757,
    734,
    715,
    746,
    730,
    715,
    668,
    752,
    714,
    1891,
    625,
    677,
    621,
    542,
    663,
    196,
    220,
    150,
    151,
    192,
    191,
    174
  ],
  "frame_rasterizer_times": [
    1114,
    868,
    1047,
    1031,
    811,
    993,
    979,
    1043,
    879,
    1035,
    1131,
    1018,
    916,
    670,
    941,
    907,
    1366,
    870,
    934,
    951,
    998,
    920,
    872,
    852,
    934,
    740,
    909,
    960,
    862,
    829,
    878,
    818,
    809,
    875,
    832,
    852,
    778,
    881,
    676,
    853,
    818,
    806,
    824,
    796,
    774,
    862,
    870,
    797,
    784,
    804,
    660,
    795,
    836,
    787,
    763,
    805,
    791,
    841,
    837,
    933,
    878,
    801,
    790,
    710,
    928,
    843,
    808,
    770,
    830,
    784,
    813,
    836,
    784,
    816,
    678,
    689,
    944,
    873,
    829,
    802,
    900,
    902,
    893,
    783,
    802,
    784,
    807,
    762,
    676,
    898,
    1033,
    832,
    852,
    854,
    802,
    807,
    864,
    871,
    790,
    809,
    681,
    871,
    865,
    839,
    812,
    868,
    807,
    801,
    803,
    828,
    866,
    880,
    798,
    748,
    718,
    897,
    923,
    843,
    821,
    895,
    902,
    850,
    915,
    844,
    936,
    726,
    703,
    729,
    942,
    884,
    865,
    831,
    832,
    772,
    810,
    875,
    799,
    635,
    810,
    719,
    837,
    967,
    855,
    697,
    906,
    830,
    846,
    830,
    911,
    926,
    898,
    808,
    893,
    959,
    901,
    913,
    908,
    826,
    790,
    854,
    852,
    774,
    630,
    785,
    837,
    782,
    880,
    849,
    830,
    765,
    875,
    873,
    830,
    818,
    857,
    849,
    781,
    855,
    750,
    762,
    973,
    852,
    897,
    887,
    892,
    860,
    826,
    864,
    810,
    928,
    845,
    741,
    876,
    915,
    827,
    665,
    874,
    886,
    875,
    582,
    896,
    865,
    872,
    910
  ],
  "frame_begin_times": [
    0,
    16598,
    33263,
    49913,
    66616,
    83271,
    99878,
    116619,
    133263,
    149906,
    166544,
    183264,
    199998,
    216647,
    233281,
    249880,
    266588,
    283246,
    1336606,
    1350005,
    1366584,
    1383286,
    1399954,
    1416609,
    1433292,
    1449931,
    1466585,
    1483285,
    1499956,
    1516647,
    1533287,
    1549931,
    1566597,
    1583282,
    1599939,
    1616595,
    1633270,
    1650000,
    1666584,
    1683267,
    1699878,
    1716577,
    1733239,
    1749900,
    1766569,
    1783277,
    1799911,
    1816575,
    1833243,
    1849907,
    1866605,
    1883221,
    1899886,
    1916604,
    1933186,
    1949931,
    1966563,
    1983248,
    1999939,
    2016609,
    2033310,
    2049990,
    2066642,
    2083290,
    2099931,
    2116577,
    2133302,
    2149933,
    2166630,
    2183289,
    2199936,
    2216649,
    2233279,
    2249958,
    2266642,
    2283272,
    2299918,
    2316597,
    2333299,
    2349907,
    2366622,
    2383306,
    2400210,
    2416698,
    2433316,
    2449968,
    2466623,
    2483315,
    2499939,
    2516621,
    2533243,
    2550065,
    2566696,
    2583325,
    2599969,
    2616625,
    2633285,
    2649963,
    2666671,
    2683537,
    2699962,
    2716617,
    2733203,
    2749943,
    2766619,
    2783319,
    2799947,
    2816631,
    2833276,
    2849993,
    2866664,
    2883288,
    2900005,
    2916646,
    2933294,
    2949900,
    2966576,
    2983316,
    2999951,
    3016599,
    3033289,
    3049975,
    3066654,
    3083284,
    3099943,
    3116640,
    3133346,
    3149930,
    3166572,
    3183254,
    3200014,
    3216642,
    3233293,
    3249999,
    3266630,
    3283292,
    3299970,
    3316643,
    3333298,
    3349951,
    3366611,
    3383227,
    3399973,
    3416714,
    3433309,
    3449970,
    3466677,
    3483308,
    3499992,
    3516643,
    3533321,
    3550009,
    3566685,
    3583372,
    3600013,
    3616710,
    3633364,
    3650046,
    3666665,
    3683343,
    3700022,
    3716659,
    3733395,
    3750015,
    3766651,
    3783331,
    3799987,
    3816642,
    3833394,
    3850054,
    3866686,
    3883351,
    3900011,
    3916727,
    3933313,
    3950011,
    3966704,
    3983413,
    4000053,
    4016631,
    4033341,
    4050009,
    4066748,
    4083393,
    4100078,
    4116690,
    4133395,
    4150066,
    4166723,
    4183383,
    4200032,
    4216712,
    4233331,
    4250017,
    4266703,
    4283406,
    4300021,
    4316663,
    4333408,
    4350041,
    4366650,
    4383338,
    4400033,
    4416712,
    4433350,
    4450015
  ],