{
  "average_frame_build_time_millis": 0.5728495145631071,
  "90th_percentile_frame_build_time_millis": 1.389,
  "99th_percentile_frame_build_time_millis": 3.462,
  "worst_frame_build_time_millis": 5.042,
  "missed_frame_build_budget_count": 0,
  "average_frame_rasterizer_time_millis": 0.8372352941176477,
  "stddev_frame_rasterizer_time_millis": 0.0630559400230681,
  "90th_percentile_frame_rasterizer_time_millis": 0.941,
  "99th_percentile_frame_rasterizer_time_millis": 1.146,
  "worst_frame_rasterizer_time_millis": 1.383,
  "missed_frame_rasterizer_budget_count": 0,
  "frame_count": 206,
  "frame_rasterizer_count": 204,
  "new_gen_gc_count": 6,
  "old_gen_gc_count": 0,
  "frame_build_times": [
    1686,
    1714,
    1712,
    1689,
    1632,
    1603,
    1852,
    1562,
    1208,
    1441,
    1389,
    1237,
    1241,
    1227,
    5042,
    181,
    246,
    181,
    290,
    1812,
    1104,
    1519,
    1347,
    1223,
    1206,
    1179,
    1371,
    1344,
    1203,
    1225,
    1169,
    1149,
    1183,
    1323,
    1728,
    161,
    192,
    189,
    148,
    144,
    177,
    210,
    168,
    172,
    165,
    173,
    209,
    154,
    198,
    160,
    170,
    160,
    173,
    153,
    175,
    148,
    179,
    177,
    180,
    150,
    189,
    185,
    231,
    195,
    164,
    187,
    167,
    188,
    144,
    169,
    147,
    203,
    184,
    194,
    184,
    173,
    2092,
    665,
    194,
    198,
    183,
    170,
    171,
    203,
    154,
    175,
    184,
    175,
    219,
    1381,
    585,
    154,
    169,
    247,
    161,
    169,
    185,
    165,
    172,
    171,
    182,
    163,
    1671,
    606,
    167,
    215,
    163,
    156,
    169,
    162,
    192,
    201,
    207,
    183,
    178,
    1118,
    576,
    175,
    162,
    192,
    170,
    183,
    145,
    145,
    194,
    155,
    191,
    194,
    3791,
    800,
    773,
    713,
    632,
    773,
    685,
    703,
    695,
    697,
    780,
    704,
    722,
    1992,
    728,
    724,
    668,
    616,
    691,
    169,
    168,
    150,
    167,
    179,
    151,
    161,
    1385,
    586,
    168,
    205,
    185,
    152,
    191,
    140,
    181,
    152,
    201,
    168,
    152,
    1652,
    650,
    167,
    210,
    175,
    168,
    169,
    150,
    202,
    158,
    195,
    148,
    168,
    3462,
    829,
    673,
    711,
    796,
    812,
    819,
    736,
    741,
    684,
    710,
    665,
    721,
    2030,
    664,
    668,
    670,
    668,
    679,
    180,
    176,
    172,
    190,
    153,
    169,
    155
  ],
  "frame_rasterizer_times": [
    1115,
    1061,
    1023,
    1019,
    1150,
    1133,
    972,
    1083,
    1033,
    1012,
    1008,
    1000,
    987,
    992,
    1146,
    928,
    1383,
    1019,
    809,
    963,
    912,
    891,
    856,
    857,
    850,
    924,
    848,
    858,
    859,
    821,
    828,
    847,
    850,
    810,
    918,
    852,
    787,
    815,
    878,
    801,
    857,
    803,
    794,
    818,
    820,
    795,
    845,
    770,
    766,
    792,
    788,
    835,
    757,
    747,
    764,
    856,
    805,
    832,
    794,
    779,
    827,
    800,
    902,
    827,
    785,
    843,
    755,
    767,
    665,
    839,
    875,
    834,
    805,
    803,
    807,
    910,
    860,
    849,
    780,
    837,
    718,
    860,
    773,
    793,
    805,
    842,
    789,
    683,
    834,
    786,
    801,
    918,
    798,
    840,
    804,
    774,
    833,
    763,
    726,
    799,
    783,
    855,
    803,
    938,
    806,
    642,
    853,
    931,
    944,
    909,
    910,
    861,
    796,
    714,
    858,
    888,
    878,
    836,
    674,
    777,
    815,
    836,
    872,
    816,
    911,
    874,
    777,
    692,
    851,
    780,
    617,
    873,
    799,
    793,
    760,
    841,
    852,
    821,
    788,
    783,
    858,
    876,
    856,
    652,
    817,
    798,
    795,
    806,
    813,
    775,
    768,
    730,
    755,
    830,
    798,
    854,
    809,
    803,
    783,
    774,
    840,
    769,
    804,
    820,
    737,
    754,
    940,
    730,
    853,
    880,
    830,
    792,
    788,
    770,
    761,
    891,
    792,
    781,
    735,
    715,
    746,
    824,
    807,
    941,
    948,
    862,
    827,
    801,
    793,
    782,
    805,
    799,
    807,
    835,
    864,
    804,
    846,
    777,
    798,
    838,
    876,
    840,
    776,
    837
  ],
  "frame_begin_times": [
    0,
    16806,
    33356,
    50012,
    66653,
    83307,
    99994,
    116727,
    133322,
    150011,
    166646,
    183307,
    199971,
    216634,
    233269,
    249973,
    266767,
    283301,
    1336235,
    1350055,
    1366581,
    1383302,
    1399965,
    1416623,
    1433273,
    1449989,
    1466632,
    1483241,
    1499903,
    1516555,
    1533259,
    1549909,
    1566566,
    1583226,
    1599936,
    1616598,
    1633321,
    1649925,
    1666561,
    1683230,
    1699897,
    1716547,
    1733272,
    1749908,
    1766540,
    1783227,
    1799893,
    1816576,
    1833235,
    1849882,
    1866566,
    1883260,
    1899884,
    1916554,
    1933233,
    1949879,
    1966545,
    1983210,
    1999917,
    2016543,
    2033212,
    2049888,
    2066636,
    2083267,
    2099925,
    2116573,
    2133233,
    2149884,
    2166561,
    2183229,
    2199854,
    2216519,
    2233290,
    2249896,
    2266629,
    2283212,
    2299874,
    2316589,
    2333231,
    2349875,
    2366562,
    2383238,
    2399902,
    2416549,
    2433206,
    2449900,
    2466556,
    2483237,
    2499876,
    2516499,
    2533241,
    2549893,
    2566587,
    2583168,
    2599912,
    2616569,
    2633265,
    2649911,
    2666564,
    2683241,
    2699940,
    2716549,
    2733252,
    2749955,
    2766594,
    2783237,
    2799924,
    2816571,
    2833283,
    2849955,
    2866658,
    2883337,
    2900009,
    2916660,
    2933271,
    2949878,
    2966599,
    2983289,
    2999939,
    3016619,
    3033223,
    3049925,
    3066638,
    3083286,
    3099948,
    3116630,
    3133371,
    3150004,
    3166607,
    3183265,
    3199974,
    3216659,
    3233281,
    3250014,
    3266661,
    3283347,
    3300063,
    3316658,
    3333376,
    3349952,
    3366679,
    3383297,
    3400059,
    3416728,
    3433347,
    3449982,
    3466660,
    3483335,
    3500002,
    3516695,
    3533345,
    3550018,
    3566661,
    3583344,
    3599978,
    3616711,
    3633379,
    3650033,
    3666681,
    3683331,
    3700020,
    3716604,
    3733381,
    3750047,
    3766628,
    3783363,
    3799973,
    3816680,
    3833434,
    3850010,
    3866742,
    3883421,
    3900052,
    3916693,
    3933352,
    3950029,
    3966677,
    3983330,
    4000029,
    4016711,
    4033329,
    4049989,
    4066701,
    4083356,
    4100017,
    4116771,
    4133457,
    4150093,
    4166726,
    4183440,
    4200059,
    4216720,
    4233398,
    4250030,
    4266736,
    4283413,
    4300058,
    4316708,
    4333419,
    4350060,
    4366725,
    4383392,
    4400103,
    4416740,
    4433450,
    4450036
  ],