{
  "average_frame_build_time_millis": 0.570321951219512,
  "90th_percentile_frame_build_time_millis": 1.403,
  "99th_percentile_frame_build_time_millis": 3.112,
  "worst_frame_build_time_millis": 4.911,
  "missed_frame_build_budget_count": 0,
  "average_frame_rasterizer_time_millis": 0.8361871921182271,
  "stddev_frame_rasterizer_time_millis": 0.06564007862360165,
  "90th_percentile_frame_rasterizer_time_millis": 0.926,
  "99th_percentile_frame_rasterizer_time_millis": 1.069,
  "worst_frame_rasterizer_time_millis": 1.408,
  "missed_frame_rasterizer_budget_count": 0,
  "frame_count": 205,
  "frame_rasterizer_count": 203,
  "new_gen_gc_count": 6,
  "old_gen_gc_count": 0,
  "frame_build_times": [
    1702,
    1660,
    1414,
    1698,
    1739,
    1611,
    1615,
    1183,
    1187,
    1469,
    1428,
    1324,
    1316,
    1402,
    4911,
    180,
    169,
    195,
    329,
    1567,
    1386,
    1161,
    1257,
    1247,
    1205,
    1244,
    1234,
    1408,
    1376,
    1351,
    1187,
    1209,
    1329,
    1197,
    1809,
    172,
    227,
    176,
    184,
    193,
    202,
    206,
    178,
    179,
    194,
    153,
    156,
    213,
    200,
    181,
    157,
    153,
    198,
    206,
    184,
    183,
    160,
    207,
    171,
    262,
    208,
    145,
    191,
    129,
    194,
    157,
    135,
    251,
    195,
    177,
    183,
    168,
    220,
    188,
    177,
    1799,
    495,
    214,
    201,
    189,
    174,
    160,
    222,
    179,
    184,
    160,
    240,
    254,
    1403,
    597,
    172,
    155,
    238,
    181,
    201,
    177,
    188,
    198,
    186,
    177,
    132,
    1512,
    589,
    166,
    203,
    167,
    218,
    157,
    163,
    148,
    202,
    188,
    227,
    158,
    1078,
    472,
    233,
    228,
    174,
    178,
    162,
    192,
    181,
    180,
    205,
    136,
    223,
    3809,
    802,
    723,
    716,
    746,
    667,
    696,
    658,
    704,
    657,
    632,
    719,
    787,
    1984,
    662,
    662,
    694,
    626,
    652,
    202,
    220,
    190,
    184,
    231,
    197,
    192,
    1362,
    604,
    196,
    164,
    189,
    170,
    194,
    207,
    180,
    249,
    187,
    192,
    192,
    1641,
    747,
    172,
    167,
    165,
    179,
    164,
    189,
    175,
    187,
    205,
    188,
    162,
    3112,
    787,
    714,
    781,
    757,
    727,
    694,
    669,
    654,
    786,
    655,
    667,
    775,
    1982,
    660,
    629,
    665,
    642,
    626,
    157,
    168,
    172,
    159,
    184,
    173,
    154
  ],
  "frame_rasterizer_times": [
    897,
    1069,
    1042,
    1058,
    1005,
    1063,
    956,
    1134,
    1068,
    1041,
    1017,
    1026,
    1010,
    845,
    875,
    891,
    1408,
    855,
    993,
    713,
    1001,
    892,
    866,
    948,
    865,
    917,
    962,
    849,
    929,
    861,
    877,
    837,
    833,
    838,
    926,
    821,
    851,
    886,
    855,
    870,
    791,
    862,
    786,
    740,
    804,
    875,
    845,
    741,
    759,
    683,
    837,
    871,
    879,
    782,
    798,
    848,
    809,
    824,
    845,
    787,
    746,
    550,
    766,
    823,
    639,
    889,
    812,
    871,
    816,
    837,
    859,
    852,
    819,
    709,
    718,
    891,
    862,
    847,
    825,
    782,
    764,
    781,
    886,
    789,
    864,
    799,
    769,
    912,
    879,
    873,
    895,
    864,
    831,
    787,
    837,
    814,
    814,
    823,
    556,
    661,
    827,
    789,
    912,
    847,
    859,
    759,
    760,
    807,
    797,
    840,
    796,
    674,
    718,
    761,
    1048,
    914,
    909,
    847,
    865,
    816,
    885,
    832,
    810,
    654,
    885,
    712,
    707,
    853,
    819,
    831,
    803,
    861,
    785,
    787,
    871,
    720,
    912,
    908,
    805,
    912,
    803,
    808,
    808,
    842,
    862,
    915,
    891,
    855,
    829,
    807,
    815,
    742,
    796,
    807,
    788,
    762,
    792,
    881,
    854,
    891,
    829,
    793,
    739,
    706,
    696,
    815,
    787,
    763,
    777,
    856,
    802,
    799,
    780,
    650,
    841,
    817,
    749,
    704,
    723,
    848,
    950,
    833,
    881,
    841,
    840,
    703,
    854,
    816,
    797,
    881,
    791,
    900,
    879,
    826,
    783,
    774,
    849,
    804,
    709,
    843,
    761,
    817,
    768
  ],
  "frame_begin_times": [
    0,
    16684,
    33334,
    50021,
    66672,
    83352,
    100000,
    116653,
    133382,
    150022,
    166645,
    183312,
    200025,
    216649,
    233319,
    249971,
    266620,
    283296,
    1349877,
    1366681,
    1383292,
    1399920,
    1416635,
    1433305,
    1449961,
    1466598,
    1483306,
    1499983,
    1516599,
    1533284,
    1549945,
    1566616,
    1583288,
    1599954,
    1616598,
    1633266,
    1649971,
    1666624,
    1683302,
    1699952,
    1716630,
    1733284,
    1749926,
    1766564,
    1783224,
    1799909,
    1816593,
    1833256,
    1849927,
    1866586,
    1883281,
    1899901,
    1916579,
    1933285,
    1949908,
    1966589,
    1983254,
    1999904,
    2016573,
    2033151,
    2049887,
    2066579,
    2083216,
    2099823,
    2116602,
    2133220,
    2149871,
    2166565,
    2183226,
    2199901,
    2216590,
    2233252,
    2249898,
    2266594,
    2283276,
    2299850,
    2316548,
    2333291,
    2349950,
    2366587,
    2383300,
    2399919,
    2416598,
    2433278,
    2449879,
    2466604,
    2483264,
    2499877,
    2516569,
    2533311,
    2549927,
    2566528,
    2583320,
    2599940,
    2616643,
    2633260,
    2649924,
    2666601,
    2683325,
    2699945,
    2716535,
    2733189,
    2749949,
    2766595,
    2783315,
    2799972,
    2816598,
    2833261,
    2849926,
    2866628,
    2883380,
    2899963,
    2916622,
    2933222,
    2949910,
    2966604,
    2983340,
    2999949,
    3016635,
    3033300,
    3049942,
    3066609,
    3083265,
    3099954,
    3116592,
    3133288,
    3149955,
    3166569,
    3183270,
    3199994,
    3216651,
    3233368,
    3250003,
    3266660,
    3283331,
    3299976,
    3316656,
    3333288,
    3350085,
    3366688,
    3383312,
    3400029,
    3416673,
    3433317,
    3450032,
    3466675,
    3483367,
    3500052,
    3516708,
    3533387,
    3550036,
    3566675,
    3583370,
    3599942,
    3616682,
    3633389,
    3650044,
    3666676,
    3683340,
    3700083,
    3716672,
    3733390,
    3750034,
    3766705,
    3783355,
    3799926,
    3816639,
    3833355,
    3850000,
    3866660,
    3883346,
    3899999,
    3916704,
    3933327,
    3950079,
    3966652,
    3983377,
    3999998,
    4016700,
    4033288,
    4049999,
    4066715,
    4083442,
    4100093,
    4116714,
    4133373,
    4150028,
    4166695,
    4183376,
    4200060,
    4216638,
    4233351,
    4250005,
    4266738,
    4283370,
    4300059,
    4316716,
    4333370,
    4350056,
    4366709,
    4383365,
    4400048,
    4416718,
    4433382,
    4450047
  ],