{
  "average_frame_build_time_millis": 0.5795242718446605,
  "90th_percentile_frame_build_time_millis": 1.408,
  "99th_percentile_frame_build_time_millis": 3.947,
  "worst_frame_build_time_millis": 4.631,
  "missed_frame_build_budget_count": 0,
  "average_frame_rasterizer_time_millis": 0.8585490196078426,
  "stddev_frame_rasterizer_time_millis": 0.06627277970011522,
  "90th_percentile_frame_rasterizer_time_millis": 0.987,
  "99th_percentile_frame_rasterizer_time_millis": 1.15,
  "worst_frame_rasterizer_time_millis": 1.432,
  "missed_frame_rasterizer_budget_count": 0,
  "frame_count": 206,
  "frame_rasterizer_count": 204,
  "new_gen_gc_count": 4,
  "old_gen_gc_count": 0,
  "frame_build_times": [
    1799,
    1679,
    1779,
    1702,
    1771,
    1770,
    1733,
    1619,
    1388,
    1461,
    1347,
    1248,
    1212,
    1341,
    4631,
    181,
    179,
    168,
    320,
    1878,
    1244,
    1474,
    1344,
    1407,
    1340,
    1313,
    1308,
    1195,
    1143,
    1235,
    1201,
    1189,
    1146,
    1761,
    238,
    180,
    169,
    173,
    178,
    193,
    179,
    176,
    201,
    205,
    191,
    155,
    173,
    210,
    180,
    191,
    159,
    168,
    187,
    192,
    160,
    218,
    196,
    179,
    193,
    164,
    207,
    205,
    207,
    157,
    154,
    198,
    187,
    185,
    193,
    167,
    171,
    215,
    260,
    169,
    151,
    161,
    2271,
    568,
    180,
    174,
    179,
    163,
    196,
    206,
    254,
    175,
    180,
    170,
    182,
    1334,
    599,
    157,
    180,
    164,
    178,
    178,
    174,
    195,
    237,
    217,
    192,
    168,
    1651,
    636,
    180,
    190,
    163,
    175,
    170,
    164,
    214,
    199,
    158,
    194,
    166,
    1408,
    613,
    189,
    177,
    900,
    256,
    174,
    197,
    180,
    215,
    221,
    193,
    170,
    3947,
    852,
    807,
    723,
    757,
    708,
    665,
    647,
    711,
    692,
    631,
    636,
    720,
    1640,
    563,
    654,
    614,
    660,
    735,
    164,
    250,
    170,
    183,
    168,
    183,
    178,
    1350,
    566,
    152,
    175,
    171,
    236,
    209,
    195,
    223,
    158,
    192,
    196,
    175,
    1557,
    602,
    168,
    170,
    177,
    164,
    183,
    177,
    190,
    169,
    194,
    158,
    167,
    3951,
    871,
    854,
    655,
    733,
    695,
    732,
    686,
    671,
    666,
    679,
    682,
    744,
    1945,
    644,
    707,
    659,
    732,
    750,
    168,
    181,
    189,
    170,
    187,
    185,
    189
  ],
  "frame_rasterizer_times": [
    1097,
    1132,
    1120,
    1028,
    1150,
    1097,
    1108,
    1104,
    1050,
    1028,
    1012,
    1026,
    1037,
    971,
    869,
    893,
    1432,
    1203,
    969,
    1122,
    1025,
    1005,
    927,
    952,
    906,
    869,
    860,
    844,
    825,
    856,
    857,
    878,
    905,
    839,
    860,
    829,
    851,
    856,
    815,
    826,
    876,
    920,
    814,
    766,
    755,
    793,
    868,
    810,
    780,
    836,
    823,
    798,
    803,
    832,
    801,
    792,
    857,
    705,
    804,
    879,
    794,
    782,
    816,
    840,
    828,
    817,
    818,
    822,
    824,
    978,
    839,
    770,
    806,
    840,
    762,
    831,
    885,
    814,
    870,
    802,
    938,
    879,
    812,
    848,
    765,
    869,
    859,
    733,
    822,
    813,
    816,
    799,
    801,
    788,
    860,
    845,
    898,
    882,
    855,
    819,
    716,
    842,
    801,
    753,
    844,
    776,
    710,
    823,
    817,
    814,
    941,
    831,
    766,
    753,
    904,
    837,
    910,
    941,
    1042,
    851,
    987,
    951,
    952,
    917,
    832,
    868,
    783,
    777,
    866,
    868,
    822,
    839,
    794,
    778,
    822,
    856,
    799,
    774,
    851,
    691,
    781,
    890,
    857,
    815,
    859,
    840,
    869,
    817,
    778,
    853,
    793,
    757,
    713,
    815,
    786,
    807,
    736,
    966,
    848,
    868,
    849,
    772,
    799,
    786,
    865,
    807,
    863,
    860,
    682,
    810,
    820,
    884,
    797,
    806,
    778,
    772,
    776,
    792,
    826,
    815,
    1040,
    743,
    847,
    827,
    920,
    864,
    825,
    829,
    845,
    820,
    880,
    736,
    873,
    912,
    850,
    861,
    877,
    871,
    839,
    812,
    832,
    819,
    846,
    886
  ],
  "frame_begin_times": [
    0,
    16682,
    33338,
    50012,
    66677,
    83359,
    100026,
    116705,
    133357,
    150038,
    166691,
    183340,
    200037,
    216658,
    233341,
    249991,
    266625,
    283343,
    1336677,
    1350261,
    1366758,
    1383451,
    1400111,
    1416764,
    1433431,
    1450077,
    1466757,
    1483400,
    1500083,
    1516705,
    1533443,
    1550058,
    1566708,
    1583428,
    1600108,
    1616717,
    1633397,
    1650084,
    1666779,
    1683400,
    1700043,
    1716724,
    1733385,
    1750124,
    1766722,
    1783385,
    1800095,
    1816742,
    1833417,
    1850106,
    1866720,
    1883398,
    1900076,
    1916714,
    1933416,
    1950095,
    1966731,
    1983429,
    2000096,
    2016698,
    2033390,
    2050080,
    2066755,
    2083383,
    2100073,
    2116779,
    2133387,
    2150074,
    2166750,
    2183469,
    2200056,
    2216799,
    2233409,
    2250061,
    2266772,
    2283448,
    2300078,
    2316733,
    2333442,
    2350081,
    2366767,
    2383430,
    2400107,
    2416739,
    2433398,
    2450087,
    2466735,
    2483414,
    2500034,
    2516682,
    2533405,
    2550080,
    2566774,
    2583432,
    2600068,
    2616715,
    2633427,
    2650127,
    2666738,
    2683346,
    2700070,
    2716720,
    2733360,
    2750085,
    2766761,
    2783418,
    2800135,
    2816760,
    2833373,
    2850117,
    2866747,
    2883415,
    2900118,
    2916740,
    2933397,
    2950070,
    2966760,
    2983358,
    3000165,
    3016730,
    3033507,
    3050103,
    3066825,
    3083431,
    3100110,
    3116743,
    3133453,
    3150089,
    3166728,
    3183409,
    3200095,
    3216776,
    3233470,
    3250104,
    3266756,
    3283407,
    3300135,
    3316810,
    3333437,
    3350086,
    3366778,
    3383379,
    3400078,
    3416771,
    3433419,
    3450097,
    3466774,
    3483478,
    3500039,
    3516754,
    3533423,
    3550080,
    3566750,
    3583429,
    3600069,
    3616792,
    3633426,
    3650118,
    3666765,
    3683550,
    3700187,
    3716834,
    3733464,
    3750168,
    3766826,
    3783480,
    3800114,
    3816768,
    3833528,
    3850119,
    3866777,
    3883499,
    3900166,
    3916776,
    3933477,
    3950119,
    3966808,
    3983480,
    4000172,
    4016835,
    4033435,
    4050310,
    4066888,
    4083465,
    4100186,
    4116902,
    4133499,
    4150184,
    4166835,
    4183514,
    4200174,
    4216857,
    4233544,
    4250148,
    4266894,
    4283548,
    4300196,
    4316900,
    4333483,
    4350231,
    4366897,
    4383540,
    4400230,
    4416889,
    4433530,
    4450169
  ],