{
  "average_frame_build_time_millis": 0.5710097087378644,
  "90th_percentile_frame_build_time_millis": 1.36,
  "99th_percentile_frame_build_time_millis": 3.677,
  "worst_frame_build_time_millis": 4.364,
  "missed_frame_build_budget_count": 0,
  "average_frame_rasterizer_time_millis": 0.8499951456310678,
  "stddev_frame_rasterizer_time_millis": 0.06942124611179183,
  "90th_percentile_frame_rasterizer_time_millis": 0.98,
  "99th_percentile_frame_rasterizer_time_millis": 1.154,
  "worst_frame_rasterizer_time_millis": 1.419,
  "missed_frame_rasterizer_budget_count": 0,
  "frame_count": 206,
  "frame_rasterizer_count": 206,
  "new_gen_gc_count": 4,
  "old_gen_gc_count": 0,
  "frame_build_times": [
    1130,
    1391,
    1793,
    1754,
    1738,
    1668,
    1780,
    1485,
    1401,
    1325,
    1459,
    1322,
    1211,
    1350,
    4364,
    189,
    185,
    214,
    318,
    1795,
    1184,
    1491,
    1320,
    1337,
    1360,
    1175,
    1199,
    1344,
    1210,
    1135,
    1106,
    1118,
    960,
    1126,
    1729,
    171,
    190,
    160,
    185,
    197,
    169,
    175,
    182,
    184,
    173,
    166,
    192,
    265,
    185,
    211,
    174,
    191,
    159,
    188,
    185,
    183,
    178,
    147,
    170,
    180,
    196,
    200,
    189,
    194,
    187,
    191,
    196,
    197,
    167,
    151,
    189,
    268,
    209,
    205,
    173,
    192,
    2078,
    617,
    178,
    180,
    196,
    210,
    168,
    158,
    214,
    168,
    189,
    166,
    196,
    1316,
    545,
    160,
    179,
    156,
    200,
    163,
    177,
    155,
    171,
    179,
    205,
    195,
    1230,
    509,
    170,
    172,
    163,
    219,
    207,
    190,
    186,
    150,
    167,
    192,
    178,
    1474,
    610,
    177,
    180,
    236,
    189,
    186,
    193,
    173,
    206,
    203,
    154,
    169,
    3677,
    817,
    763,
    867,
    878,
    735,
    706,
    719,
    708,
    751,
    709,
    701,
    707,
    1907,
    657,
    665,
    554,
    675,
    619,
    690,
    160,
    177,
    161,
    181,
    181,
    170,
    1340,
    562,
    168,
    181,
    191,
    147,
    168,
    186,
    177,
    259,
    155,
    170,
    182,
    1596,
    585,
    166,
    166,
    199,
    187,
    155,
    180,
    165,
    181,
    169,
    160,
    212,
    3914,
    754,
    635,
    726,
    679,
    734,
    670,
    668,
    658,
    665,
    643,
    660,
    742,
    1961,
    636,
    691,
    750,
    709,
    754,
    669,
    168,
    171,
    155,
    189,
    176,
    177
  ],
  "frame_rasterizer_times": [
    842,
    992,
    1106,
    1146,
    1110,
    1081,
    1097,
    1154,
    1103,
    1041,
    1044,
    1098,
    1025,
    997,
    870,
    987,
    919,
    998,
    1419,
    1045,
    745,
    939,
    920,
    876,
    950,
    933,
    872,
    927,
    847,
    803,
    826,
    803,
    600,
    827,
    819,
    864,
    808,
    802,
    815,
    824,
    820,
    813,
    824,
    826,
    786,
    737,
    974,
    949,
    841,
    835,
    858,
    797,
    773,
    844,
    846,
    812,
    828,
    712,
    831,
    798,
    850,
    814,
    788,
    917,
    803,
    838,
    858,
    823,
    809,
    694,
    980,
    1206,
    976,
    882,
    822,
    898,
    884,
    909,
    907,
    853,
    837,
    797,
    880,
    829,
    828,
    782,
    777,
    831,
    856,
    763,
    850,
    824,
    824,
    803,
    901,
    891,
    838,
    782,
    824,
    863,
    819,
    824,
    709,
    730,
    810,
    808,
    875,
    1008,
    888,
    897,
    841,
    794,
    799,
    877,
    753,
    741,
    900,
    891,
    859,
    915,
    820,
    859,
    815,
    830,
    916,
    848,
    775,
    809,
    646,
    683,
    830,
    1016,
    910,
    847,
    796,
    800,
    798,
    870,
    825,
    790,
    868,
    734,
    858,
    817,
    682,
    892,
    811,
    829,
    815,
    784,
    847,
    868,
    795,
    813,
    678,
    782,
    687,
    775,
    887,
    790,
    793,
    765,
    792,
    759,
    766,
    853,
    794,
    807,
    861,
    715,
    855,
    821,
    828,
    784,
    807,
    800,
    763,
    800,
    763,
    869,
    799,
    629,
    722,
    852,
    811,
    876,
    827,
    787,
    778,
    799,
    794,
    803,
    873,
    788,
    736,
    876,
    904,
    879,
    918,
    832,
    842,
    818,
    796,
    927,
    838,
    898
  ],
  "frame_begin_times": [
    0,
    16727,
    33337,
    50073,
    66722,
    83392,
    100025,
    116718,
    133384,
    150037,
    166678,
    183379,
    200023,
    216682,
    233348,
    250014,
    266675,
    283388,
    1336233,
    1350079,
    1366605,
    1383335,
    1399991,
    1416639,
    1433293,
    1449970,
    1466676,
    1483347,
    1499965,
    1516648,
    1533342,
    1549961,
    1566551,
    1583285,
    1599988,
    1616632,
    1633275,
    1649962,
    1666651,
    1683279,
    1699942,
    1716606,
    1733286,
    1749973,
    1766602,
    1783288,
    1799990,
    1816683,
    1833290,
    1849937,
    1866637,
    1883309,
    1899925,
    1916624,
    1933267,
    1949936,
    1966638,
    1983260,
    1999983,
    2016631,
    2033279,
    2049933,
    2066577,
    2083278,
    2099923,
    2116578,
    2133279,
    2149911,
    2166574,
    2183236,
    2200035,
    2216827,
    2233367,
    2249974,
    2266642,
    2283296,
    2299914,
    2316642,
    2333247,
    2349914,
    2366632,
    2383275,
    2399961,
    2416610,
    2433278,
    2449912,
    2466594,
    2483315,
    2499919,
    2516543,
    2533253,
    2549932,
    2566680,
    2583268,
    2599953,
    2616567,
    2633223,
    2649912,
    2666591,
    2683185,
    2699891,
    2716607,
    2733193,
    2749862,
    2766586,
    2783251,
    2799921,
    2816680,
    2833294,
    2849780,
    2866464,
    2883132,
    2899764,
    2916404,
    2933070,
    2949736,
    2966420,
    2983149,
    2999752,
    3016441,
    3033068,
    3049723,
    3066437,
    3083072,
    3099718,
    3116401,
    3133067,
    3149694,
    3166364,
    3183073,
    3199754,
    3216454,
    3233108,
    3249759,
    3266432,
    3283103,
    3299736,
    3316418,
    3333053,
    3349719,
    3366361,
    3383070,
    3399740,
    3416382,
    3433019,
    3449728,
    3466377,
    3483055,
    3499743,
    3516366,
    3533037,
    3549728,
    3566382,
    3583028,
    3599637,
    3616351,
    3633004,
    3649671,
    3666329,
    3683015,
    3699683,
    3716350,
    3733061,
    3749623,
    3766357,
    3783295,
    3799683,
    3816345,
    3833007,
    3849631,
    3866339,
    3882983,
    3899645,
    3916320,
    3932993,
    3949642,
    3966314,
    3983012,
    3999646,
    4016247,
    4032890,
    4049590,
    4066265,
    4082965,
    4099625,
    4116339,
    4132998,
    4149647,
    4166233,
    4182957,
    4199650,
    4216303,
    4232971,
    4249623,
    4266271,
    4282992,
    4299688,
    4316345,
    4333078,
    4349663,
    4366306,
    4382947,
    4399638,
    4416290,
    4432930,
    4449561
  ],