{
  "average_frame_build_time_millis": 0.5679029126213591,
  "90th_percentile_frame_build_time_millis": 1.401,
  "99th_percentile_frame_build_time_millis": 3.697,
  "worst_frame_build_time_millis": 4.341,
  "missed_frame_build_budget_count": 0,
  "average_frame_rasterizer_time_millis": 0.8528737864077663,
  "stddev_frame_rasterizer_time_millis": 0.07251201809784136,
  "90th_percentile_frame_rasterizer_time_millis": 0.961,
  "99th_percentile_frame_rasterizer_time_millis": 1.176,
  "worst_frame_rasterizer_time_millis": 1.366,
  "missed_frame_rasterizer_budget_count": 0,
  "frame_count": 206,
  "frame_rasterizer_count": 206,
  "new_gen_gc_count": 4,
  "old_gen_gc_count": 0,
  "frame_build_times": [
    1888,
    1756,
    1714,
    1734,
    1731,
    1647,
    1739,
    1084,
    1359,
    1354,
    1401,
    1237,
    1424,
    1310,
    4341,
    169,
    222,
    240,
    282,
    1580,
    1162,
    1438,
    1400,
    1332,
    1213,
    1360,
    1367,
    1187,
    1221,
    1185,
    1139,
    1189,
    1066,
    1126,
    1825,
    183,
    210,
    184,
    183,
    161,
    225,
    200,
    208,
    204,
    165,
    200,
    171,
    171,
    201,
    157,
    203,
    169,
    188,
    219,
    179,
    238,
    143,
    149,
    187,
    168,
    170,
    192,
    152,
    192,
    148,
    215,
    175,
    211,
    223,
    134,
    163,
    224,
    182,
    188,
    227,
    178,
    2054,
    505,
    198,
    165,
    193,
    213,
    146,
    193,
    158,
    185,
    179,
    176,
    196,
    1389,
    636,
    163,
    184,
    154,
    153,
    187,
    155,
    182,
    180,
    164,
    205,
    192,
    1685,
    584,
    169,
    200,
    166,
    165,
    187,
    167,
    169,
    200,
    195,
    189,
    163,
    1452,
    600,
    167,
    181,
    206,
    166,
    186,
    200,
    166,
    188,
    159,
    193,
    185,
    3760,
    860,
    781,
    895,
    736,
    703,
    788,
    654,
    655,
    660,
    605,
    687,
    725,
    1638,
    531,
    701,
    589,
    624,
    727,
    187,
    198,
    162,
    216,
    186,
    173,
    200,
    1384,
    595,
    121,
    231,
    205,
    187,
    194,
    211,
    232,
    176,
    190,
    210,
    204,
    1627,
    576,
    156,
    182,
    169,
    183,
    185,
    166,
    173,
    176,
    211,
    160,
    158,
    3697,
    764,
    608,
    734,
    740,
    666,
    687,
    640,
    672,
    694,
    772,
    702,
    698,
    1638,
    562,
    692,
    670,
    727,
    646,
    175,
    175,
    167,
    177,
    193,
    160,
    174
  ],
  "frame_rasterizer_times": [
    1176,
    1127,
    1199,
    1133,
    1113,
    1050,
    1164,
    839,
    1036,
    1016,
    1140,
    1046,
    1039,
    1046,
    843,
    965,
    1013,
    1120,
    1366,
    953,
    793,
    961,
    960,
    914,
    889,
    984,
    924,
    877,
    853,
    865,
    831,
    855,
    764,
    854,
    912,
    857,
    908,
    791,
    861,
    798,
    874,
    977,
    920,
    831,
    667,
    817,
    809,
    899,
    868,
    814,
    780,
    890,
    827,
    942,
    827,
    837,
    696,
    702,
    796,
    786,
    915,
    791,
    842,
    806,
    787,
    961,
    868,
    836,
    830,
    573,
    809,
    862,
    910,
    821,
    863,
    794,
    766,
    779,
    875,
    901,
    844,
    851,
    684,
    788,
    791,
    817,
    859,
    790,
    834,
    749,
    860,
    850,
    838,
    797,
    714,
    816,
    833,
    821,
    922,
    809,
    776,
    896,
    766,
    851,
    845,
    860,
    678,
    809,
    840,
    791,
    873,
    788,
    804,
    747,
    774,
    766,
    883,
    906,
    851,
    892,
    851,
    871,
    959,
    849,
    845,
    809,
    839,
    871,
    692,
    753,
    867,
    1028,
    893,
    821,
    897,
    809,
    807,
    804,
    712,
    893,
    872,
    674,
    676,
    881,
    727,
    854,
    882,
    892,
    859,
    818,
    797,
    926,
    832,
    789,
    720,
    826,
    577,
    786,
    938,
    883,
    831,
    931,
    857,
    798,
    748,
    908,
    872,
    762,
    783,
    694,
    871,
    817,
    885,
    796,
    791,
    856,
    915,
    877,
    803,
    791,
    711,
    625,
    695,
    910,
    845,
    837,
    818,
    812,
    800,
    879,
    908,
    878,
    888,
    641,
    730,
    919,
    877,
    869,
    812,
    824,
    891,
    846,
    877,
    837,
    820,
    832
  ],
  "frame_begin_times": [
    0,
    16720,
    33403,
    50032,
    66712,
    83370,
    100022,
    116667,
    133336,
    149974,
    166705,
    183322,
    199909,
    216681,
    233295,
    249927,
    266665,
    283433,
    1336766,
    1349933,
    1366476,
    1383225,
    1399873,
    1416569,
    1433215,
    1449841,
    1466562,
    1483193,
    1499792,
    1516501,
    1533169,
    1549883,
    1566456,
    1583145,
    1599828,
    1616499,
    1633159,
    1649822,
    1666547,
    1683135,
    1699839,
    1716607,
    1733182,
    1749844,
    1766444,
    1783123,
    1799808,
    1816421,
    1833106,
    1849761,
    1866472,
    1883165,
    1899800,
    1916520,
    1933130,
    1949783,
    1966482,
    1983075,
    1999776,
    2016446,
    2033148,
    2049815,
    2066487,
    2083102,
    2099755,
    2116457,
    2133180,
    2149807,
    2166515,
    2183058,
    2199810,
    2216515,
    2233160,
    2249830,
    2266461,
    2283133,
    2299757,
    2316437,
    2333133,
    2349813,
    2366479,
    2383116,
    2399745,
    2416455,
    2433140,
    2449847,
    2466480,
    2483139,
    2499778,
    2516378,
    2533157,
    2549819,
    2566478,
    2583225,
    2599823,
    2616513,
    2633184,
    2649811,
    2666590,
    2683222,
    2699852,
    2716517,
    2733142,
    2749812,
    2766566,
    2783186,
    2799889,
    2816510,
    2833158,
    2849879,
    2866562,
    2883158,
    2899852,
    2916500,
    2933169,
    2949804,
    2966552,
    2983189,
    2999830,
    3016571,
    3033176,
    3049869,
    3066510,
    3083184,
    3099850,
    3116503,
    3133226,
    3149816,
    3166497,
    3183205,
    3199861,
    3216585,
    3233197,
    3249846,
    3266508,
    3283232,
    3299845,
    3316526,
    3333204,
    3349890,
    3366566,
    3383140,
    3399837,
    3416576,
    3433185,
    3449930,
    3466546,
    3483240,
    3499896,
    3516541,
    3533206,
    3549907,
    3566598,
    3583232,
    3599834,
    3616565,
    3633167,
    3649889,
    3666651,
    3683265,
    3699894,
    3716673,
    3733252,
    3749905,
    3766560,
    3783286,
    3799904,
    3816526,
    3833255,
    3849868,
    3866606,
    3883248,
    3899928,
    3916586,
    3933238,
    3949935,
    3966648,
    3983273,
    3999945,
    4016586,
    4033222,
    4049889,
    4066570,
    4083310,
    4099944,
    4116617,
    4133307,
    4149982,
    4166618,
    4183333,
    4199885,
    4216646,
    4233284,
    4249871,
    4266610,
    4283386,
    4299991,
    4316682,
    4333325,
    4350011,
    4366671,
    4383350,
    4400022,
    4416656,
    4433331,
    4449981
  ],