{
  "average_frame_build_time_millis": 0.5569609756097562,
  "90th_percentile_frame_build_time_millis": 1.383,
  "99th_percentile_frame_build_time_millis": 3.557,
  "worst_frame_build_time_millis": 3.677,
  "missed_frame_build_budget_count": 0,
  "average_frame_rasterizer_time_millis": 0.8476878048780488,
  "stddev_frame_rasterizer_time_millis": 0.06613082688875666,
  "90th_percentile_frame_rasterizer_time_millis": 0.977,
  "99th_percentile_frame_rasterizer_time_millis": 1.074,
  "worst_frame_rasterizer_time_millis": 1.387,
  "missed_frame_rasterizer_budget_count": 0,
  "frame_count": 205,
  "frame_rasterizer_count": 205,
  "new_gen_gc_count": 4,
  "old_gen_gc_count": 2,
  "frame_build_times": [
    1651,
    1552,
    1322,
    1607,
    1649,
    1593,
    1557,
    1371,
    1225,
    1366,
    1323,
    1213,
    1220,
    1336,
    3624,
    201,
    216,
    233,
    326,
    1537,
    1383,
    1406,
    1335,
    1452,
    1309,
    1345,
    1122,
    1191,
    1510,
    1363,
    1174,
    1212,
    1368,
    1738,
    177,
    199,
    165,
    168,
    161,
    179,
    181,
    159,
    188,
    198,
    202,
    166,
    152,
    179,
    209,
    162,
    206,
    190,
    204,
    208,
    161,
    227,
    161,
    176,
    150,
    173,
    174,
    166,
    187,
    204,
    188,
    187,
    178,
    145,
    176,
    166,
    196,
    158,
    194,
    174,
    199,
    1712,
    474,
    241,
    217,
    254,
    215,
    197,
    214,
    175,
    168,
    180,
    157,
    231,
    1327,
    503,
    195,
    188,
    235,
    202,
    189,
    183,
    175,
    155,
    201,
    177,
    173,
    1740,
    612,
    200,
    167,
    170,
    196,
    222,
    176,
    171,
    187,
    187,
    204,
    185,
    1437,
    659,
    185,
    195,
    184,
    173,
    211,
    152,
    183,
    213,
    179,
    183,
    175,
    3677,
    920,
    792,
    724,
    775,
    659,
    706,
    624,
    685,
    675,
    548,
    615,
    658,
    1906,
    669,
    588,
    601,
    589,
    612,
    174,
    204,
    171,
    163,
    185,
    177,
    190,
    1139,
    556,
    172,
    172,
    188,
    186,
    164,
    174,
    177,
    149,
    195,
    252,
    175,
    1653,
    680,
    192,
    178,
    178,
    177,
    145,
    190,
    157,
    187,
    165,
    181,
    154,
    3557,
    975,
    789,
    729,
    683,
    671,
    689,
    668,
    607,
    673,
    683,
    657,
    665,
    1963,
    570,
    683,
    608,
    623,
    903,
    220,
    163,
    169,
    190,
    157,
    191,
    161
  ],
  "frame_rasterizer_times": [
    1074,
    1034,
    849,
    1061,
    1036,
    1022,
    1095,
    982,
    984,
    998,
    986,
    987,
    990,
    1006,
    709,
    806,
    935,
    906,
    1387,
    913,
    982,
    956,
    933,
    982,
    977,
    968,
    753,
    874,
    934,
    945,
    867,
    846,
    904,
    866,
    858,
    823,
    808,
    811,
    682,
    804,
    759,
    796,
    861,
    917,
    837,
    810,
    793,
    980,
    846,
    780,
    648,
    927,
    833,
    868,
    846,
    791,
    808,
    806,
    768,
    778,
    818,
    807,
    838,
    839,
    839,
    799,
    864,
    850,
    884,
    781,
    774,
    776,
    796,
    860,
    818,
    586,
    674,
    1003,
    880,
    1024,
    915,
    935,
    918,
    840,
    823,
    815,
    791,
    863,
    770,
    878,
    779,
    826,
    1011,
    912,
    878,
    853,
    815,
    769,
    875,
    774,
    669,
    792,
    866,
    866,
    874,
    849,
    855,
    878,
    787,
    834,
    863,
    828,
    669,
    779,
    722,
    910,
    872,
    909,
    807,
    819,
    858,
    834,
    901,
    880,
    796,
    692,
    838,
    696,
    836,
    878,
    849,
    821,
    811,
    801,
    783,
    816,
    831,
    631,
    825,
    828,
    729,
    871,
    798,
    821,
    778,
    801,
    797,
    812,
    803,
    808,
    658,
    818,
    818,
    674,
    836,
    914,
    947,
    840,
    814,
    796,
    819,
    815,
    564,
    968,
    869,
    787,
    769,
    968,
    906,
    891,
    852,
    813,
    792,
    774,
    834,
    852,
    822,
    815,
    807,
    783,
    871,
    943,
    869,
    874,
    841,
    846,
    843,
    697,
    836,
    835,
    831,
    833,
    776,
    784,
    907,
    837,
    852,
    936,
    911,
    671,
    877,
    862,
    885,
    872,
    866
  ],
  "frame_begin_times": [
    0,
    16629,
    33234,
    49948,
    66586,
    83280,
    99938,
    116604,
    133267,
    150002,
    166632,
    183262,
    199941,
    216663,
    233218,
    249921,
    266626,
    283294,
    1349791,
    1366581,
    1383209,
    1399870,
    1416654,
    1433304,
    1449986,
    1466648,
    1483257,
    1499957,
    1516667,
    1533323,
    1549963,
    1566654,
    1583382,
    1599984,
    1616642,
    1633273,
    1649984,
    1666661,
    1683264,
    1699953,
    1716634,
    1733300,
    1749965,
    1766654,
    1783287,
    1799947,
    1816641,
    1833366,
    1849978,
    1866622,
    1883319,
    1900030,
    1916661,
    1933308,
    1949930,
    1966601,
    1983284,
    1999997,
    2016629,
    2033292,
    2049988,
    2066648,
    2083338,
    2099979,
    2116641,
    2133298,
    2149972,
    2166676,
    2183333,
    2200011,
    2216633,
    2233339,
    2249969,
    2266660,
    2283355,
    2299875,
    2316604,
    2333324,
    2349993,
    2366795,
    2383379,
    2400024,
    2416662,
    2433323,
    2450014,
    2466631,
    2483311,
    2499896,
    2516609,
    2533320,
    2550081,
    2566750,
    2583410,
    2600020,
    2616677,
    2633324,
    2650001,
    2666645,
    2683375,
    2699986,
    2716604,
    2733280,
    2749987,
    2766668,
    2783338,
    2800020,
    2816641,
    2833319,
    2849983,
    2866707,
    2883318,
    2900005,
    2916649,
    2933327,
    2949955,
    2966679,
    2983300,
    2999984,
    3016678,
    3033311,
    3049962,
    3066690,
    3083343,
    3099972,
    3116652,
    3133290,
    3149980,
    3166646,
    3183326,
    3200031,
    3216686,
    3233328,
    3249979,
    3266690,
    3283314,
    3299979,
    3316693,
    3333300,
    3349989,
    3366708,
    3383308,
    3400008,
    3416667,
    3433340,
    3450011,
    3466672,
    3483342,
    3499939,
    3516679,
    3533356,
    3549974,
    3566687,
    3583336,
    3599974,
    3616688,
    3633392,
    3650008,
    3666674,
    3683313,
    3699994,
    3716709,
    3733307,
    3749917,
    3766807,
    3783372,
    3799978,
    3816671,
    3833400,
    3850041,
    3866708,
    3883357,
    3900007,
    3916696,
    3933377,
    3950032,
    3966685,
    3983316,
    4000016,
    4016677,
    4033297,
    4050020,
    4066717,
    4083380,
    4100024,
    4116683,
    4133313,
    4150003,
    4166647,
    4183353,
    4200015,
    4216719,
    4233341,
    4249983,
    4266707,
    4283364,
    4300000,
    4316708,
    4333329,
    4350011,
    4366719,
    4383362,
    4400055,
    4416669,
    4433372,
    4450011
  ],