{
  "average_frame_build_time_millis": 0.5571941747572821,
  "90th_percentile_frame_build_time_millis": 1.41,
  "99th_percentile_frame_build_time_millis": 3.212,
  "worst_frame_build_time_millis": 3.668,
  "missed_frame_build_budget_count": 0,
  "average_frame_rasterizer_time_millis": 0.8628284313725486,
  "stddev_frame_rasterizer_time_millis": 0.06043906189926945,
  "90th_percentile_frame_rasterizer_time_millis": 0.942,
  "99th_percentile_frame_rasterizer_time_millis": 1.132,
  "worst_frame_rasterizer_time_millis": 1.342,
  "missed_frame_rasterizer_budget_count": 0,
  "frame_count": 206,
  "frame_rasterizer_count": 204,
  "new_gen_gc_count": 6,
  "old_gen_gc_count": 0,
  "frame_build_times": [
    1687,
    1699,
    1424,
    1732,
    1622,
    1386,
    1777,
    1418,
    1348,
    1470,
    1355,
    1343,
    1364,
    1249,
    3651,
    197,
    167,
    192,
    305,
    1536,
    1373,
    1354,
    1466,
    1466,
    1375,
    1341,
    1348,
    1091,
    1243,
    1309,
    1183,
    1156,
    1206,
    1780,
    170,
    197,
    167,
    206,
    183,
    168,
    163,
    196,
    174,
    178,
    160,
    184,
    210,
    177,
    198,
    173,
    176,
    205,
    142,
    192,
    208,
    170,
    273,
    166,
    178,
    193,
    154,
    231,
    178,
    193,
    198,
    214,
    203,
    225,
    180,
    208,
    162,
    179,
    206,
    196,
    191,
    151,
    1752,
    532,
    166,
    158,
    218,
    185,
    182,
    168,
    154,
    221,
    197,
    184,
    177,
    1410,
    653,
    203,
    168,
    172,
    210,
    176,
    171,
    179,
    152,
    199,
    158,
    202,
    1622,
    589,
    207,
    174,
    197,
    162,
    181,
    179,
    174,
    177,
    187,
    175,
    185,
    1072,
    499,
    199,
    180,
    193,
    197,
    181,
    222,
    183,
    210,
    208,
    203,
    176,
    3668,
    854,
    761,
    754,
    752,
    677,
    685,
    669,
    689,
    662,
    596,
    692,
    700,
    1977,
    658,
    647,
    624,
    630,
    650,
    198,
    186,
    188,
    173,
    177,
    180,
    147,
    1348,
    588,
    169,
    168,
    161,
    174,
    188,
    294,
    193,
    213,
    163,
    167,
    188,
    1598,
    616,
    193,
    187,
    199,
    186,
    162,
    198,
    166,
    185,
    168,
    178,
    178,
    3212,
    832,
    911,
    661,
    789,
    738,
    720,
    703,
    639,
    682,
    670,
    714,
    659,
    1891,
    636,
    634,
    596,
    721,
    604,
    159,
    191,
    185,
    151,
    156,
    170,
    168
  ],
  "frame_rasterizer_times": [
    911,
    1136,
    1072,
    938,
    1132,
    1128,
    1078,
    1090,
    1047,
    1076,
    1047,
    1022,
    735,
    764,
    910,
    904,
    1342,
    862,
    900,
    1030,
    1022,
    1013,
    954,
    968,
    910,
    770,
    917,
    874,
    871,
    831,
    841,
    836,
    856,
    928,
    889,
    934,
    864,
    723,
    882,
    824,
    841,
    820,
    797,
    802,
    905,
    840,
    939,
    855,
    806,
    864,
    640,
    859,
    933,
    852,
    837,
    834,
    904,
    865,
    867,
    864,
    793,
    809,
    788,
    907,
    948,
    935,
    818,
    839,
    812,
    845,
    825,
    862,
    898,
    827,
    729,
    700,
    891,
    930,
    926,
    827,
    807,
    831,
    894,
    919,
    819,
    834,
    797,
    856,
    858,
    907,
    893,
    889,
    905,
    850,
    826,
    806,
    855,
    886,
    832,
    744,
    785,
    868,
    899,
    881,
    846,
    807,
    828,
    858,
    902,
    825,
    772,
    869,
    741,
    739,
    759,
    942,
    913,
    915,
    931,
    879,
    871,
    887,
    925,
    852,
    865,
    850,
    738,
    746,
    919,
    865,
    836,
    839,
    839,
    804,
    787,
    864,
    656,
    864,
    835,
    822,
    881,
    808,
    841,
    798,
    873,
    867,
    892,
    825,
    840,
    903,
    872,
    776,
    745,
    820,
    823,
    778,
    828,
    803,
    823,
    950,
    867,
    844,
    785,
    843,
    755,
    715,
    873,
    926,
    884,
    875,
    839,
    850,
    879,
    852,
    693,
    814,
    883,
    835,
    741,
    761,
    1112,
    755,
    953,
    873,
    862,
    838,
    701,
    848,
    818,
    914,
    822,
    808,
    876,
    853,
    824,
    819,
    801,
    920,
    872,
    855,
    829,
    818,
    808,
    883
  ],
  "frame_begin_times": [
    0,
    16719,
    33338,
    50008,
    66674,
    83325,
    100063,
    116712,
    133373,
    150002,
    166687,
    183333,
    199992,
    216672,
    233292,
    249928,
    266654,
    283321,
    1335520,
    1350020,
    1366654,
    1383315,
    1399958,
    1416702,
    1433332,
    1449948,
    1466604,
    1483260,
    1499939,
    1516627,
    1533289,
    1549984,
    1566641,
    1583288,
    1599960,
    1616606,
    1633337,
    1649972,
    1666657,
    1683249,
    1699913,
    1716592,
    1733254,
    1749956,
    1766619,
    1783256,
    1799947,
    1816677,
    1833307,
    1849962,
    1866642,
    1883270,
    1899893,
    1916605,
    1933346,
    1949983,
    1966667,
    1983279,
    1999946,
    2016652,
    2033274,
    2049933,
    2066609,
    2083268,
    2099937,
    2116702,
    2133276,
    2149961,
    2166612,
    2183280,
    2199928,
    2216637,
    2233277,
    2249959,
    2266641,
    2283271,
    2299867,
    2316595,
    2333313,
    2349947,
    2366653,
    2383283,
    2399931,
    2416653,
    2433288,
    2449987,
    2466617,
    2483313,
    2499935,
    2516535,
    2533323,
    2549969,
    2566625,
    2583282,
    2599976,
    2616631,
    2633294,
    2649963,
    2666612,
    2683288,
    2699955,
    2716677,
    2733271,
    2749994,
    2766640,
    2783299,
    2799951,
    2816698,
    2833299,
    2849966,
    2866606,
    2883296,
    2899945,
    2916633,
    2933259,
    2949934,
    2966598,
    2983324,
    2999976,
    3016635,
    3033343,
    3050007,
    3066650,
    3083304,
    3100013,
    3116686,
    3133333,
    3149966,
    3166576,
    3183279,
    3200015,
    3216652,
    3233360,
    3249953,
    3266609,
    3283251,
    3300006,
    3316636,
    3333270,
    3349986,
    3366652,
    3383272,
    3399979,
    3416654,
    3433319,
    3449963,
    3466671,
    3483349,
    3499989,
    3516659,
    3533338,
    3550033,
    3566649,
    3583295,
    3599946,
    3616670,
    3633340,
    3649975,
    3666638,
    3683287,
    3699947,
    3716774,
    3733372,
    3750039,
    3766681,
    3783319,
    3799950,
    3816592,
    3833327,
    3850044,
    3866641,
    3883379,
    3899913,
    3916682,
    3933347,
    3949996,
    3966612,
    3983300,
    4000015,
    4016664,
    4033283,
    4050002,
    4066771,
    4083323,
    4100067,
    4116709,
    4133352,
    4150040,
    4166640,
    4183347,
    4200003,
    4216661,
    4233319,
    4249938,
    4266656,
    4283356,
    4299980,
    4316622,
    4333340,
    4350045,
    4366658,
    4383332,
    4399982,
    4416666,
    4433348,
    4449952
  ],