{
  "average_frame_build_time_millis": 0.5823073170731708,
  "90th_percentile_frame_build_time_millis": 1.438,
  "99th_percentile_frame_build_time_millis": 3.087,
  "worst_frame_build_time_millis": 4.796,
  "missed_frame_build_budget_count": 0,
  "average_frame_rasterizer_time_millis": 0.8420294117647065,
  "stddev_frame_rasterizer_time_millis": 0.07241868512110743,
  "90th_percentile_frame_rasterizer_time_millis": 0.951,
  "99th_percentile_frame_rasterizer_time_millis": 1.132,
  "worst_frame_rasterizer_time_millis": 1.361,
  "missed_frame_rasterizer_budget_count": 0,
  "frame_count": 205,
  "frame_rasterizer_count": 204,
  "new_gen_gc_count": 6,
  "old_gen_gc_count": 0,
  "frame_build_times": [
    1640,
    1582,
    1665,
    1817,
    1747,
    1836,
    1402,
    1118,
    1156,
    1100,
    1403,
    1379,
    1365,
    4796,
    204,
    186,
    208,
    323,
    1902,
    1335,
    1402,
    1304,
    1548,
    1418,
    1634,
    1822,
    1640,
    1438,
    1400,
    1410,
    1377,
    1399,
    1402,
    1570,
    197,
    223,
    177,
    179,
    195,
    160,
    224,
    233,
    171,
    188,
    194,
    155,
    192,
    192,
    216,
    189,
    196,
    173,
    158,
    180,
    149,
    180,
    208,
    165,
    231,
    163,
    159,
    213,
    182,
    183,
    154,
    164,
    212,
    152,
    205,
    160,
    167,
    180,
    185,
    194,
    204,
    2062,
    597,
    187,
    155,
    155,
    192,
    187,
    147,
    188,
    151,
    208,
    183,
    175,
    1394,
    612,
    163,
    168,
    182,
    180,
    194,
    159,
    182,
    172,
    192,
    168,
    188,
    1702,
    615,
    168,
    150,
    199,
    200,
    143,
    180,
    227,
    227,
    181,
    209,
    215,
    1204,
    633,
    158,
    186,
    213,
    188,
    227,
    199,
    198,
    205,
    166,
    201,
    164,
    3569,
    834,
    810,
    710,
    740,
    623,
    683,
    689,
    758,
    715,
    655,
    666,
    702,
    1983,
    626,
    732,
    622,
    610,
    644,
    884,
    212,
    184,
    196,
    174,
    174,
    178,
    1366,
    606,
    165,
    186,
    217,
    174,
    185,
    151,
    178,
    150,
    194,
    171,
    139,
    1670,
    619,
    154,
    146,
    185,
    158,
    187,
    157,
    180,
    152,
    192,
    191,
    169,
    3087,
    800,
    775,
    656,
    758,
    783,
    720,
    669,
    710,
    710,
    661,
    678,
    734,
    2010,
    689,
    501,
    609,
    670,
    609,
    645,
    166,
    164,
    206,
    151,
    184,
    184
  ],
  "frame_rasterizer_times": [
    1077,
    1048,
    1132,
    1106,
    1128,
    1095,
    920,
    895,
    849,
    1060,
    1025,
    1046,
    1026,
    955,
    819,
    949,
    1361,
    1026,
    823,
    766,
    885,
    1011,
    940,
    1079,
    1223,
    1107,
    951,
    939,
    927,
    880,
    927,
    969,
    729,
    938,
    925,
    826,
    840,
    902,
    813,
    866,
    894,
    786,
    783,
    876,
    714,
    795,
    907,
    811,
    824,
    832,
    805,
    796,
    811,
    785,
    812,
    832,
    675,
    767,
    762,
    784,
    818,
    780,
    759,
    782,
    752,
    959,
    764,
    745,
    823,
    805,
    899,
    790,
    846,
    837,
    719,
    825,
    794,
    877,
    831,
    909,
    789,
    614,
    787,
    782,
    832,
    851,
    803,
    779,
    822,
    843,
    825,
    864,
    782,
    822,
    699,
    774,
    852,
    835,
    789,
    744,
    813,
    833,
    796,
    796,
    810,
    771,
    639,
    845,
    1038,
    832,
    827,
    853,
    811,
    882,
    927,
    895,
    828,
    931,
    896,
    934,
    891,
    864,
    840,
    875,
    855,
    838,
    645,
    746,
    836,
    793,
    836,
    677,
    785,
    791,
    885,
    807,
    787,
    813,
    771,
    784,
    856,
    916,
    799,
    663,
    815,
    911,
    914,
    839,
    809,
    816,
    783,
    758,
    682,
    857,
    850,
    789,
    813,
    816,
    774,
    740,
    786,
    757,
    811,
    787,
    735,
    786,
    841,
    805,
    569,
    923,
    810,
    817,
    818,
    786,
    800,
    872,
    943,
    885,
    723,
    733,
    912,
    725,
    868,
    876,
    865,
    802,
    798,
    843,
    784,
    833,
    855,
    780,
    886,
    599,
    805,
    847,
    812,
    806,
    840,
    797,
    795,
    666,
    810,
    871
  ],
  "frame_begin_times": [
    0,
    16633,
    33295,
    49955,
    66741,
    83331,
    99961,
    116620,
    133280,
    149910,
    166622,
    183286,
    199941,
    216658,
    233306,
    249958,
    266608,
    1320053,
    1333301,
    1349832,
    1366549,
    1383182,
    1399865,
    1416504,
    1433208,
    1450003,
    1466604,
    1483210,
    1499882,
    1516505,
    1533179,
    1549864,
    1566517,
    1583125,
    1599877,
    1616527,
    1633160,
    1649811,
    1666490,
    1683156,
    1699789,
    1716489,
    1733115,
    1749772,
    1766559,
    1783108,
    1799790,
    1816466,
    1833120,
    1849807,
    1866429,
    1883104,
    1899744,
    1916432,
    1933123,
    1949818,
    1966482,
    1983068,
    1999772,
    2016424,
    2033125,
    2049746,
    2066420,
    2083077,
    2099747,
    2116435,
    2133071,
    2149721,
    2166386,
    2183050,
    2199816,
    2216418,
    2233059,
    2249732,
    2266434,
    2283040,
    2299753,
    2316391,
    2333069,
    2349756,
    2366368,
    2383049,
    2399671,
    2416407,
    2433066,
    2449726,
    2466432,
    2483040,
    2499671,
    2516391,
    2533063,
    2549707,
    2566355,
    2583046,
    2599706,
    2616328,
    2633010,
    2649668,
    2666416,
    2683061,
    2699674,
    2716296,
    2733007,
    2749625,
    2766351,
    2782992,
    2799693,
    2816313,
    2832996,
    2849825,
    2866379,
    2883014,
    2899722,
    2916347,
    2932950,
    2949705,
    2966395,
    2983012,
    2999674,
    3016375,
    3033013,
    3049666,
    3066329,
    3082970,
    3099695,
    3116326,
    3132981,
    3149591,
    3166259,
    3182911,
    3199619,
    3216329,
    3232951,
    3249632,
    3266333,
    3282961,
    3299636,
    3316317,
    3332964,
    3349616,
    3366283,
    3382948,
    3399703,
    3416323,
    3432930,
    3449691,
    3466379,
    3483031,
    3499679,
    3516317,
    3533006,
    3549652,
    3566302,
    3582997,
    3599649,
    3616330,
    3632971,
    3649667,
    3666311,
    3682982,
    3699684,
    3716336,
    3732998,
    3749689,
    3766339,
    3782979,
    3799611,
    3816329,
    3832939,
    3849620,
    3866346,
    3883004,
    3899693,
    3916394,
    3933062,
    3949687,
    3966402,
    3983102,
    3999687,
    4016307,
    4033022,
    4049700,
    4066326,
    4083072,
    4099690,
    4116356,
    4133043,
    4149699,
    4166385,
    4183032,
    4199709,
    4216342,
    4233030,
    4249709,
    4266326,
    4283041,
    4299676,
    4316341,
    4333051,
    4349729,
    4366356,
    4383011,
    4399705,
    4416359,
    4432979
  ],