{
  "average_frame_build_time_millis": 0.593097087378641,
  "90th_percentile_frame_build_time_millis": 1.454,
  "99th_percentile_frame_build_time_millis": 3.276,
  "worst_frame_build_time_millis": 4.815,
  "missed_frame_build_budget_count": 0,
  "average_frame_rasterizer_time_millis": 0.8487024390243905,
  "stddev_frame_rasterizer_time_millis": 0.07776290303390844,
  "90th_percentile_frame_rasterizer_time_millis": 0.996,
  "99th_percentile_frame_rasterizer_time_millis": 1.23,
  "worst_frame_rasterizer_time_millis": 1.38,
  "missed_frame_rasterizer_budget_count": 0,
  "frame_count": 206,
  "frame_rasterizer_count": 205,
  "new_gen_gc_count": 6,
  "old_gen_gc_count": 0,
  "frame_build_times": [
    1830,
    1737,
    1701,
    1545,
    1824,
    1969,
    1921,
    1220,
    1478,
    1363,
    1501,
    1445,
    1318,
    1454,
    4815,
    204,
    189,
    201,
    314,
    1589,
    1427,
    1534,
    1400,
    1354,
    1339,
    1443,
    1318,
    1384,
    1247,
    1349,
    1351,
    935,
    1311,
    1189,
    1803,
    166,
    208,
    166,
    186,
    199,
    170,
    186,
    174,
    157,
    174,
    200,
    167,
    184,
    164,
    242,
    214,
    210,
    186,
    180,
    222,
    205,
    147,
    202,
    176,
    180,
    207,
    189,
    205,
    162,
    190,
    192,
    208,
    200,
    154,
    176,
    272,
    160,
    193,
    181,
    152,
    218,
    2014,
    619,
    209,
    186,
    162,
    150,
    186,
    178,
    222,
    190,
    198,
    164,
    176,
    1399,
    653,
    193,
    167,
    162,
    208,
    203,
    187,
    181,
    166,
    211,
    184,
    186,
    1618,
    587,
    201,
    200,
    176,
    194,
    231,
    186,
    175,
    177,
    178,
    200,
    198,
    1405,
    648,
    170,
    121,
    246,
    193,
    190,
    157,
    155,
    203,
    176,
    166,
    202,
    3735,
    931,
    825,
    713,
    789,
    774,
    758,
    712,
    707,
    651,
    680,
    682,
    680,
    1953,
    668,
    473,
    724,
    746,
    738,
    195,
    165,
    192,
    196,
    203,
    187,
    178,
    1369,
    623,
    141,
    164,
    159,
    201,
    162,
    180,
    157,
    171,
    165,
    147,
    194,
    1473,
    487,
    174,
    188,
    163,
    168,
    184,
    196,
    205,
    177,
    174,
    174,
    196,
    3276,
    818,
    980,
    901,
    918,
    845,
    980,
    774,
    770,
    718,
    737,
    712,
    762,
    2030,
    688,
    670,
    675,
    661,
    643,
    646,
    227,
    170,
    180,
    163,
    207,
    147
  ],
  "frame_rasterizer_times": [
    1150,
    1199,
    1013,
    1185,
    1230,
    1242,
    935,
    1084,
    1027,
    1142,
    1071,
    996,
    1053,
    1064,
    983,
    893,
    909,
    1380,
    984,
    1006,
    981,
    946,
    892,
    906,
    1006,
    967,
    965,
    862,
    876,
    851,
    641,
    847,
    800,
    854,
    844,
    809,
    853,
    761,
    813,
    853,
    786,
    756,
    814,
    730,
    877,
    783,
    798,
    768,
    899,
    880,
    850,
    828,
    922,
    890,
    874,
    560,
    813,
    834,
    851,
    913,
    804,
    791,
    760,
    887,
    825,
    794,
    828,
    772,
    824,
    875,
    720,
    793,
    777,
    767,
    818,
    752,
    858,
    878,
    819,
    837,
    663,
    852,
    827,
    828,
    871,
    784,
    771,
    802,
    776,
    850,
    859,
    795,
    724,
    886,
    833,
    810,
    774,
    819,
    830,
    851,
    845,
    705,
    790,
    893,
    830,
    884,
    812,
    813,
    811,
    755,
    804,
    756,
    837,
    843,
    762,
    924,
    820,
    609,
    910,
    812,
    834,
    801,
    825,
    836,
    813,
    823,
    794,
    665,
    741,
    887,
    681,
    836,
    889,
    815,
    815,
    790,
    805,
    773,
    817,
    777,
    739,
    867,
    585,
    951,
    857,
    858,
    815,
    806,
    842,
    824,
    868,
    755,
    849,
    722,
    783,
    644,
    775,
    860,
    829,
    755,
    751,
    755,
    758,
    829,
    823,
    740,
    748,
    628,
    845,
    851,
    801,
    805,
    798,
    948,
    848,
    830,
    812,
    800,
    820,
    621,
    724,
    1041,
    1049,
    1081,
    1039,
    1115,
    938,
    862,
    865,
    854,
    819,
    918,
    867,
    966,
    922,
    862,
    832,
    802,
    791,
    892,
    846,
    822,
    807,
    865,
    695
  ],
  "frame_begin_times": [
    0,
    16696,
    33371,
    49964,
    66693,
    83411,
    100011,
    116619,
    133360,
    149971,
    166671,
    183313,
    199986,
    216676,
    233317,
    249985,
    266622,
    283274,
    1336390,
    1350012,
    1366519,
    1383308,
    1399902,
    1416574,
    1433194,
    1449839,
    1466510,
    1483195,
    1499865,
    1516519,
    1533166,
    1549760,
    1566537,
    1583170,
    1599889,
    1616533,
    1633160,
    1649829,
    1666498,
    1683145,
    1699794,
    1716450,
    1733160,
    1749801,
    1766468,
    1783127,
    1799776,
    1816482,
    1833129,
    1849824,
    1866460,
    1883091,
    1899836,
    1916560,
    1933146,
    1949821,
    1966388,
    1983151,
    1999788,
    2016475,
    2033145,
    2049772,
    2066471,
    2083136,
    2099772,
    2116461,
    2133125,
    2149771,
    2166429,
    2183147,
    2199764,
    2216470,
    2233135,
    2249779,
    2266464,
    2283080,
    2299734,
    2316483,
    2333110,
    2349765,
    2366468,
    2383069,
    2399770,
    2416476,
    2433109,
    2449761,
    2466432,
    2483093,
    2499722,
    2516386,
    2533127,
    2549758,
    2566468,
    2583046,
    2599754,
    2616363,
    2633090,
    2649746,
    2666401,
    2683075,
    2699816,
    2716391,
    2733018,
    2749776,
    2766444,
    2783078,
    2799762,
    2816388,
    2833098,
    2849736,
    2866381,
    2883058,
    2899718,
    2916429,
    2933032,
    2949661,
    2966405,
    2983061,
    2999673,
    3016404,
    3033054,
    3049726,
    3066374,
    3083060,
    3099704,
    3116379,
    3133030,
    3149661,
    3166310,
    3183039,
    3199748,
    3216347,
    3233051,
    3249705,
    3266387,
    3283049,
    3299716,
    3316372,
    3333080,
    3349703,
    3366353,
    3382994,
    3399712,
    3416352,
    3433174,
    3449735,
    3466406,
    3483062,
    3499726,
    3516379,
    3533078,
    3549718,
    3566402,
    3583061,
    3599682,
    3616409,
    3633029,
    3649730,
    3666382,
    3683093,
    3699714,
    3716367,
    3733025,
    3749717,
    3766371,
    3783029,
    3799715,
    3816333,
    3832969,
    3849719,
    3866379,
    3883031,
    3899687,
    3916363,
    3933100,
    3949717,
    3966365,
    3983067,
    3999706,
    4016359,
    4032967,
    4049680,
    4066398,
    4083127,
    4099828,
    4116470,
    4133180,
    4149772,
    4166400,
    4183060,
    4199715,
    4216356,
    4232998,
    4249678,
    4266356,
    4283014,
    4299699,
    4316381,
    4333031,
    4349688,
    4366352,
    4383016,
    4399673,
    4416355,
    4433032,
    4449604
  ],