{
  "average_frame_build_time_millis": 0.579611650485437,
  "90th_percentile_frame_build_time_millis": 1.46,
  "99th_percentile_frame_build_time_millis": 3.217,
  "worst_frame_build_time_millis": 4.843,
  "missed_frame_build_budget_count": 0,
  "average_frame_rasterizer_time_millis": 0.8494019607843154,
  "stddev_frame_rasterizer_time_millis": 0.064982698961938,
  "90th_percentile_frame_rasterizer_time_millis": 0.95,
  "99th_percentile_frame_rasterizer_time_millis": 1.116,
  "worst_frame_rasterizer_time_millis": 1.39,
  "missed_frame_rasterizer_budget_count": 0,
  "frame_count": 206,
  "frame_rasterizer_count": 204,
  "new_gen_gc_count": 6,
  "old_gen_gc_count": 0,
  "frame_build_times": [
    1712,
    1744,
    1696,
    1768,
    1715,
    1456,
    1726,
    1460,
    1393,
    1441,
    1167,
    1481,
    1386,
    1329,
    4843,
    180,
    168,
    189,
    343,
    1582,
    1473,
    1520,
    1252,
    1380,
    1240,
    1356,
    1340,
    1218,
    1178,
    1339,
    1054,
    1365,
    1302,
    1202,
    1842,
    181,
    197,
    173,
    188,
    219,
    164,
    206,
    146,
    179,
    172,
    167,
    162,
    189,
    156,
    181,
    160,
    204,
    177,
    157,
    175,
    197,
    198,
    156,
    173,
    195,
    222,
    182,
    199,
    156,
    178,
    183,
    207,
    175,
    158,
    172,
    189,
    201,
    169,
    161,
    146,
    199,
    2009,
    566,
    222,
    193,
    191,
    224,
    182,
    210,
    244,
    180,
    234,
    155,
    193,
    1491,
    679,
    197,
    163,
    213,
    198,
    182,
    181,
    157,
    189,
    243,
    165,
    178,
    1704,
    578,
    213,
    180,
    247,
    170,
    186,
    208,
    158,
    176,
    163,
    158,
    172,
    1322,
    589,
    178,
    168,
    208,
    205,
    203,
    153,
    146,
    194,
    169,
    198,
    155,
    3931,
    828,
    779,
    741,
    739,
    706,
    666,
    646,
    669,
    648,
    665,
    624,
    740,
    1988,
    636,
    650,
    668,
    665,
    646,
    636,
    175,
    171,
    257,
    180,
    237,
    211,
    1193,
    506,
    191,
    201,
    204,
    171,
    204,
    174,
    186,
    173,
    198,
    194,
    148,
    1654,
    587,
    150,
    210,
    177,
    194,
    179,
    152,
    206,
    205,
    182,
    160,
    169,
    3217,
    845,
    853,
    833,
    748,
    719,
    713,
    685,
    730,
    726,
    705,
    631,
    754,
    1980,
    554,
    678,
    608,
    628,
    633,
    189,
    165,
    190,
    163,
    183,
    153,
    198
  ],
  "frame_rasterizer_times": [
    1064,
    1139,
    1080,
    884,
    1033,
    1116,
    1076,
    1060,
    931,
    1096,
    1032,
    1102,
    992,
    974,
    886,
    929,
    1390,
    900,
    1003,
    1014,
    962,
    964,
    899,
    939,
    887,
    856,
    873,
    906,
    716,
    898,
    870,
    819,
    840,
    871,
    833,
    798,
    787,
    850,
    824,
    795,
    696,
    871,
    786,
    767,
    817,
    782,
    774,
    768,
    742,
    831,
    807,
    789,
    767,
    837,
    827,
    763,
    785,
    886,
    846,
    808,
    872,
    814,
    767,
    807,
    823,
    676,
    790,
    836,
    816,
    765,
    767,
    751,
    787,
    827,
    764,
    697,
    903,
    831,
    752,
    941,
    901,
    901,
    844,
    843,
    865,
    805,
    852,
    804,
    930,
    867,
    727,
    825,
    965,
    831,
    842,
    775,
    874,
    891,
    846,
    853,
    731,
    855,
    902,
    879,
    881,
    812,
    872,
    787,
    777,
    842,
    770,
    787,
    766,
    827,
    925,
    903,
    950,
    912,
    922,
    836,
    840,
    840,
    854,
    809,
    840,
    764,
    810,
    764,
    884,
    828,
    818,
    811,
    791,
    787,
    784,
    793,
    766,
    772,
    853,
    847,
    771,
    869,
    906,
    818,
    817,
    802,
    810,
    845,
    915,
    842,
    989,
    856,
    662,
    711,
    933,
    846,
    824,
    827,
    818,
    795,
    750,
    816,
    756,
    843,
    609,
    764,
    812,
    809,
    867,
    826,
    827,
    824,
    780,
    907,
    882,
    798,
    812,
    894,
    764,
    748,
    1008,
    915,
    872,
    919,
    889,
    852,
    899,
    889,
    866,
    678,
    828,
    788,
    805,
    899,
    839,
    823,
    868,
    847,
    856,
    848,
    788,
    870,
    715,
    918
  ],
  "frame_begin_times": [
    0,
    16719,
    33348,
    50025,
    66688,
    83303,
    100024,
    116714,
    133364,
    150004,
    166621,
    183369,
    200022,
    216647,
    233344,
    250007,
    266647,
    283302,
    1336859,
    1350017,
    1366644,
    1383398,
    1399972,
    1416686,
    1433341,
    1449983,
    1466658,
    1483308,
    1499961,
    1516698,
    1533317,
    1549957,
    1566650,
    1583307,
    1599970,
    1616670,
    1633326,
    1649970,
    1666601,
    1683274,
    1699965,
    1716634,
    1733278,
    1749968,
    1766635,
    1783322,
    1799969,
    1816621,
    1833273,
    1849932,
    1866588,
    1883283,
    1899956,
    1916623,
    1933264,
    1949945,
    1966602,
    1983271,
    1999943,
    2016659,
    2033314,
    2049949,
    2066542,
    2083279,
    2099922,
    2116591,
    2133282,
    2149949,
    2166588,
    2183265,
    2199925,
    2216589,
    2233249,
    2249906,
    2266586,
    2283273,
    2299895,
    2316579,
    2333294,
    2349954,
    2366603,
    2383296,
    2399975,
    2416594,
    2433250,
    2449935,
    2466621,
    2483277,
    2499890,
    2516595,
    2533313,
    2549974,
    2566570,
    2583268,
    2599931,
    2616579,
    2633269,
    2649956,
    2666583,
    2683177,
    2699921,
    2716605,
    2733171,
    2749917,
    2766587,
    2783279,
    2799849,
    2816584,
    2833238,
    2849921,
    2866579,
    2883237,
    2899938,
    2916605,
    2933245,
    2949875,
    2966611,
    2983286,
    2999977,
    3016577,
    3033281,
    3049904,
    3066592,
    3083244,
    3099887,
    3116552,
    3133230,
    3149884,
    3166560,
    3183221,
    3199914,
    3216508,
    3233261,
    3249913,
    3266558,
    3283231,
    3299907,
    3316547,
    3333261,
    3349909,
    3366524,
    3383217,
    3399868,
    3416580,
    3433246,
    3449919,
    3466603,
    3483237,
    3499901,
    3516591,
    3533238,
    3549908,
    3566615,
    3583297,
    3599844,
    3616533,
    3633297,
    3649894,
    3666589,
    3683234,
    3699890,
    3716583,
    3733308,
    3749910,
    3766595,
    3783265,
    3799869,
    3816569,
    3833281,
    3849934,
    3866614,
    3883300,
    3899947,
    3916621,
    3933285,
    3949984,
    3966608,
    3983294,
    3999973,
    4016632,
    4033275,
    4049953,
    4066682,
    4083354,
    4100016,
    4116661,
    4133398,
    4149995,
    4166679,
    4183362,
    4200042,
    4216641,
    4233329,
    4249961,
    4266635,
    4283390,
    4300035,
    4316726,
    4333370,
    4350034,
    4366704,
    4383406,
    4400070,
    4416741,
    4433361,
    4450039
  ],