{
  "average_frame_build_time_millis": 0.568334951456311,
  "90th_percentile_frame_build_time_millis": 1.399,
  "99th_percentile_frame_build_time_millis": 3.573,
  "worst_frame_build_time_millis": 3.793,
  "missed_frame_build_budget_count": 0,
  "average_frame_rasterizer_time_millis": 0.8502634146341467,
  "stddev_frame_rasterizer_time_millis": 0.06854715050565145,
  "90th_percentile_frame_rasterizer_time_millis": 0.96,
  "99th_percentile_frame_rasterizer_time_millis": 1.119,
  "worst_frame_rasterizer_time_millis": 1.402,
  "missed_frame_rasterizer_budget_count": 0,
  "frame_count": 206,
  "frame_rasterizer_count": 205,
  "new_gen_gc_count": 4,
  "old_gen_gc_count": 2,
  "frame_build_times": [
    1750,
    1878,
    1483,
    1709,
    1688,
    1711,
    1784,
    1474,
    1380,
    1348,
    1254,
    1404,
    1325,
    1242,
    3713,
    142,
    182,
    198,
    348,
    1432,
    1013,
    1533,
    1458,
    1362,
    1196,
    1237,
    1107,
    1350,
    1223,
    1189,
    1163,
    1172,
    1350,
    1399,
    1837,
    171,
    202,
    161,
    164,
    161,
    184,
    164,
    176,
    163,
    199,
    157,
    144,
    175,
    166,
    172,
    148,
    154,
    166,
    173,
    151,
    167,
    146,
    188,
    154,
    172,
    174,
    163,
    203,
    201,
    206,
    200,
    162,
    197,
    207,
    157,
    201,
    152,
    182,
    178,
    145,
    174,
    1931,
    540,
    176,
    175,
    154,
    192,
    188,
    170,
    225,
    152,
    190,
    186,
    142,
    1358,
    599,
    182,
    168,
    194,
    169,
    155,
    197,
    220,
    182,
    159,
    140,
    168,
    1377,
    297,
    164,
    171,
    214,
    196,
    184,
    179,
    180,
    183,
    228,
    183,
    193,
    1460,
    617,
    146,
    214,
    167,
    231,
    161,
    221,
    195,
    196,
    158,
    182,
    248,
    3793,
    858,
    801,
    730,
    695,
    721,
    704,
    657,
    694,
    846,
    584,
    687,
    710,
    1991,
    658,
    669,
    748,
    618,
    614,
    722,
    163,
    171,
    204,
    163,
    177,
    197,
    1374,
    580,
    164,
    144,
    142,
    193,
    193,
    226,
    221,
    176,
    168,
    173,
    174,
    1372,
    495,
    182,
    158,
    195,
    207,
    171,
    210,
    187,
    184,
    159,
    165,
    143,
    3573,
    894,
    784,
    749,
    712,
    753,
    679,
    700,
    725,
    748,
    619,
    745,
    702,
    1994,
    704,
    652,
    640,
    728,
    683,
    644,
    131,
    150,
    153,
    188,
    160,
    165
  ],
  "frame_rasterizer_times": [
    1172,
    923,
    1081,
    1073,
    1063,
    1119,
    1100,
    1058,
    1048,
    1021,
    1024,
    993,
    981,
    658,
    752,
    921,
    905,
    1402,
    771,
    742,
    954,
    989,
    911,
    867,
    941,
    767,
    957,
    877,
    825,
    903,
    833,
    916,
    945,
    897,
    865,
    910,
    836,
    813,
    695,
    809,
    846,
    798,
    787,
    907,
    807,
    808,
    871,
    764,
    757,
    801,
    790,
    833,
    870,
    778,
    788,
    809,
    791,
    770,
    775,
    779,
    872,
    838,
    884,
    863,
    856,
    837,
    852,
    842,
    796,
    819,
    768,
    811,
    848,
    783,
    782,
    638,
    749,
    869,
    799,
    843,
    1020,
    822,
    807,
    840,
    830,
    834,
    832,
    796,
    754,
    886,
    817,
    839,
    835,
    811,
    869,
    849,
    838,
    847,
    909,
    834,
    705,
    845,
    554,
    695,
    841,
    989,
    960,
    853,
    919,
    879,
    880,
    914,
    724,
    802,
    800,
    912,
    870,
    970,
    851,
    826,
    806,
    927,
    938,
    855,
    832,
    741,
    1042,
    782,
    785,
    941,
    876,
    837,
    860,
    802,
    840,
    834,
    1043,
    623,
    805,
    873,
    783,
    894,
    906,
    887,
    838,
    810,
    840,
    850,
    832,
    841,
    684,
    844,
    833,
    705,
    838,
    800,
    792,
    779,
    811,
    894,
    932,
    843,
    681,
    819,
    785,
    771,
    718,
    730,
    856,
    925,
    951,
    906,
    875,
    832,
    749,
    824,
    827,
    827,
    856,
    693,
    763,
    989,
    854,
    827,
    884,
    892,
    878,
    874,
    831,
    701,
    943,
    863,
    783,
    931,
    853,
    844,
    888,
    853,
    800,
    637,
    728,
    866,
    813,
    853,
    800
  ],
  "frame_begin_times": [
    0,
    16698,
    33334,
    50046,
    66713,
    83350,
    100040,
    116660,
    133329,
    149996,
    166637,
    183366,
    199981,
    216649,
    233241,
    249922,
    266639,
    283299,
    1335706,
    1350026,
    1366607,
    1383393,
    1400008,
    1416684,
    1433361,
    1449978,
    1466655,
    1483350,
    1499987,
    1516685,
    1533327,
    1549999,
    1566681,
    1583412,
    1599991,
    1616708,
    1633351,
    1650009,
    1666685,
    1683285,
    1700000,
    1716633,
    1733337,
    1749992,
    1766655,
    1783305,
    1799967,
    1816665,
    1833308,
    1849989,
    1866651,
    1883343,
    1899999,
    1916586,
    1933294,
    1950006,
    1966680,
    1983326,
    1999986,
    2016674,
    2033350,
    2050013,
    2066666,
    2083373,
    2099994,
    2116655,
    2133353,
    2149983,
    2166640,
    2183314,
    2199991,
    2216642,
    2233327,
    2249964,
    2266617,
    2283332,
    2299920,
    2316608,
    2333288,
    2349973,
    2366696,
    2383333,
    2399992,
    2416643,
    2433306,
    2449973,
    2466638,
    2483303,
    2499984,
    2516600,
    2533325,
    2550036,
    2566661,
    2583327,
    2599967,
    2616652,
    2633338,
    2650052,
    2666657,
    2683260,
    2699981,
    2716616,
    2733271,
    2749945,
    2766639,
    2783321,
    2800035,
    2816741,
    2833330,
    2849986,
    2866681,
    2883334,
    2899993,
    2916647,
    2933313,
    2949966,
    2966655,
    2983303,
    2999973,
    3016661,
    3033314,
    3049972,
    3066656,
    3083339,
    3099957,
    3116629,
    3133348,
    3149997,
    3166665,
    3183287,
    3200007,
    3216655,
    3233318,
    3249973,
    3266702,
    3283343,
    3299990,
    3316789,
    3333271,
    3350013,
    3366681,
    3383280,
    3400002,
    3416658,
    3433306,
    3449993,
    3466625,
    3483236,
    3499994,
    3516623,
    3533291,
    3549923,
    3566638,
    3583260,
    3599941,
    3616650,
    3633369,
    3649993,
    3666605,
    3683705,
    3700024,
    3716658,
    3733239,
    3749943,
    3766624,
    3783307,
    3799938,
    3816605,
    3833256,
    3850014,
    3866638,
    3883349,
    3899989,
    3916671,
    3933329,
    3950007,
    3966706,
    3983327,
    3999956,
    4016635,
    4033266,
    4049941,
    4066676,
    4083377,
    4100039,
    4116649,
    4133332,
    4149991,
    4166686,
    4183364,
    4199987,
    4216690,
    4233347,
    4249941,
    4266698,
    4283364,
    4300042,
    4316656,
    4333367,
    4350022,
    4366660,
    4383339,
    4400047,
    4416729,
    4433361,
    4450047
  ],