{
  "average_frame_build_time_millis": 0.5707584541062798,
  "90th_percentile_frame_build_time_millis": 1.406,
  "99th_percentile_frame_build_time_millis": 3.622,
  "worst_frame_build_time_millis": 4.888,
  "missed_frame_build_budget_count": 0,
  "average_frame_rasterizer_time_millis": 0.8649903381642507,
  "stddev_frame_rasterizer_time_millis": 0.06831720693598443,
  "90th_percentile_frame_rasterizer_time_millis": 0.964,
  "99th_percentile_frame_rasterizer_time_millis": 1.173,
  "worst_frame_rasterizer_time_millis": 1.392,
  "missed_frame_rasterizer_budget_count": 0,
  "frame_count": 207,
  "frame_rasterizer_count": 207,
  "new_gen_gc_count": 4,
  "old_gen_gc_count": 0,
  "frame_build_times": [
    1077,
    1429,
    1883,
    1928,
    1972,
    1790,
    1825,
    1493,
    1425,
    1443,
    1393,
    1198,
    1406,
    4888,
    165,
    333,
    221,
    199,
    306,
    1474,
    1378,
    1457,
    1375,
    1254,
    1352,
    1348,
    1338,
    1319,
    1345,
    1318,
    1353,
    1211,
    1210,
    1747,
    166,
    183,
    147,
    192,
    183,
    181,
    201,
    177,
    193,
    183,
    202,
    188,
    183,
    147,
    205,
    137,
    187,
    184,
    179,
    169,
    177,
    187,
    154,
    150,
    189,
    195,
    176,
    145,
    208,
    189,
    193,
    174,
    190,
    150,
    169,
    195,
    235,
    190,
    186,
    188,
    226,
    185,
    203,
    2095,
    607,
    204,
    182,
    164,
    183,
    209,
    162,
    178,
    123,
    170,
    232,
    166,
    1319,
    604,
    179,
    193,
    163,
    177,
    148,
    171,
    223,
    203,
    168,
    223,
    220,
    1215,
    513,
    181,
    239,
    276,
    175,
    160,
    182,
    181,
    254,
    161,
    196,
    142,
    1517,
    635,
    234,
    235,
    194,
    157,
    171,
    146,
    210,
    165,
    203,
    158,
    198,
    3865,
    869,
    788,
    755,
    701,
    737,
    906,
    709,
    808,
    734,
    744,
    677,
    696,
    2021,
    693,
    664,
    671,
    656,
    732,
    202,
    195,
    158,
    172,
    170,
    149,
    209,
    1512,
    589,
    146,
    174,
    192,
    189,
    157,
    199,
    172,
    222,
    170,
    182,
    175,
    1539,
    612,
    195,
    184,
    160,
    137,
    157,
    175,
    162,
    172,
    195,
    166,
    167,
    3622,
    880,
    770,
    742,
    753,
    681,
    685,
    709,
    696,
    738,
    677,
    685,
    677,
    2011,
    681,
    633,
    728,
    628,
    714,
    178,
    176,
    155,
    189,
    152,
    170,
    178
  ],
  "frame_rasterizer_times": [
    764,
    964,
    1173,
    1168,
    1170,
    1165,
    1206,
    1091,
    1117,
    1073,
    1078,
    983,
    1075,
    1049,
    1062,
    1046,
    956,
    970,
    1392,
    768,
    967,
    920,
    903,
    927,
    951,
    995,
    900,
    918,
    946,
    891,
    886,
    847,
    916,
    843,
    837,
    819,
    743,
    869,
    905,
    866,
    827,
    831,
    799,
    834,
    909,
    816,
    803,
    809,
    860,
    668,
    801,
    813,
    789,
    812,
    816,
    852,
    790,
    814,
    842,
    843,
    819,
    565,
    816,
    867,
    834,
    830,
    773,
    824,
    832,
    882,
    953,
    845,
    801,
    834,
    948,
    846,
    856,
    802,
    886,
    884,
    834,
    855,
    942,
    820,
    771,
    876,
    657,
    831,
    868,
    846,
    743,
    877,
    873,
    825,
    818,
    887,
    824,
    842,
    894,
    866,
    898,
    890,
    882,
    707,
    713,
    981,
    964,
    946,
    885,
    846,
    832,
    921,
    905,
    843,
    813,
    787,
    838,
    961,
    933,
    988,
    927,
    851,
    905,
    640,
    977,
    882,
    851,
    898,
    833,
    753,
    765,
    869,
    863,
    818,
    868,
    951,
    784,
    925,
    849,
    873,
    806,
    823,
    771,
    900,
    860,
    814,
    837,
    806,
    901,
    851,
    795,
    799,
    887,
    838,
    840,
    690,
    826,
    906,
    801,
    908,
    852,
    768,
    856,
    829,
    916,
    830,
    791,
    834,
    813,
    896,
    818,
    902,
    845,
    629,
    868,
    828,
    829,
    825,
    841,
    820,
    798,
    684,
    753,
    890,
    836,
    837,
    690,
    856,
    897,
    820,
    858,
    835,
    814,
    786,
    771,
    872,
    826,
    950,
    716,
    872,
    842,
    864,
    883,
    858,
    796,
    819,
    873
  ],
  "frame_begin_times": [
    0,
    16681,
    33446,
    50058,
    66711,
    83393,
    100078,
    116716,
    133399,
    150077,
    166703,
    183398,
    200083,
    216754,
    233389,
    250121,
    266779,
    283406,
    1318712,
    1333570,
    1350203,
    1366903,
    1383629,
    1400285,
    1416974,
    1433615,
    1450283,
    1466930,
    1483667,
    1500310,
    1516954,
    1533613,
    1550321,
    1566957,
    1583640,
    1600330,
    1616965,
    1633662,
    1650308,
    1666999,
    1683659,
    1700333,
    1716981,
    1733646,
    1750328,
    1767015,
    1783683,
    1800315,
    1816991,
    1833617,
    1850296,
    1866997,
    1883652,
    1900316,
    1916998,
    1933672,
    1950386,
    1967042,
    1983766,
    2000376,
    2017026,
    2033627,
    2050444,
    2067108,
    2083719,
    2100406,
    2117085,
    2133731,
    2150450,
    2167061,
    2183825,
    2200481,
    2217172,
    2233792,
    2250482,
    2267044,
    2283851,
    2300425,
    2317152,
    2333808,
    2350452,
    2367150,
    2383843,
    2400457,
    2417139,
    2433798,
    2450452,
    2467154,
    2483822,
    2500467,
    2517141,
    2533862,
    2550503,
    2567144,
    2583828,
    2600476,
    2617168,
    2633809,
    2650538,
    2667229,
    2683920,
    2700589,
    2717188,
    2733835,
    2750505,
    2767255,
    2783941,
    2800490,
    2817211,
    2833876,
    2850531,
    2867263,
    2883907,
    2900574,
    2917241,
    2933893,
    2950524,
    2967252,
    2983897,
    3000549,
    3017284,
    3033924,
    3050629,
    3067227,
    3083974,
    3100626,
    3117290,
    3133970,
    3150610,
    3167255,
    3183946,
    3200663,
    3217304,
    3233968,
    3250668,
    3267483,
    3283999,
    3300648,
    3317341,
    3334016,
    3350708,
    3367341,
    3383981,
    3400684,
    3417320,
    3433985,
    3450645,
    3467343,
    3484063,
    3500713,
    3517303,
    3534036,
    3550675,
    3567359,
    3584022,
    3600645,
    3617363,
    3634038,
    3650730,
    3667485,
    3684065,
    3700732,
    3717442,
    3734074,
    3750733,
    3767398,
    3784084,
    3800780,
    3817419,
    3834095,
    3850759,
    3867407,
    3884077,
    3900688,
    3917422,
    3934085,
    3950767,
    3967461,
    3984113,
    4000799,
    4017417,
    4034075,
    4050762,
    4067464,
    4084127,
    4100798,
    4117432,
    4134158,
    4150802,
    4167457,
    4184065,
    4200803,
    4217462,
    4234122,
    4250818,
    4267487,
    4284146,
    4300874,
    4317500,
    4334186,
    4350800,
    4367536,
    4384233,
    4400844,
    4417503,
    4434174,
    4450838
  ],