{
  "average_frame_build_time_millis": 0.5700873786407771,
  "90th_percentile_frame_build_time_millis": 1.392,
  "99th_percentile_frame_build_time_millis": 3.699,
  "worst_frame_build_time_millis": 4.734,
  "missed_frame_build_budget_count": 0,
  "average_frame_rasterizer_time_millis": 0.8347463414634153,
  "stddev_frame_rasterizer_time_millis": 0.0572177037477693,
  "90th_percentile_frame_rasterizer_time_millis": 0.924,
  "99th_percentile_frame_rasterizer_time_millis": 1.071,
  "worst_frame_rasterizer_time_millis": 1.317,
  "missed_frame_rasterizer_budget_count": 0,
  "frame_count": 206,
  "frame_rasterizer_count": 205,
  "new_gen_gc_count": 4,
  "old_gen_gc_count": 0,
  "frame_build_times": [
    1673,
    1621,
    1139,
    1764,
    1688,
    1628,
    1669,
    1329,
    1305,
    1251,
    1175,
    1324,
    1242,
    1241,
    4734,
    144,
    184,
    163,
    311,
    1549,
    1452,
    1427,
    1504,
    1355,
    1247,
    1392,
    1241,
    1123,
    1244,
    1198,
    1144,
    1133,
    1152,
    1104,
    1737,
    196,
    189,
    183,
    158,
    179,
    173,
    185,
    168,
    178,
    180,
    182,
    174,
    172,
    199,
    170,
    203,
    168,
    172,
    164,
    174,
    167,
    203,
    171,
    203,
    160,
    193,
    191,
    174,
    166,
    166,
    200,
    183,
    187,
    139,
    167,
    171,
    188,
    180,
    206,
    175,
    167,
    2161,
    541,
    183,
    193,
    172,
    147,
    190,
    175,
    253,
    200,
    194,
    212,
    182,
    1220,
    478,
    167,
    197,
    172,
    202,
    188,
    156,
    195,
    177,
    183,
    180,
    165,
    1622,
    612,
    185,
    175,
    174,
    191,
    219,
    198,
    166,
    188,
    179,
    216,
    158,
    1579,
    531,
    183,
    159,
    216,
    178,
    202,
    219,
    152,
    193,
    183,
    200,
    157,
    3699,
    882,
    808,
    696,
    798,
    716,
    735,
    667,
    653,
    713,
    756,
    585,
    757,
    1762,
    544,
    676,
    628,
    631,
    678,
    656,
    199,
    180,
    162,
    146,
    158,
    190,
    1380,
    621,
    166,
    171,
    160,
    202,
    181,
    193,
    167,
    244,
    180,
    181,
    177,
    1590,
    639,
    165,
    155,
    161,
    170,
    149,
    213,
    153,
    150,
    165,
    245,
    185,
    3907,
    823,
    778,
    780,
    718,
    688,
    686,
    683,
    730,
    659,
    697,
    763,
    723,
    1931,
    675,
    645,
    648,
    518,
    588,
    639,
    177,
    200,
    165,
    183,
    177,
    190
  ],
  "frame_rasterizer_times": [
    1043,
    744,
    1167,
    1049,
    1011,
    1062,
    1023,
    974,
    983,
    957,
    1071,
    976,
    950,
    979,
    733,
    877,
    879,
    1317,
    923,
    1014,
    1059,
    972,
    924,
    938,
    952,
    904,
    785,
    895,
    863,
    829,
    820,
    837,
    810,
    812,
    837,
    812,
    817,
    783,
    670,
    830,
    838,
    825,
    794,
    876,
    780,
    796,
    849,
    824,
    811,
    833,
    778,
    814,
    848,
    720,
    788,
    790,
    782,
    843,
    785,
    823,
    776,
    756,
    823,
    870,
    813,
    798,
    799,
    757,
    802,
    783,
    818,
    794,
    764,
    826,
    858,
    828,
    829,
    900,
    899,
    830,
    805,
    802,
    820,
    870,
    884,
    843,
    908,
    837,
    706,
    679,
    880,
    858,
    800,
    754,
    847,
    806,
    851,
    871,
    837,
    820,
    650,
    715,
    871,
    805,
    808,
    789,
    843,
    837,
    808,
    788,
    815,
    775,
    823,
    636,
    867,
    766,
    899,
    894,
    876,
    859,
    837,
    892,
    838,
    829,
    847,
    856,
    811,
    653,
    757,
    859,
    804,
    978,
    819,
    860,
    830,
    778,
    883,
    816,
    669,
    874,
    787,
    729,
    912,
    843,
    796,
    845,
    841,
    877,
    834,
    807,
    690,
    665,
    835,
    742,
    860,
    779,
    772,
    828,
    816,
    800,
    815,
    836,
    838,
    747,
    848,
    731,
    711,
    896,
    817,
    806,
    816,
    834,
    768,
    808,
    803,
    656,
    820,
    923,
    814,
    810,
    752,
    891,
    866,
    853,
    806,
    816,
    832,
    854,
    809,
    839,
    806,
    884,
    758,
    868,
    834,
    814,
    632,
    804,
    800,
    828,
    824,
    825,
    871,
    820,
    789
  ],
  "frame_begin_times": [
    0,
    16671,
    33289,
    49973,
    66688,
    83334,
    100011,
    116646,
    133325,
    149971,
    166624,
    183324,
    200004,
    216641,
    233324,
    249962,
    266664,
    283315,
    1336938,
    1349943,
    1366561,
    1383283,
    1399862,
    1416584,
    1433235,
    1449869,
    1466541,
    1483171,
    1499853,
    1516544,
    1533199,
    1549859,
    1566540,
    1583188,
    1599866,
    1616543,
    1633217,
    1649864,
    1666502,
    1683164,
    1699853,
    1716484,
    1733189,
    1749846,
    1766490,
    1783157,
    1799840,
    1816472,
    1833147,
    1849817,
    1866476,
    1883173,
    1899822,
    1916467,
    1933190,
    1949842,
    1966474,
    1983161,
    1999798,
    2016466,
    2033129,
    2049827,
    2066490,
    2083182,
    2099842,
    2116530,
    2133161,
    2149828,
    2166519,
    2183182,
    2199820,
    2216512,
    2233198,
    2249862,
    2266492,
    2283207,
    2299783,
    2316515,
    2333193,
    2349870,
    2366552,
    2383191,
    2399857,
    2416464,
    2433256,
    2449913,
    2466516,
    2483169,
    2499808,
    2516425,
    2533092,
    2549848,
    2566472,
    2583119,
    2599847,
    2616491,
    2633127,
    2649795,
    2666501,
    2683050,
    2699815,
    2716406,
    2733072,
    2749817,
    2766449,
    2783130,
    2799798,
    2816467,
    2833128,
    2849810,
    2866440,
    2883112,
    2899783,
    2916443,
    2933064,
    2949766,
    2966400,
    2983148,
    2999814,
    3016498,
    3033104,
    3049781,
    3066491,
    3083145,
    3099756,
    3116433,
    3133133,
    3149810,
    3166411,
    3183123,
    3199789,
    3216430,
    3233125,
    3249784,
    3266446,
    3283136,
    3299814,
    3316459,
    3333163,
    3349752,
    3366399,
    3383081,
    3399769,
    3416448,
    3433134,
    3449786,
    3466426,
    3483152,
    3499823,
    3516462,
    3533123,
    3549776,
    3566403,
    3583115,
    3599749,
    3616457,
    3633129,
    3649785,
    3666443,
    3683122,
    3699785,
    3716392,
    3733141,
    3749806,
    3766452,
    3783116,
    3799780,
    3816397,
    3833116,
    3849789,
    3866457,
    3883116,
    3899764,
    3916445,
    3933102,
    3949766,
    3966395,
    3983136,
    3999871,
    4016438,
    4033063,
    4049723,
    4066497,
    4083069,
    4099832,
    4116452,
    4133086,
    4149808,
    4166463,
    4183098,
    4199754,
    4216438,
    4233127,
    4249707,
    4266426,
    4283091,
    4299754,
    4316377,
    4333065,
    4349749,
    4366400,
    4383063,
    4399745,
    4416472,
    4433034,
    4449720
  ],