{
  "average_frame_build_time_millis": 0.5638932038834956,
  "90th_percentile_frame_build_time_millis": 1.389,
  "99th_percentile_frame_build_time_millis": 3.589,
  "worst_frame_build_time_millis": 4.552,
  "missed_frame_build_budget_count": 0,
  "average_frame_rasterizer_time_millis": 0.8481902439024391,
  "stddev_frame_rasterizer_time_millis": 0.06672399762046403,
  "90th_percentile_frame_rasterizer_time_millis": 0.95,
  "99th_percentile_frame_rasterizer_time_millis": 1.179,
  "worst_frame_rasterizer_time_millis": 1.42,
  "missed_frame_rasterizer_budget_count": 0,
  "frame_count": 206,
  "frame_rasterizer_count": 205,
  "new_gen_gc_count": 4,
  "old_gen_gc_count": 0,
  "frame_build_times": [
    1839,
    1688,
    1700,
    1759,
    1728,
    1687,
    1659,
    1331,
    1241,
    1250,
    1076,
    1218,
    1362,
    1324,
    4552,
    183,
    301,
    197,
    369,
    1625,
    1394,
    1232,
    1095,
    1247,
    1132,
    1183,
    1210,
    1148,
    1320,
    1350,
    1170,
    1212,
    1250,
    1556,
    1667,
    182,
    198,
    211,
    160,
    158,
    181,
    157,
    161,
    197,
    162,
    178,
    155,
    176,
    186,
    171,
    190,
    161,
    215,
    167,
    188,
    167,
    147,
    162,
    235,
    168,
    162,
    175,
    174,
    190,
    203,
    179,
    153,
    170,
    209,
    169,
    156,
    185,
    148,
    173,
    180,
    153,
    2004,
    515,
    145,
    209,
    196,
    166,
    198,
    135,
    213,
    153,
    180,
    153,
    202,
    1389,
    623,
    157,
    179,
    156,
    178,
    212,
    144,
    209,
    160,
    173,
    211,
    144,
    1634,
    595,
    163,
    172,
    181,
    174,
    187,
    196,
    155,
    185,
    193,
    186,
    174,
    1462,
    614,
    181,
    162,
    195,
    151,
    161,
    176,
    162,
    200,
    153,
    232,
    167,
    3801,
    1020,
    779,
    747,
    700,
    746,
    728,
    702,
    696,
    692,
    752,
    635,
    661,
    1616,
    536,
    636,
    658,
    593,
    561,
    159,
    180,
    141,
    218,
    221,
    179,
    176,
    1359,
    560,
    152,
    186,
    157,
    152,
    170,
    150,
    186,
    151,
    161,
    145,
    243,
    1878,
    621,
    153,
    170,
    196,
    162,
    179,
    153,
    170,
    174,
    186,
    171,
    145,
    3589,
    812,
    757,
    816,
    764,
    676,
    684,
    650,
    694,
    648,
    620,
    620,
    636,
    2013,
    687,
    595,
    590,
    664,
    684,
    259,
    152,
    169,
    146,
    163,
    153,
    176
  ],
  "frame_rasterizer_times": [
    1091,
    1179,
    1146,
    1112,
    1071,
    1026,
    1054,
    1002,
    1029,
    851,
    1010,
    1073,
    1036,
    930,
    1037,
    1281,
    956,
    1420,
    901,
    1006,
    962,
    798,
    907,
    881,
    939,
    886,
    837,
    880,
    892,
    838,
    882,
    890,
    1000,
    744,
    856,
    867,
    926,
    887,
    797,
    782,
    789,
    820,
    858,
    802,
    773,
    664,
    931,
    838,
    816,
    814,
    845,
    872,
    811,
    779,
    835,
    776,
    858,
    881,
    675,
    824,
    818,
    843,
    797,
    801,
    782,
    796,
    831,
    880,
    788,
    777,
    698,
    840,
    786,
    756,
    791,
    759,
    750,
    795,
    925,
    853,
    853,
    811,
    863,
    936,
    815,
    838,
    809,
    964,
    745,
    844,
    843,
    801,
    926,
    763,
    923,
    609,
    906,
    822,
    841,
    885,
    765,
    777,
    849,
    831,
    787,
    868,
    831,
    826,
    719,
    815,
    793,
    882,
    787,
    803,
    727,
    900,
    844,
    839,
    846,
    857,
    631,
    895,
    899,
    861,
    806,
    867,
    823,
    698,
    827,
    828,
    893,
    788,
    845,
    821,
    865,
    799,
    845,
    849,
    805,
    850,
    681,
    712,
    848,
    884,
    794,
    656,
    801,
    824,
    665,
    908,
    909,
    811,
    780,
    727,
    875,
    805,
    850,
    632,
    799,
    808,
    787,
    854,
    803,
    825,
    824,
    815,
    908,
    907,
    832,
    826,
    933,
    859,
    807,
    786,
    819,
    848,
    879,
    856,
    815,
    663,
    744,
    950,
    910,
    892,
    827,
    864,
    827,
    830,
    811,
    824,
    796,
    856,
    737,
    860,
    821,
    709,
    834,
    865,
    905,
    836,
    848,
    820,
    802,
    832,
    837
  ],
  "frame_begin_times": [
    0,
    16602,
    33287,
    49924,
    66623,
    83209,
    99964,
    116592,
    133278,
    149918,
    166533,
    183275,
    199931,
    216603,
    233240,
    250027,
    266854,
    283298,
    1336299,
    1349971,
    1366583,
    1383246,
    1399925,
    1416619,
    1433257,
    1449916,
    1466447,
    1483121,
    1499893,
    1516517,
    1533188,
    1549787,
    1566473,
    1583233,
    1599787,
    1616483,
    1633111,
    1649753,
    1666444,
    1683094,
    1699767,
    1716405,
    1733059,
    1749751,
    1766418,
    1783093,
    1799727,
    1816461,
    1833107,
    1849699,
    1866461,
    1883088,
    1899753,
    1916430,
    1933057,
    1949757,
    1966468,
    1983124,
    1999820,
    2016398,
    2033123,
    2049783,
    2066453,
    2083104,
    2099772,
    2116430,
    2133097,
    2149748,
    2166419,
    2183093,
    2199744,
    2216403,
    2233099,
    2249769,
    2266418,
    2283126,
    2299728,
    2316428,
    2333142,
    2349823,
    2366476,
    2383132,
    2399769,
    2416463,
    2433183,
    2449807,
    2466484,
    2483127,
    2499835,
    2516451,
    2533209,
    2549823,
    2566520,
    2583092,
    2599815,
    2616452,
    2633075,
    2649843,
    2666546,
    2683144,
    2699834,
    2716466,
    2733085,
    2749821,
    2766464,
    2783127,
    2799790,
    2816465,
    2833203,
    2849761,
    2866501,
    2883151,
    2899787,
    2916472,
    2933129,
    2949762,
    2966468,
    2983142,
    2999808,
    3016509,
    3033166,
    3049812,
    3066485,
    3083125,
    3099871,
    3116502,
    3133119,
    3149782,
    3166437,
    3183159,
    3199848,
    3216484,
    3233154,
    3249866,
    3266513,
    3283161,
    3299806,
    3316478,
    3333236,
    3349855,
    3366491,
    3383098,
    3399782,
    3416482,
    3433197,
    3449858,
    3466455,
    3483145,
    3499839,
    3516445,
    3533212,
    3549853,
    3566506,
    3583137,
    3599759,
    3616493,
    3633182,
    3649803,
    3666438,
    3683160,
    3699805,
    3716454,
    3733191,
    3749826,
    3766494,
    3783165,
    3799733,
    3816473,
    3833114,
    3849835,
    3866474,
    3883174,
    3899810,
    3916478,
    3933146,
    3949791,
    3966514,
    3983153,
    3999866,
    4016487,
    4033110,
    4049775,
    4066534,
    4083115,
    4099896,
    4116497,
    4133150,
    4149819,
    4166472,
    4183141,
    4199845,
    4216476,
    4233154,
    4249785,
    4266486,
    4283173,
    4299830,
    4316519,
    4333239,
    4349781,
    4366525,
    4383169,
    4399812,
    4416479,
    4433193,
    4449819
  ],