{
  "average_frame_build_time_millis": 0.5646941747572821,
  "90th_percentile_frame_build_time_millis": 1.379,
  "99th_percentile_frame_build_time_millis": 3.562,
  "worst_frame_build_time_millis": 4.715,
  "missed_frame_build_budget_count": 0,
  "average_frame_rasterizer_time_millis": 0.8567475728155345,
  "stddev_frame_rasterizer_time_millis": 0.07178367423885389,
  "90th_percentile_frame_rasterizer_time_millis": 0.974,
  "99th_percentile_frame_rasterizer_time_millis": 1.094,
  "worst_frame_rasterizer_time_millis": 1.486,
  "missed_frame_rasterizer_budget_count": 0,
  "frame_count": 206,
  "frame_rasterizer_count": 206,
  "new_gen_gc_count": 4,
  "old_gen_gc_count": 2,
  "frame_build_times": [
    735,
    1101,
    1569,
    1424,
    1734,
    1747,
    1729,
    1399,
    1379,
    1316,
    1356,
    1205,
    1336,
    1383,
    4715,
    159,
    209,
    206,
    295,
    1721,
    1329,
    1328,
    1387,
    1353,
    1228,
    1355,
    1320,
    1216,
    1411,
    1347,
    1342,
    1179,
    1331,
    1764,
    201,
    166,
    193,
    153,
    188,
    215,
    181,
    214,
    160,
    164,
    212,
    156,
    160,
    195,
    185,
    191,
    158,
    189,
    163,
    161,
    179,
    218,
    199,
    179,
    209,
    185,
    237,
    171,
    185,
    164,
    180,
    170,
    174,
    181,
    162,
    192,
    189,
    176,
    173,
    187,
    203,
    181,
    2150,
    577,
    206,
    205,
    211,
    191,
    155,
    194,
    189,
    271,
    226,
    141,
    199,
    1316,
    580,
    195,
    158,
    189,
    201,
    182,
    190,
    145,
    152,
    191,
    170,
    191,
    1243,
    571,
    190,
    193,
    180,
    185,
    197,
    209,
    175,
    185,
    228,
    172,
    198,
    1501,
    609,
    182,
    196,
    189,
    213,
    143,
    174,
    184,
    173,
    186,
    199,
    186,
    3701,
    835,
    708,
    772,
    722,
    826,
    723,
    665,
    664,
    636,
    711,
    787,
    752,
    1920,
    538,
    566,
    768,
    812,
    718,
    230,
    165,
    164,
    175,
    210,
    200,
    158,
    1400,
    545,
    172,
    194,
    159,
    167,
    141,
    173,
    156,
    165,
    144,
    190,
    242,
    1395,
    478,
    295,
    197,
    186,
    213,
    188,
    183,
    166,
    173,
    147,
    153,
    155,
    3562,
    939,
    865,
    921,
    759,
    747,
    715,
    703,
    670,
    680,
    681,
    685,
    682,
    1864,
    751,
    752,
    730,
    629,
    672,
    240,
    206,
    168,
    176,
    163,
    146,
    175
  ],
  "frame_rasterizer_times": [
    538,
    801,
    946,
    889,
    1094,
    1083,
    1037,
    1059,
    1094,
    1047,
    1068,
    1013,
    1051,
    1060,
    999,
    992,
    1004,
    1014,
    1486,
    1059,
    949,
    938,
    936,
    873,
    871,
    935,
    855,
    899,
    921,
    874,
    904,
    725,
    867,
    859,
    936,
    829,
    826,
    804,
    819,
    896,
    842,
    868,
    811,
    695,
    934,
    764,
    848,
    858,
    913,
    841,
    780,
    803,
    780,
    858,
    828,
    801,
    877,
    798,
    847,
    879,
    952,
    811,
    814,
    802,
    811,
    799,
    772,
    791,
    827,
    799,
    890,
    833,
    825,
    840,
    888,
    791,
    772,
    872,
    895,
    952,
    946,
    852,
    783,
    897,
    837,
    854,
    804,
    691,
    849,
    736,
    812,
    929,
    855,
    669,
    942,
    846,
    831,
    810,
    810,
    860,
    856,
    843,
    677,
    922,
    872,
    772,
    843,
    842,
    845,
    839,
    786,
    852,
    837,
    839,
    803,
    776,
    949,
    937,
    932,
    868,
    890,
    667,
    880,
    960,
    903,
    918,
    867,
    786,
    647,
    725,
    748,
    898,
    874,
    889,
    830,
    803,
    802,
    785,
    773,
    918,
    869,
    762,
    629,
    662,
    994,
    974,
    870,
    835,
    841,
    803,
    848,
    943,
    922,
    799,
    702,
    723,
    819,
    838,
    852,
    778,
    634,
    773,
    829,
    750,
    765,
    848,
    818,
    706,
    667,
    997,
    927,
    851,
    892,
    825,
    816,
    854,
    812,
    768,
    827,
    912,
    770,
    846,
    1005,
    1026,
    919,
    901,
    868,
    824,
    813,
    810,
    924,
    871,
    757,
    768,
    912,
    922,
    861,
    844,
    825,
    863,
    951,
    850,
    827,
    909,
    684,
    929
  ],
  "frame_begin_times": [
    0,
    16755,
    33398,
    50015,
    66777,
    83448,
    100165,
    116759,
    133380,
    150057,
    166706,
    183371,
    200107,
    216706,
    233408,
    250067,
    266826,
    283463,
    1336251,
    1350140,
    1366736,
    1383411,
    1400256,
    1416874,
    1433620,
    1450265,
    1466913,
    1483552,
    1500318,
    1516926,
    1533590,
    1550217,
    1566896,
    1583588,
    1600239,
    1616929,
    1633559,
    1650245,
    1666904,
    1683550,
    1700238,
    1716904,
    1733564,
    1750192,
    1766908,
    1783579,
    1800223,
    1816943,
    1833581,
    1850235,
    1866894,
    1883587,
    1900290,
    1916923,
    1933564,
    1950332,
    1966947,
    1983604,
    2000276,
    2016960,
    2033626,
    2050274,
    2066944,
    2083609,
    2100297,
    2116955,
    2133597,
    2150276,
    2166961,
    2183616,
    2200299,
    2216939,
    2233606,
    2250325,
    2266996,
    2283612,
    2300221,
    2316979,
    2333631,
    2350365,
    2367011,
    2383625,
    2400304,
    2416968,
    2433620,
    2450313,
    2466987,
    2483642,
    2500298,
    2516938,
    2533654,
    2550397,
    2566958,
    2583641,
    2600368,
    2617000,
    2633687,
    2650358,
    2667038,
    2683669,
    2700362,
    2716991,
    2733633,
    2750385,
    2767024,
    2783657,
    2800386,
    2817021,
    2833661,
    2850390,
    2867004,
    2883747,
    2900372,
    2917005,
    2933703,
    2950368,
    2967035,
    2983744,
    3000455,
    3017056,
    3033698,
    3050352,
    3067069,
    3083764,
    3100400,
    3117037,
    3133612,
    3150259,
    3166847,
    3183576,
    3200232,
    3216963,
    3233604,
    3250245,
    3266929,
    3283618,
    3300253,
    3316901,
    3333602,
    3350321,
    3366946,
    3383580,
    3400202,
    3416919,
    3433673,
    3450360,
    3466949,
    3483642,
    3500289,
    3516933,
    3533599,
    3550324,
    3566941,
    3583567,
    3600238,
    3616895,
    3633608,
    3650280,
    3666882,
    3683593,
    3700291,
    3716936,
    3733609,
    3750265,
    3766924,
    3783654,
    3800198,
    3816922,
    3833583,
    3850298,
    3866976,
    3883597,
    3900262,
    3916937,
    3933596,
    3950279,
    3966971,
    3983589,
    4000261,
    4016932,
    4033597,
    4050312,
    4067044,
    4083643,
    4100333,
    4116959,
    4133620,
    4150267,
    4166935,
    4183604,
    4200314,
    4216953,
    4233587,
    4250238,
    4267007,
    4283668,
    4300327,
    4316975,
    4333635,
    4350351,
    4366964,
    4383657,
    4400272,
    4416957,
    4433595,
    4450307
  ],