{
  "average_frame_build_time_millis": 0.9047055214723922,
  "90th_percentile_frame_build_time_millis": 1.867,
  "99th_percentile_frame_build_time_millis": 4.392,
  "worst_frame_build_time_millis": 4.771,
  "missed_frame_build_budget_count": 0,
  "average_frame_rasterizer_time_millis": 0.9284658385093163,
  "stddev_frame_rasterizer_time_millis": 0.10293977855792588,
  "90th_percentile_frame_rasterizer_time_millis": 1.132,
  "99th_percentile_frame_rasterizer_time_millis": 1.293,
  "worst_frame_rasterizer_time_millis": 1.538,
  "missed_frame_rasterizer_budget_count": 0,
  "frame_count": 163,
  "frame_rasterizer_count": 161,
  "new_gen_gc_count": 6,
  "old_gen_gc_count": 2,
  "frame_build_times": [
    2914,
    1306,
    1577,
    2125,
    1884,
    1868,
    1793,
    2172,
    1858,
    1901,
    1783,
    1862,
    1926,
    1845,
    1849,
    1804,
    2517,
    1958,
    1761,
    1867,
    1780,
    1899,
    1570,
    1497,
    1524,
    1426,
    1581,
    1499,
    1653,
    4525,
    212,
    216,
    185,
    221,
    4228,
    841,
    722,
    720,
    771,
    711,
    704,
    681,
    712,
    730,
    665,
    609,
    702,
    639,
    693,
    826,
    1660,
    1149,
    1180,
    191,
    200,
    226,
    188,
    218,
    230,
    228,
    186,
    223,
    204,
    201,
    213,
    243,
    4372,
    941,
    848,
    665,
    812,
    747,
    721,
    720,
    677,
    866,
    770,
    682,
    713,
    809,
    905,
    771,
    2384,
    1160,
    1076,
    201,
    166,
    226,
    188,
    190,
    193,
    212,
    193,
    228,
    174,
    188,
    202,
    233,
    4392,
    828,
    706,
    743,
    704,
    717,
    689,
    721,
    738,
    633,
    748,
    692,
    837,
    1068,
    709,
    765,
    1637,
    928,
    978,
    199,
    266,
    194,
    202,
    204,
    197,
    197,
    197,
    211,
    219,
    227,
    222,
    279,
    4771,
    683,
    432,
    320,
    541,
    602,
    645,
    689,
    752,
    686,
    711,
    692,
    1018,
    756,
    681,
    736,
    1597,
    1080,
    1139,
    956,
    186,
    203,
    204,
    186,
    196,
    208,
    188,
    254,
    212,
    170,
    198,
    177,
    266
  ],
  "frame_rasterizer_times": [
    946,
    1059,
    1281,
    1193,
    1186,
    1297,
    1233,
    1204,
    1181,
    1199,
    1293,
    1064,
    1143,
    1161,
    1538,
    1197,
    1110,
    1122,
    1090,
    1090,
    977,
    1183,
    1117,
    991,
    1144,
    1064,
    1231,
    995,
    1077,
    956,
    891,
    864,
    902,
    775,
    912,
    798,
    880,
    849,
    822,
    802,
    861,
    906,
    820,
    928,
    949,
    910,
    921,
    977,
    845,
    1012,
    1099,
    790,
    877,
    961,
    910,
    977,
    914,
    866,
    818,
    893,
    931,
    950,
    852,
    882,
    803,
    827,
    1017,
    726,
    930,
    865,
    860,
    873,
    841,
    751,
    865,
    902,
    847,
    908,
    951,
    841,
    778,
    939,
    863,
    881,
    847,
    773,
    850,
    832,
    795,
    856,
    845,
    914,
    835,
    801,
    878,
    886,
    726,
    828,
    741,
    875,
    860,
    917,
    868,
    972,
    953,
    803,
    903,
    869,
    991,
    1047,
    849,
    969,
    829,
    912,
    859,
    947,
    991,
    940,
    1002,
    858,
    904,
    867,
    781,
    906,
    862,
    985,
    876,
    914,
    1132,
    729,
    466,
    462,
    665,
    738,
    822,
    919,
    956,
    902,
    903,
    940,
    1038,
    964,
    909,
    907,
    861,
    986,
    1001,
    776,
    921,
    958,
    891,
    905,
    809,
    931,
    858,
    942,
    911,
    844,
    860,
    807,
    1120
  ],
  "frame_begin_times": [
    0,
    16668,
    33361,
    50102,
    66751,
    83395,
    100072,
    116792,
    133443,
    150103,
    166786,
    183386,
    200087,
    216775,
    233440,
    250099,
    266813,
    283443,
    300134,
    316782,
    333427,
    350134,
    366748,
    383439,
    400100,
    416748,
    433453,
    450123,
    466832,
    483428,
    500093,
    516823,
    533438,
    550093,
    566714,
    583384,
    600118,
    616761,
    633429,
    650080,
    666736,
    683402,
    700097,
    716825,
    733449,
    750134,
    766768,
    783459,
    800149,
    816785,
    833403,
    850124,
    866882,
    883480,
    900113,
    916704,
    933448,
    950222,
    966794,
    983478,
    1000112,
    1016777,
    1033472,
    1050129,
    1066850,
    1083444,
    1100108,
    1116832,
    1133479,
    1150063,
    1166828,
    1183458,
    1200128,
    1216780,
    1233438,
    1250121,
    1266862,
    1283508,
    1300121,
    1316837,
    1333502,
    1350134,
    1366793,
    1383512,
    1400141,
    1416839,
    1433454,
    1450169,
    1466836,
    1483467,
    1500151,
    1516834,
    1533479,
    1550144,
    1566838,
    1583514,
    1600159,
    1616836,
    1633448,
    1650090,
    1666829,
    1683539,
    1700187,
    1716818,
    1733497,
    1750176,
    1766897,
    1783539,
    1800226,
    1816849,
    1833535,
    1850211,
    1866896,
    1883504,
    1900137,
    1916801,
    1933533,
    1950254,
    1966910,
    1983513,
    2000233,
    2016890,
    2033534,
    2050174,
    2066815,
    2083515,
    2100171,
    2116918,
    2133515,
    2150152,
    2166824,
    2183423,
    2200052,
    2216761,
    2233491,
    2250180,
    2266787,
    2283493,
    2300241,
    2316903,
    2333535,
    2350227,
    2366959,
    2383617,
    2400237,
    2416860,
    2433506,
    2450098,
    2466811,
    2483385,
    2500097,
    2516748,
    2533413,
    2550057,
    2566732,
    2583429,
    2600054,
    2616805,
    2633408,
    2650107,
    2666736,
    2683382,
    2799926
  ],
  "frame_rasterizer_begin_times": [
    0,
    17127,
    33576,
    50174,
    66817,
    83676,
    100257,
    116881,
    133538,
    150164,
    166870,
    183596,
    200178,
    216856,
    233658,
    250343,
    266877,
    283565,
    300197,
    316958,
    333463,
    349894,
    366513,
    383179,
    399941,
    416692,
    433360,
    451055,
    466114,
    482855,
    499433,
    516120,
    535701,
    549514,
    566203,
    582828,
    599533,
    616154,
    632828,
    649451,
    666171,
    682893,
    699493,
    716166,
    732819,
    749518,
    766229,
    782927,
    800161,
    816569,
    833354,
    849458,
    866122,
    882745,
    899452,
    916258,
    932798,
    949498,
    966111,
    982794,
    999469,
    1016137,
    1032853,
    1049456,
    1069200,
    1082962,
    1099576,
    1116110,
    1132933,
    1149567,
    1166172,
    1182831,
    1199491,
    1216186,
    1232941,
    1249554,
    1266213,
    1282941,
    1299640,
    1316215,
    1334048,
    1349955,
    1366543,
    1382856,
    1399436,
    1416157,
    1432843,
    1449474,
    1466134,
    1482826,
    1499464,
    1516168,
    1532830,
    1549519,
    1566160,
    1582845,
    1602349,
    1616198,
    1632906,
    1649627,
    1666264,
    1682871,
    1699576,
    1716234,
    1732975,
    1749575,
    1766276,
    1782896,
    1799691,
    1816394,
    1832994,
    1849604,
    1866911,
    1883121,
    1899892,
    1916267,
    1932963,
    1949523,
    1966233,
    1982899,
    1999527,
    2016169,
    2032798,
    2049540,
    2066206,
    2082951,
    2099532,
    2116196,
    2135692,
    2149518,
    2166053,
    2182732,
    2199537,
    2216226,
    2232859,
    2249548,
    2266321,
    2282959,
    2299592,
    2316295,
    2333039,
    2349695,
    2366311,
    2382975,
    2400240,
    2416512,
    2433287,
    2449737,
    2466103,
    2482737,
    2499417,
    2516063,
    2532722,
    2549416,
    2566036,
    2582841,
    2599425,
    2616094,
    2632749,
    2649370,
    2765980
  ],
  "average_vsync_transitions_missed": 0.0,
  "90th_percentile_vsync_transitions_missed": 0.0,