{
  "average_frame_build_time_millis": 0.8651472392638035,
  "90th_percentile_frame_build_time_millis": 1.811,
  "99th_percentile_frame_build_time_millis": 4.345,
  "worst_frame_build_time_millis": 4.811,
  "missed_frame_build_budget_count": 0,
  "average_frame_rasterizer_time_millis": 0.9282592592592588,
  "stddev_frame_rasterizer_time_millis": 0.09292089620484678,
  "90th_percentile_frame_rasterizer_time_millis": 1.122,
  "99th_percentile_frame_rasterizer_time_millis": 1.216,
  "worst_frame_rasterizer_time_millis": 1.248,
  "missed_frame_rasterizer_budget_count": 0,
  "frame_count": 163,
  "frame_rasterizer_count": 162,
  "new_gen_gc_count": 4,
  "old_gen_gc_count": 2,
  "frame_build_times": [
    2819,
    1290,
    1862,
    1657,
    1841,
    1859,
    1824,
    1830,
    1788,
    1757,
    1762,
    1811,
    1844,
    1759,
    1812,
    1509,
    1842,
    1787,
    1801,
    1771,
    1829,
    1726,
    1524,
    985,
    1171,
    1414,
    1595,
    1488,
    1160,
    4811,
    155,
    159,
    166,
    211,
    4321,
    931,
    726,
    778,
    690,
    687,
    729,
    678,
    678,
    691,
    630,
    671,
    715,
    755,
    730,
    705,
    1349,
    818,
    902,
    188,
    170,
    173,
    246,
    285,
    239,
    211,
    165,
    212,
    191,
    238,
    254,
    165,
    3859,
    854,
    742,
    759,
    755,
    781,
    795,
    744,
    670,
    675,
    727,
    794,
    671,
    702,
    700,
    860,
    2345,
    1023,
    1026,
    150,
    167,
    179,
    181,
    204,
    214,
    220,
    205,
    178,
    187,
    237,
    215,
    220,
    4646,
    812,
    749,
    770,
    676,
    857,
    747,
    738,
    743,
    741,
    737,
    752,
    682,
    701,
    676,
    736,
    1339,
    851,
    1106,
    196,
    196,
    183,
    237,
    266,
    193,
    223,
    205,
    173,
    184,
    183,
    187,
    192,
    4345,
    799,
    790,
    681,
    824,
    692,
    684,
    725,
    622,
    606,
    795,
    738,
    673,
    746,
    766,
    652,
    1686,
    1054,
    1046,
    163,
    192,
    222,
    202,
    212,
    291,
    182,
    213,
    169,
    216,
    198,
    168,
    156,
    255
  ],
  "frame_rasterizer_times": [
    919,
    1169,
    1041,
    1201,
    1224,
    1158,
    1248,
    1200,
    1119,
    1167,
    1216,
    1151,
    1160,
    1168,
    922,
    1023,
    1206,
    1185,
    1101,
    1145,
    1051,
    1093,
    800,
    1122,
    1090,
    1129,
    1129,
    883,
    949,
    636,
    559,
    568,
    960,
    944,
    933,
    980,
    995,
    931,
    874,
    871,
    896,
    880,
    978,
    875,
    887,
    834,
    995,
    979,
    986,
    992,
    821,
    750,
    745,
    730,
    950,
    964,
    1001,
    1056,
    861,
    887,
    870,
    844,
    919,
    963,
    735,
    844,
    815,
    875,
    851,
    847,
    933,
    919,
    828,
    792,
    820,
    902,
    935,
    831,
    862,
    797,
    919,
    819,
    981,
    917,
    656,
    981,
    842,
    868,
    909,
    775,
    931,
    929,
    763,
    866,
    893,
    878,
    845,
    884,
    818,
    939,
    971,
    843,
    1117,
    895,
    986,
    904,
    888,
    935,
    885,
    895,
    886,
    929,
    934,
    770,
    692,
    914,
    947,
    872,
    975,
    1004,
    1042,
    852,
    916,
    856,
    859,
    944,
    709,
    827,
    898,
    807,
    756,
    963,
    904,
    928,
    914,
    920,
    897,
    878,
    829,
    993,
    915,
    894,
    904,
    887,
    845,
    837,
    1025,
    1019,
    953,
    934,
    968,
    1061,
    813,
    1059,
    887,
    952,
    910,
    972,
    918,
    842,
    898,
    1069
  ],
  "frame_begin_times": [
    0,
    16622,
    33400,
    50027,
    66742,
    83379,
    100097,
    116739,
    133382,
    150064,
    166718,
    183396,
    200067,
    216755,
    233412,
    250023,
    266729,
    283449,
    300103,
    316726,
    333403,
    350070,
    366682,
    383349,
    400091,
    416750,
    433421,
    450072,
    466701,
    483411,
    500012,
    516633,
    533323,
    550107,
    566685,
    583431,
    600087,
    616755,
    633408,
    650077,
    666771,
    683423,
    700084,
    716737,
    733453,
    750112,
    766752,
    783507,
    800148,
    816777,
    833387,
    850092,
    866784,
    883420,
    900071,
    916830,
    933457,
    950093,
    966850,
    983462,
    1000123,
    1016800,
    1033448,
    1050156,
    1066773,
    1083384,
    1100092,
    1116747,
    1133454,
    1150148,
    1166807,
    1183452,
    1200158,
    1216798,
    1233467,
    1250124,
    1266770,
    1283502,
    1300170,
    1316817,
    1333495,
    1350114,
    1366756,
    1383484,
    1400153,
    1416823,
    1433413,
    1450146,
    1466815,
    1483523,
    1500136,
    1516847,
    1533472,
    1550176,
    1566826,
    1583483,
    1600139,
    1616775,
    1633488,
    1650150,
    1666899,
    1683476,
    1700128,
    1716934,
    1733541,
    1750178,
    1766864,
    1783526,
    1800245,
    1816933,
    1833553,
    1850219,
    1866866,
    1883501,
    1900123,
    1916787,
    1933572,
    1950175,
    1966882,
    1983538,
    2000221,
    2016894,
    2033538,
    2050242,
    2066872,
    2083552,
    2100185,
    2116834,
    2133512,
    2150194,
    2166814,
    2183502,
    2200212,
    2216883,
    2233602,
    2250225,
    2266892,
    2283587,
    2300244,
    2316869,
    2333601,
    2350204,
    2366920,
    2383582,
    2400148,
    2416880,
    2433496,
    2450253,
    2466930,
    2483627,
    2500250,
    2516909,
    2533642,
    2550269,
    2566898,
    2583562,
    2600259,
    2616912,
    2633629,
    2650276,
    2666909,
    2683552,
    2800133
  ],
  "frame_rasterizer_begin_times": [
    0,
    17010,
    33644,
    50409,
    67041,
    83740,
    100386,
    116994,
    133679,
    150286,
    167028,
    183750,
    200346,
    217030,
    233501,
    250339,
    267090,
    283761,
    300376,
    317088,
    333668,
    350068,
    366469,
    383243,
    399978,
    416785,
    433383,
    449918,
    467886,
    482825,
    499446,
    516150,
    532987,
    552636,
    566456,
    583027,
    599711,
    616346,
    633016,
    649722,
    666352,
    683009,
    699633,
    716344,
    733021,
    749670,
    766448,
    783094,
    799688,
    816871,
    833246,
    849968,
    866282,
    882918,
    899679,
    916351,
    932990,
    949764,
    966348,
    982969,
    999645,
    1016287,
    1033053,
    1049634,
    1066205,
    1085686,
    1099723,
    1116357,
    1133068,
    1149743,
    1166388,
    1183111,
    1199707,
    1216372,
    1233014,
    1249700,
    1266466,
    1283105,
    1299730,
    1316406,
    1333023,
    1350651,
    1366741,
    1383413,
    1399648,
    1416232,
    1432985,
    1449672,
    1466387,
    1482973,
    1499710,
    1516356,
    1533034,
    1549688,
    1566393,
    1582989,
    1599676,
    1619460,
    1633106,
    1649844,
    1666424,
    1683040,
    1699943,
    1716498,
    1733115,
    1749787,
    1766484,
    1783189,
    1799871,
    1816451,
    1833134,
    1849792,
    1866448,
    1883614,
    1899945,
    1916849,
    1933045,
    1949755,
    1966396,
    1983111,
    1999766,
    2016407,
    2033143,
    2049748,
    2066399,
    2083040,
    2099676,
    2116370,
    2133038,
    2152499,
    2166453,
    2183146,
    2199794,
    2216543,
    2233127,
    2249791,
    2266499,
    2283150,
    2299764,
    2316570,
    2333148,
    2349850,
    2366558,
    2383093,
    2399790,
    2417125,
    2433540,
    2450174,
    2466464,
    2483118,
    2499809,
    2516520,
    2533124,
    2549783,
    2566422,
    2583129,
    2599762,
    2616487,
    2633127,
    2649757,
    2666386,
    2783034
  ],
  "average_vsync_transitions_missed": 0.0,
  "90th_percentile_vsync_transitions_missed": 0.0,