{
  "average_frame_build_time_millis": 0.8529753086419767,
  "90th_percentile_frame_build_time_millis": 1.853,
  "99th_percentile_frame_build_time_millis": 4.571,
  "worst_frame_build_time_millis": 4.839,
  "missed_frame_build_budget_count": 0,
  "average_frame_rasterizer_time_millis": 0.9282670807453421,
  "stddev_frame_rasterizer_time_millis": 0.09637730025847775,
  "90th_percentile_frame_rasterizer_time_millis": 1.078,
  "99th_percentile_frame_rasterizer_time_millis": 1.284,
  "worst_frame_rasterizer_time_millis": 1.377,
  "missed_frame_rasterizer_budget_count": 0,
  "frame_count": 162,
  "frame_rasterizer_count": 161,
  "new_gen_gc_count": 6,
  "old_gen_gc_count": 2,
  "frame_build_times": [
    1681,
    2008,
    1940,
    1922,
    2005,
    1840,
    1891,
    1831,
    1841,
    1623,
    1893,
    1991,
    2129,
    1948,
    1849,
    1853,
    1893,
    1732,
    1783,
    1659,
    1727,
    1405,
    1126,
    1519,
    1404,
    1421,
    1420,
    1532,
    4798,
    198,
    222,
    181,
    219,
    3421,
    838,
    860,
    815,
    775,
    686,
    670,
    674,
    652,
    675,
    762,
    711,
    684,
    581,
    632,
    660,
    1581,
    1000,
    1025,
    202,
    159,
    168,
    187,
    194,
    171,
    222,
    203,
    201,
    188,
    145,
    168,
    197,
    4219,
    1075,
    793,
    731,
    766,
    763,
    813,
    756,
    786,
    914,
    778,
    742,
    610,
    369,
    367,
    590,
    2014,
    877,
    872,
    199,
    197,
    235,
    208,
    220,
    224,
    230,
    217,
    177,
    183,
    218,
    247,
    183,
    4839,
    782,
    805,
    715,
    646,
    719,
    650,
    764,
    668,
    635,
    635,
    509,
    761,
    657,
    636,
    650,
    1540,
    1018,
    956,
    240,
    180,
    180,
    181,
    246,
    248,
    186,
    194,
    161,
    199,
    177,
    175,
    168,
    4571,
    671,
    824,
    644,
    696,
    697,
    675,
    713,
    674,
    616,
    622,
    627,
    613,
    687,
    605,
    622,
    1393,
    902,
    1046,
    211,
    223,
    181,
    251,
    222,
    196,
    244,
    169,
    237,
    190,
    208,
    244,
    189,
    235
  ],
  "frame_rasterizer_times": [
    1253,
    1284,
    1377,
    1225,
    1196,
    1184,
    1250,
    1183,
    978,
    1197,
    1190,
    1371,
    1218,
    1177,
    1084,
    1068,
    1048,
    1074,
    1088,
    1084,
    827,
    904,
    1075,
    1057,
    1013,
    1074,
    1078,
    941,
    1032,
    916,
    863,
    890,
    770,
    820,
    1047,
    1067,
    1043,
    960,
    871,
    868,
    840,
    940,
    949,
    954,
    866,
    800,
    867,
    909,
    799,
    914,
    891,
    874,
    906,
    859,
    834,
    852,
    906,
    827,
    859,
    833,
    806,
    751,
    910,
    749,
    1001,
    987,
    964,
    909,
    935,
    911,
    946,
    927,
    968,
    983,
    897,
    944,
    752,
    496,
    519,
    704,
    834,
    798,
    778,
    831,
    928,
    893,
    980,
    975,
    927,
    898,
    861,
    881,
    895,
    864,
    1013,
    787,
    896,
    852,
    975,
    990,
    886,
    973,
    807,
    941,
    934,
    853,
    864,
    616,
    846,
    892,
    829,
    867,
    801,
    893,
    822,
    886,
    755,
    863,
    864,
    1011,
    979,
    872,
    870,
    906,
    802,
    910,
    783,
    896,
    854,
    808,
    1042,
    927,
    845,
    923,
    943,
    938,
    876,
    948,
    880,
    883,
    851,
    865,
    876,
    855,
    723,
    775,
    1028,
    1022,
    930,
    1017,
    987,
    901,
    869,
    945,
    931,
    904,
    911,
    899,
    997,
    962,
    1076
  ],
  "frame_begin_times": [
    0,
    16669,
    33388,
    50034,
    66704,
    83323,
    99978,
    116689,
    133356,
    149989,
    166750,
    183380,
    200116,
    216766,
    233410,
    250071,
    266747,
    283409,
    300043,
    316705,
    333419,
    350001,
    366674,
    383410,
    400089,
    416711,
    433373,
    450084,
    466768,
    483399,
    500081,
    516721,
    533434,
    549974,
    566737,
    583473,
    600084,
    616744,
    633469,
    650103,
    666749,
    683442,
    700132,
    716830,
    733420,
    750108,
    766725,
    783426,
    800097,
    816698,
    833460,
    850116,
    867084,
    883440,
    900127,
    916760,
    933448,
    950159,
    966811,
    983440,
    1000108,
    1016770,
    1033471,
    1050201,
    1066772,
    1083412,
    1100144,
    1116821,
    1133496,
    1150162,
    1166843,
    1183526,
    1200174,
    1216892,
    1233534,
    1250154,
    1266833,
    1283423,
    1300017,
    1316716,
    1333416,
    1350054,
    1366834,
    1383427,
    1400177,
    1416851,
    1433520,
    1450298,
    1466849,
    1483506,
    1500182,
    1516830,
    1533551,
    1550177,
    1566814,
    1583600,
    1600154,
    1616849,
    1633567,
    1650219,
    1666865,
    1683529,
    1700244,
    1716900,
    1733533,
    1750237,
    1766868,
    1783542,
    1800158,
    1816887,
    1833533,
    1850197,
    1866890,
    1883495,
    1900204,
    1916871,
    1933593,
    1950223,
    1966929,
    1983570,
    2000254,
    2016936,
    2033587,
    2050270,
    2066939,
    2083589,
    2100334,
    2116911,
    2133578,
    2150200,
    2166869,
    2183540,
    2200286,
    2216938,
    2233588,
    2250247,
    2266922,
    2283574,
    2300227,
    2316990,
    2333586,
    2350241,
    2366895,
    2383609,
    2400216,
    2416860,
    2433577,
    2450304,
    2466968,
    2483617,
    2500282,
    2516958,
    2533619,
    2550299,
    2566943,
    2583622,
    2600263,
    2616985,
    2633628,
    2650316,
    2666961,
    2783481
  ],
  "frame_rasterizer_begin_times": [
    0,
    16809,
    33406,
    50156,
    66645,
    83344,
    100032,
    116684,
    133252,
    150103,
    166818,
    183560,
    200153,
    216750,
    233405,
    250168,
    266683,
    283351,
    299907,
    316704,
    333195,
    349551,
    366432,
    383052,
    399656,
    416345,
    433128,
    451155,
    465978,
    482678,
    499268,
    515999,
    535083,
    549406,
    566164,
    582737,
    599421,
    616115,
    632737,
    649343,
    666054,
    682758,
    699462,
    716047,
    732718,
    749317,
    766045,
    782718,
    800001,
    816429,
    833083,
    849626,
    865974,
    882666,
    899326,
    916015,
    932710,
    949403,
    965991,
    982679,
    999335,
    1016004,
    1032738,
    1049298,
    1068825,
    1082895,
    1099456,
    1116123,
    1132785,
    1149506,
    1166208,
    1182812,
    1199539,
    1216185,
    1232808,
    1249453,
    1266020,
    1282541,
    1299248,
    1316048,
    1333514,
    1349718,
    1366293,
    1382758,
    1399429,
    1416132,
    1432884,
    1449411,
    1466057,
    1482779,
    1499404,
    1516100,
    1532730,
    1549382,
    1566214,
    1582707,
    1602884,
    1616235,
    1632876,
    1649500,
    1666152,
    1682921,
    1699506,
    1716171,
    1732841,
    1749475,
    1766167,
    1782714,
    1799487,
    1816143,
    1832824,
    1849510,
    1866770,
    1883188,
    1899801,
    1916174,
    1932774,
    1949481,
    1966110,
    1982827,
    1999512,
    2016146,
    2032821,
    2049475,
    2066127,
    2082860,
    2099459,
    2116121,
    2135786,
    2149511,
    2166194,
    2182916,
    2199590,
    2216209,
    2232863,
    2249578,
    2266209,
    2282825,
    2299584,
    2316182,
    2332841,
    2349505,
    2366204,
    2382809,
    2400076,
    2416474,
    2433246,
    2449553,
    2466211,
    2482838,
    2499536,
    2516202,
    2532869,
    2549520,
    2566163,
    2582809,
    2599525,
    2616194,
    2632902,
    2649522,
    2766072
  ],
  "average_vsync_transitions_missed": 0.0,
  "90th_percentile_vsync_transitions_missed": 0.0,
  "99th_percentile_vsync_transitions_missed": 0.0,