{
  "average_frame_build_time_millis": 0.8767177914110419,
  "90th_percentile_frame_build_time_millis": 1.854,
  "99th_percentile_frame_build_time_millis": 4.354,
  "worst_frame_build_time_millis": 4.703,
  "missed_frame_build_budget_count": 0,
  "average_frame_rasterizer_time_millis": 0.9338260869565218,
  "stddev_frame_rasterizer_time_millis": 0.09216581150418579,
  "90th_percentile_frame_rasterizer_time_millis": 1.149,
  "99th_percentile_frame_rasterizer_time_millis": 1.304,
  "worst_frame_rasterizer_time_millis": 1.331,
  "missed_frame_rasterizer_budget_count": 0,
  "frame_count": 163,
  "frame_rasterizer_count": 161,
  "new_gen_gc_count": 4,
  "old_gen_gc_count": 2,
  "frame_build_times": [
    3371,
    1637,
    1969,
    2186,
    2016,
    2015,
    1938,
    1843,
    1825,
    1782,
    1528,
    1898,
    1770,
    1871,
    2092,
    1854,
    1872,
    1775,
    1680,
    1652,
    1748,
    1739,
    1497,
    1449,
    1406,
    1345,
    1319,
    1339,
    1250,
    4703,
    137,
    154,
    165,
    204,
    3317,
    788,
    660,
    738,
    690,
    660,
    686,
    711,
    657,
    660,
    721,
    836,
    693,
    561,
    668,
    745,
    1696,
    1061,
    1112,
    234,
    243,
    211,
    198,
    187,
    171,
    217,
    205,
    209,
    233,
    178,
    221,
    230,
    4041,
    799,
    829,
    754,
    806,
    765,
    809,
    764,
    813,
    718,
    733,
    663,
    731,
    820,
    707,
    684,
    2353,
    1040,
    794,
    192,
    188,
    160,
    207,
    171,
    188,
    201,
    167,
    186,
    184,
    167,
    227,
    214,
    4430,
    451,
    580,
    702,
    784,
    807,
    816,
    734,
    686,
    776,
    687,
    765,
    772,
    800,
    780,
    744,
    1767,
    1126,
    1062,
    222,
    189,
    241,
    212,
    197,
    208,
    201,
    261,
    239,
    196,
    230,
    193,
    273,
    4354,
    777,
    702,
    719,
    668,
    630,
    659,
    593,
    693,
    644,
    636,
    819,
    647,
    695,
    672,
    652,
    1645,
    976,
    1082,
    177,
    206,
    237,
    231,
    212,
    216,
    176,
    177,
    213,
    206,
    236,
    214,
    211,
    298
  ],
  "frame_rasterizer_times": [
    1321,
    1331,
    1176,
    1304,
    1222,
    1252,
    1270,
    1191,
    976,
    1229,
    1189,
    1244,
    1281,
    1198,
    1149,
    1235,
    1156,
    1067,
    1068,
    1087,
    872,
    1073,
    1009,
    1032,
    996,
    1006,
    996,
    909,
    824,
    1000,
    715,
    971,
    825,
    755,
    749,
    974,
    898,
    870,
    955,
    858,
    832,
    844,
    964,
    950,
    860,
    722,
    869,
    944,
    783,
    966,
    941,
    963,
    912,
    901,
    908,
    844,
    954,
    926,
    906,
    920,
    1006,
    914,
    949,
    893,
    960,
    774,
    952,
    921,
    961,
    858,
    890,
    859,
    861,
    815,
    892,
    865,
    870,
    899,
    837,
    839,
    745,
    956,
    634,
    885,
    868,
    853,
    855,
    863,
    809,
    858,
    767,
    760,
    944,
    827,
    949,
    789,
    1079,
    548,
    761,
    881,
    1012,
    947,
    946,
    942,
    1010,
    993,
    923,
    963,
    1022,
    920,
    960,
    907,
    807,
    914,
    960,
    947,
    944,
    963,
    919,
    890,
    774,
    934,
    940,
    933,
    876,
    920,
    947,
    967,
    797,
    795,
    909,
    935,
    754,
    845,
    902,
    849,
    841,
    910,
    871,
    873,
    855,
    913,
    917,
    833,
    902,
    828,
    953,
    906,
    871,
    935,
    791,
    938,
    900,
    891,
    884,
    974,
    915,
    1044,
    965,
    898,
    1184
  ],
  "frame_begin_times": [
    0,
    16691,
    33444,
    50177,
    66787,
    83439,
    100069,
    116749,
    133440,
    150123,
    166717,
    183446,
    200090,
    216770,
    233413,
    250133,
    266773,
    283428,
    300062,
    316773,
    333414,
    350080,
    366700,
    383418,
    400080,
    416726,
    433369,
    450044,
    466739,
    483395,
    500040,
    516756,
    533424,
    550091,
    566671,
    583350,
    600018,
    616737,
    633387,
    650121,
    666735,
    683375,
    700043,
    716720,
    733401,
    750140,
    766746,
    783387,
    800064,
    816696,
    833347,
    850060,
    866726,
    883402,
    900063,
    916690,
    933382,
    950054,
    966688,
    983365,
    1000070,
    1016792,
    1033455,
    1050091,
    1066737,
    1083433,
    1100031,
    1116694,
    1133463,
    1150066,
    1166732,
    1183394,
    1200108,
    1216826,
    1233390,
    1250065,
    1266683,
    1283439,
    1300034,
    1316702,
    1333418,
    1350056,
    1366617,
    1383367,
    1400023,
    1416745,
    1433416,
    1450102,
    1466713,
    1483404,
    1500050,
    1516702,
    1533437,
    1550074,
    1566818,
    1583412,
    1600069,
    1616658,
    1633434,
    1649993,
    1666765,
    1683389,
    1700115,
    1716825,
    1733439,
    1750063,
    1766708,
    1783444,
    1800085,
    1816749,
    1833594,
    1850118,
    1866770,
    1883410,
    1900028,
    1916771,
    1933415,
    1950166,
    1966733,
    1983454,
    2000047,
    2016735,
    2033414,
    2050079,
    2066713,
    2083413,
    2100045,
    2116734,
    2133463,
    2150050,
    2166686,
    2183330,
    2200100,
    2216739,
    2233368,
    2250058,
    2266705,
    2283408,
    2300062,
    2316734,
    2333383,
    2350070,
    2366733,
    2383409,
    2400073,
    2416681,
    2433425,
    2450040,
    2466662,
    2483438,
    2500058,
    2516709,
    2533428,
    2550065,
    2566731,
    2583402,
    2600061,
    2616769,
    2633394,
    2650117,
    2666793,
    2683401,
    2799903
  ],
  "frame_rasterizer_begin_times": [
    0,
    16915,
    33410,
    50051,
    66640,
    83273,
    99947,
    116608,
    133090,
    149959,
    166574,
    183313,
    200048,
    216683,
    233258,
    249881,
    266515,
    283183,
    299924,
    316540,
    333077,
    349580,
    366218,
    382835,
    399493,
    416167,
    432844,
    450754,
    465743,
    482471,
    499153,
    515853,
    534845,
    549218,
    565821,
    582570,
    599208,
    615926,
    632585,
    649181,
    665831,
    682510,
    699226,
    716003,
    732575,
    749159,
    765861,
    782555,
    799881,
    816233,
    832880,
    849150,
    865827,
    882469,
    899140,
    915807,
    932422,
    949108,
    965840,
    982546,
    999225,
    1015833,
    1032498,
    1049227,
    1068527,
    1082537,
    1099320,
    1115886,
    1132576,
    1149226,
    1165964,
    1182623,
    1199196,
    1215902,
    1232524,
    1249251,
    1265822,
    1282506,
    1299213,
    1315851,
    1333412,
    1349510,
    1366026,
    1382503,
    1399146,
    1415828,
    1432441,
    1449133,
    1465803,
    1482464,
    1499162,
    1515791,
    1532549,
    1549138,
    1565852,
    1582398,
    1602265,
    1615761,
    1632553,
    1649242,
    1665976,
    1682698,
    1699268,
    1715870,
    1732536,
    1749308,
    1765889,
    1782573,
    1799430,
    1816007,
    1832637,
    1849258,
    1866649,
    1882994,
    1899585,
    1915948,
    1932487,
    1949220,
    1965816,
    1982494,
    1999182,
    2015836,
    2032482,
    2049171,
    2065801,
    2082507,
    2099216,
    2115824,
    2135318,
    2149176,
    2165909,
    2182563,
    2199146,
    2215837,
    2232497,
    2249195,
    2265881,
    2282552,
    2299181,
    2315866,
    2332545,
    2349254,
    2365897,
    2382487,
    2399912,
    2416168,
    2432879,
    2449180,
    2465801,
    2482471,
    2499208,
    2515839,
    2532509,
    2549137,
    2565779,
    2582500,
    2599143,
    2615911,
    2632564,
    2649146,
    2765699
  ],
  "average_vsync_transitions_missed": 0.0,
  "90th_percentile_vsync_transitions_missed": 0.0,