{
  "average_frame_build_time_millis": 0.8609447852760737,
  "90th_percentile_frame_build_time_millis": 1.842,
  "99th_percentile_frame_build_time_millis": 4.202,
  "worst_frame_build_time_millis": 4.791,
  "missed_frame_build_budget_count": 0,
  "average_frame_rasterizer_time_millis": 0.9267160493827167,
  "stddev_frame_rasterizer_time_millis": 0.1045787227556775,
  "90th_percentile_frame_rasterizer_time_millis": 1.135,
  "99th_percentile_frame_rasterizer_time_millis": 1.312,
  "worst_frame_rasterizer_time_millis": 1.362,
  "missed_frame_rasterizer_budget_count": 0,
  "frame_count": 163,
  "frame_rasterizer_count": 162,
  "new_gen_gc_count": 6,
  "old_gen_gc_count": 2,
  "frame_build_times": [
    3169,
    1593,
    1842,
    1954,
    1904,
    1851,
    1725,
    2029,
    1831,
    1893,
    2011,
    1703,
    1864,
    1865,
    1945,
    1782,
    1813,
    1736,
    1729,
    1765,
    1662,
    1435,
    1777,
    1046,
    1113,
    1472,
    1523,
    1408,
    1575,
    4791,
    202,
    204,
    148,
    191,
    4218,
    776,
    645,
    761,
    798,
    736,
    752,
    834,
    831,
    696,
    746,
    623,
    639,
    641,
    626,
    671,
    1502,
    1082,
    988,
    189,
    176,
    161,
    215,
    164,
    253,
    199,
    236,
    238,
    196,
    192,
    169,
    173,
    3698,
    810,
    729,
    815,
    744,
    751,
    760,
    729,
    741,
    772,
    717,
    655,
    723,
    759,
    736,
    723,
    2331,
    1083,
    977,
    235,
    237,
    256,
    189,
    245,
    205,
    193,
    198,
    198,
    238,
    232,
    211,
    173,
    4202,
    808,
    696,
    621,
    673,
    719,
    698,
    725,
    702,
    624,
    699,
    619,
    532,
    653,
    626,
    687,
    1572,
    1034,
    1037,
    200,
    195,
    193,
    205,
    234,
    217,
    176,
    223,
    198,
    217,
    158,
    402,
    199,
    4068,
    709,
    350,
    330,
    260,
    556,
    650,
    737,
    687,
    664,
    630,
    622,
    732,
    764,
    667,
    809,
    1739,
    938,
    1092,
    212,
    200,
    207,
    180,
    172,
    234,
    175,
    245,
    194,
    187,
    215,
    197,
    162,
    266
  ],
  "frame_rasterizer_times": [
    987,
    1154,
    1288,
    1219,
    1337,
    1270,
    1223,
    1312,
    1362,
    1304,
    1118,
    1230,
    1217,
    1214,
    1183,
    1090,
    1088,
    1081,
    1185,
    1135,
    899,
    1092,
    793,
    839,
    1117,
    1194,
    1021,
    1145,
    945,
    988,
    1011,
    645,
    879,
    930,
    762,
    847,
    820,
    962,
    977,
    945,
    1031,
    1056,
    893,
    853,
    854,
    814,
    879,
    725,
    873,
    831,
    902,
    864,
    861,
    893,
    845,
    935,
    737,
    885,
    852,
    923,
    882,
    842,
    810,
    818,
    812,
    784,
    726,
    956,
    1020,
    904,
    1086,
    980,
    866,
    955,
    962,
    934,
    807,
    935,
    906,
    904,
    842,
    816,
    993,
    889,
    974,
    923,
    968,
    921,
    893,
    920,
    794,
    905,
    972,
    923,
    912,
    885,
    832,
    806,
    783,
    883,
    928,
    914,
    927,
    852,
    953,
    906,
    867,
    885,
    884,
    719,
    891,
    834,
    926,
    795,
    929,
    935,
    911,
    933,
    876,
    844,
    871,
    835,
    729,
    836,
    853,
    831,
    794,
    894,
    916,
    703,
    735,
    480,
    482,
    304,
    732,
    898,
    1018,
    912,
    871,
    870,
    845,
    963,
    991,
    929,
    981,
    913,
    875,
    1008,
    965,
    978,
    978,
    961,
    928,
    987,
    887,
    906,
    953,
    986,
    951,
    946,
    755,
    1132
  ],
  "frame_begin_times": [
    0,
    16775,
    33469,
    50103,
    66717,
    83399,
    100123,
    116867,
    133421,
    150135,
    166779,
    183488,
    200127,
    216819,
    233455,
    250159,
    266800,
    283439,
    300112,
    316751,
    333451,
    350083,
    366814,
    383359,
    400086,
    416784,
    433490,
    450097,
    466795,
    483464,
    500135,
    516788,
    533383,
    550111,
    566724,
    583412,
    600084,
    616821,
    633475,
    650119,
    666809,
    683512,
    700157,
    716820,
    733448,
    750101,
    766788,
    783440,
    800128,
    816768,
    833402,
    850133,
    866813,
    883464,
    900116,
    916834,
    933520,
    950132,
    966795,
    983457,
    1000070,
    1016774,
    1033489,
    1050144,
    1066777,
    1083438,
    1100070,
    1116747,
    1133474,
    1150224,
    1166897,
    1183540,
    1200231,
    1216792,
    1233542,
    1250161,
    1266817,
    1283426,
    1300147,
    1316829,
    1333463,
    1350188,
    1366767,
    1383483,
    1400135,
    1416837,
    1433506,
    1450195,
    1466856,
    1483495,
    1500121,
    1516848,
    1533505,
    1550200,
    1566874,
    1583544,
    1600157,
    1616820,
    1633446,
    1650127,
    1666807,
    1683523,
    1700170,
    1716836,
    1733533,
    1750201,
    1766847,
    1783502,
    1800148,
    1816818,
    1833443,
    1850146,
    1866814,
    1883500,
    1900117,
    1916844,
    1933575,
    1950209,
    1966842,
    1983522,
    2000185,
    2016841,
    2033607,
    2050143,
    2066860,
    2083499,
    2100177,
    2116835,
    2133480,
    2150194,
    2166810,
    2183421,
    2200017,
    2216752,
    2233333,
    2250188,
    2266895,
    2283562,
    2300206,
    2316890,
    2333547,
    2350187,
    2367452,
    2383532,
    2400197,
    2416919,
    2433543,
    2450154,
    2466884,
    2483576,
    2500232,
    2516907,
    2533546,
    2550209,
    2566851,
    2583519,
    2600202,
    2616923,
    2633529,
    2650204,
    2666900,
    2683535,
    2800076
  ],
  "frame_rasterizer_begin_times": [
    0,
    16786,
    33527,
    50137,
    66712,
    83330,
    100212,
    116680,
    133462,
    150208,
    166771,
    183459,
    200156,
    216851,
    233459,
    250080,
    266720,
    283374,
    299959,
    316675,
    333218,
    350077,
    366191,
    382935,
    399727,
    416467,
    433023,
    449769,
    467560,
    482676,
    499332,
    515872,
    532640,
    552300,
    566028,
    582656,
    599432,
    616130,
    632741,
    649464,
    666185,
    682797,
    699428,
    716051,
    732661,
    749346,
    766001,
    782713,
    799321,
    816555,
    833090,
    849720,
    865979,
    882635,
    899342,
    916045,
    932634,
    949392,
    965994,
    982589,
    999315,
    1015996,
    1032682,
    1049290,
    1065929,
    1085244,
    1099379,
    1116052,
    1132795,
    1149464,
    1166125,
    1182831,
    1199375,
    1216148,
    1232768,
    1249393,
    1266010,
    1282737,
    1299410,
    1316039,
    1332788,
    1350392,
    1366435,
    1383027,
    1399366,
    1416077,
    1432747,
    1449386,
    1466040,
    1482634,
    1499385,
    1516045,
    1532722,
    1549404,
    1566080,
    1582685,
    1599331,
    1618768,
    1632762,
    1649382,
    1666089,
    1682766,
    1699451,
    1716148,
    1732813,
    1749441,
    1766081,
    1782716,
    1799371,
    1815975,
    1832706,
    1849390,
    1866056,
    1883407,
    1899779,
    1916520,
    1932746,
    1949374,
    1966056,
    1982705,
    1999373,
    2016161,
    2032649,
    2049418,
    2066013,
    2082688,
    2099336,
    2116039,
    2132713,
    2151996,
    2166040,
    2182499,
    2199253,
    2215799,
    2232745,
    2249482,
    2266169,
    2282797,
    2299500,
    2316131,
    2332774,
    2350068,
    2366127,
    2382784,
    2399535,
    2416889,
    2433013,
    2449854,
    2466123,
    2482774,
    2499452,
    2516071,
    2532723,
    2549388,
    2566032,
    2582719,
    2599446,
    2616052,
    2632713,
    2649441,
    2666035,
    2782666
  ],
  "average_vsync_transitions_missed": 0.0,
  "90th_percentile_vsync_transitions_missed": 0.0,