{
  "average_frame_build_time_millis": 0.8805276073619632,
  "90th_percentile_frame_build_time_millis": 1.814,
  "99th_percentile_frame_build_time_millis": 4.368,
  "worst_frame_build_time_millis": 4.865,
  "missed_frame_build_budget_count": 0,
  "average_frame_rasterizer_time_millis": 0.9469440993788824,
  "stddev_frame_rasterizer_time_millis": 0.09953651479495393,
  "90th_percentile_frame_rasterizer_time_millis": 1.139,
  "99th_percentile_frame_rasterizer_time_millis": 1.339,
  "worst_frame_rasterizer_time_millis": 1.358,
  "missed_frame_rasterizer_budget_count": 0,
  "frame_count": 163,
  "frame_rasterizer_count": 161,
  "new_gen_gc_count": 6,
  "old_gen_gc_count": 0,
  "frame_build_times": [
    2596,
    1548,
    1524,
    1843,
    1814,
    1680,
    1938,
    1790,
    1998,
    2050,
    1528,
    1806,
    1789,
    1804,
    1813,
    2155,
    1915,
    1709,
    1846,
    1650,
    1820,
    1823,
    1773,
    1494,
    1453,
    1368,
    1515,
    1496,
    1384,
    4865,
    176,
    188,
    186,
    203,
    4368,
    745,
    828,
    744,
    681,
    688,
    830,
    771,
    746,
    727,
    644,
    757,
    790,
    636,
    742,
    660,
    1323,
    818,
    1064,
    206,
    199,
    203,
    198,
    225,
    204,
    189,
    148,
    211,
    179,
    189,
    167,
    242,
    4201,
    850,
    721,
    789,
    960,
    859,
    682,
    869,
    778,
    699,
    849,
    774,
    732,
    784,
    712,
    701,
    2414,
    1074,
    1033,
    190,
    214,
    208,
    210,
    195,
    186,
    284,
    210,
    214,
    192,
    240,
    226,
    161,
    4344,
    864,
    692,
    810,
    735,
    859,
    837,
    678,
    771,
    669,
    658,
    738,
    567,
    688,
    638,
    730,
    1318,
    987,
    1058,
    192,
    180,
    196,
    202,
    199,
    180,
    209,
    157,
    189,
    197,
    190,
    193,
    240,
    4686,
    845,
    656,
    551,
    699,
    779,
    716,
    734,
    697,
    597,
    642,
    687,
    665,
    666,
    655,
    655,
    1716,
    818,
    951,
    205,
    200,
    209,
    195,
    238,
    193,
    267,
    237,
    188,
    217,
    228,
    212,
    234,
    250
  ],
  "frame_rasterizer_times": [
    902,
    1159,
    1262,
    1254,
    1344,
    1268,
    1233,
    1312,
    976,
    1186,
    1212,
    1215,
    1191,
    1358,
    1188,
    1135,
    1339,
    1162,
    1172,
    1139,
    1114,
    1081,
    1075,
    1065,
    1044,
    1042,
    1023,
    984,
    1021,
    912,
    949,
    855,
    939,
    758,
    986,
    989,
    902,
    906,
    1040,
    1043,
    923,
    905,
    861,
    1048,
    983,
    734,
    969,
    835,
    782,
    733,
    981,
    930,
    898,
    926,
    902,
    858,
    884,
    831,
    874,
    870,
    856,
    808,
    733,
    870,
    878,
    770,
    846,
    904,
    1120,
    1014,
    764,
    928,
    994,
    945,
    1136,
    970,
    886,
    983,
    885,
    879,
    866,
    1011,
    916,
    880,
    918,
    962,
    851,
    945,
    924,
    974,
    911,
    879,
    949,
    903,
    950,
    714,
    827,
    823,
    906,
    991,
    962,
    912,
    1046,
    933,
    979,
    889,
    863,
    992,
    896,
    907,
    863,
    929,
    698,
    882,
    837,
    962,
    908,
    911,
    938,
    850,
    725,
    837,
    714,
    917,
    809,
    838,
    849,
    938,
    865,
    815,
    962,
    758,
    976,
    976,
    1008,
    951,
    868,
    876,
    853,
    912,
    883,
    856,
    864,
    842,
    866,
    686,
    808,
    930,
    889,
    872,
    1000,
    1054,
    768,
    994,
    1005,
    908,
    904,
    963,
    973,
    946,
    1112
  ],
  "frame_begin_times": [
    0,
    16703,
    33376,
    50102,
    66765,
    83419,
    100102,
    116769,
    133453,
    150140,
    166681,
    183453,
    200114,
    216749,
    233416,
    250144,
    266781,
    283447,
    300138,
    316775,
    333432,
    350128,
    366767,
    383467,
    400100,
    416744,
    433419,
    450124,
    466763,
    483427,
    500096,
    516768,
    533474,
    550073,
    566759,
    583378,
    600180,
    616795,
    633471,
    650111,
    666823,
    683410,
    700131,
    716780,
    733439,
    750159,
    766830,
    783417,
    800147,
    816775,
    833403,
    850120,
    866833,
    883465,
    900148,
    916814,
    933430,
    950137,
    966785,
    983504,
    1000091,
    1016782,
    1033430,
    1050125,
    1066812,
    1083442,
    1100014,
    1116750,
    1133492,
    1150166,
    1166942,
    1183507,
    1200097,
    1216841,
    1233549,
    1250168,
    1266859,
    1283517,
    1300165,
    1316895,
    1333503,
    1350117,
    1366788,
    1383494,
    1400167,
    1416792,
    1433490,
    1450149,
    1466813,
    1483472,
    1500179,
    1516785,
    1533494,
    1550166,
    1566940,
    1583506,
    1600155,
    1616761,
    1633495,
    1650132,
    1666823,
    1683499,
    1700165,
    1716839,
    1733554,
    1750194,
    1766937,
    1783508,
    1800194,
    1816873,
    1833497,
    1850211,
    1866843,
    1883482,
    1900116,
    1916823,
    1933450,
    1950214,
    1966854,
    1983523,
    2000197,
    2016862,
    2033490,
    2050173,
    2066879,
    2083500,
    2100165,
    2116838,
    2133515,
    2150176,
    2166805,
    2183522,
    2200124,
    2216837,
    2233861,
    2250249,
    2266866,
    2283525,
    2300208,
    2316937,
    2333551,
    2350202,
    2366850,
    2383571,
    2400198,
    2416872,
    2433479,
    2450186,
    2466860,
    2483547,
    2500221,
    2516864,
    2533628,
    2550229,
    2566936,
    2583569,
    2600248,
    2616967,
    2633570,
    2650248,
    2666881,
    2683570,
    2800073
  ],
  "frame_rasterizer_begin_times": [
    0,
    16901,
    33492,
    50029,
    66881,
    83476,
    100313,
    117062,
    133358,
    150214,
    166880,
    183540,
    200213,
    216926,
    233612,
    250194,
    266862,
    283427,
    300211,
    316935,
    333518,
    349950,
    366557,
    383164,
    399820,
    416606,
    433151,
    451249,
    466109,
    482769,
    499491,
    516084,
    535960,
    549509,
    566283,
    582905,
    599563,
    616213,
    632998,
    649531,
    666224,
    682863,
    699509,
    716293,
    732949,
    749490,
    766268,
    782882,
    800019,
    816398,
    833283,
    849506,
    866176,
    882846,
    899437,
    916192,
    932826,
    949528,
    966072,
    982790,
    999421,
    1016155,
    1032822,
    1049468,
    1068928,
    1082883,
    1099580,
    1116263,
    1133131,
    1149644,
    1166176,
    1182969,
    1199676,
    1216244,
    1232970,
    1249602,
    1266284,
    1283003,
    1299585,
    1316188,
    1333840,
    1349950,
    1366594,
    1382778,
    1399522,
    1416166,
    1432855,
    1449488,
    1466187,
    1482842,
    1499537,
    1516213,
    1532967,
    1549574,
    1566173,
    1582751,
    1602334,
    1616269,
    1632892,
    1649594,
    1666248,
    1683056,
    1699737,
    1716298,
    1733050,
    1749596,
    1766305,
    1783017,
    1799550,
    1816296,
    1832908,
    1849607,
    1866727,
    1883230,
    1899884,
    1916243,
    1932873,
    1949548,
    1966208,
    1982889,
    1999499,
    2016211,
    2032874,
    2049499,
    2066163,
    2082865,
    2099524,
    2116198,
    2135988,
    2149660,
    2166169,
    2182863,
    2199936,
    2216359,
    2232936,
    2249608,
    2266296,
    2283008,
    2299633,
    2316288,
    2332933,
    2349667,
    2366297,
    2382956,
    2400291,
    2416514,
    2433257,
    2449574,
    2466255,
    2482904,
    2499664,
    2516243,
    2532949,
    2549632,
    2566299,
    2582993,
    2599588,
    2616276,
    2632925,
    2649615,
    2766130
  ],
  "average_vsync_transitions_missed": 0.0,
  "90th_percentile_vsync_transitions_missed": 0.0,