{
  "average_frame_build_time_millis": 0.8914355828220859,
  "90th_percentile_frame_build_time_millis": 1.886,
  "99th_percentile_frame_build_time_millis": 4.825,
  "worst_frame_build_time_millis": 5.056,
  "missed_frame_build_budget_count": 0,
  "average_frame_rasterizer_time_millis": 0.9476790123456792,
  "stddev_frame_rasterizer_time_millis": 0.0948832495046487,
  "90th_percentile_frame_rasterizer_time_millis": 1.14,
  "99th_percentile_frame_rasterizer_time_millis": 1.284,
  "worst_frame_rasterizer_time_millis": 1.358,
  "missed_frame_rasterizer_budget_count": 0,
  "frame_count": 163,
  "frame_rasterizer_count": 162,
  "new_gen_gc_count": 6,
  "old_gen_gc_count": 0,
  "frame_build_times": [
    2693,
    1467,
    1668,
    1753,
    2079,
    1957,
    2029,
    1873,
    1967,
    1898,
    1948,
    1903,
    1817,
    1893,
    1681,
    1886,
    1970,
    1817,
    1797,
    1815,
    1817,
    1783,
    1694,
    1530,
    1517,
    1489,
    1017,
    1160,
    1430,
    4825,
    169,
    201,
    183,
    246,
    4410,
    1016,
    837,
    849,
    851,
    726,
    735,
    676,
    772,
    707,
    702,
    671,
    783,
    697,
    693,
    693,
    1295,
    858,
    1121,
    194,
    229,
    191,
    227,
    239,
    213,
    199,
    192,
    225,
    170,
    236,
    221,
    188,
    4174,
    947,
    693,
    877,
    809,
    799,
    774,
    780,
    765,
    706,
    620,
    753,
    691,
    819,
    710,
    766,
    2319,
    899,
    1064,
    202,
    167,
    240,
    189,
    217,
    191,
    181,
    207,
    214,
    208,
    244,
    166,
    199,
    4950,
    765,
    798,
    767,
    782,
    774,
    874,
    805,
    742,
    647,
    634,
    703,
    711,
    647,
    575,
    625,
    1336,
    844,
    995,
    171,
    191,
    211,
    186,
    176,
    172,
    168,
    252,
    219,
    175,
    212,
    209,
    195,
    5056,
    835,
    877,
    824,
    710,
    690,
    675,
    762,
    527,
    691,
    645,
    707,
    731,
    653,
    689,
    656,
    1628,
    1052,
    969,
    184,
    272,
    217,
    190,
    220,
    203,
    195,
    239,
    170,
    254,
    200,
    226,
    199,
    269
  ],
  "frame_rasterizer_times": [
    1019,
    1010,
    1284,
    1300,
    1277,
    1358,
    1240,
    1236,
    1228,
    1236,
    1218,
    1186,
    1189,
    1005,
    1213,
    1176,
    1157,
    1127,
    1078,
    1121,
    1084,
    1120,
    1113,
    1084,
    1039,
    762,
    860,
    1049,
    963,
    975,
    964,
    905,
    893,
    892,
    1000,
    1023,
    1010,
    984,
    881,
    948,
    913,
    1000,
    905,
    917,
    894,
    1025,
    912,
    930,
    885,
    726,
    794,
    987,
    925,
    893,
    853,
    854,
    948,
    924,
    843,
    801,
    834,
    871,
    887,
    968,
    849,
    796,
    982,
    889,
    997,
    872,
    974,
    872,
    928,
    901,
    884,
    736,
    877,
    894,
    934,
    875,
    871,
    827,
    791,
    909,
    925,
    887,
    889,
    900,
    888,
    907,
    907,
    918,
    870,
    907,
    839,
    810,
    710,
    913,
    827,
    943,
    854,
    1104,
    964,
    1140,
    1037,
    991,
    937,
    853,
    902,
    892,
    888,
    854,
    772,
    719,
    787,
    954,
    893,
    865,
    864,
    891,
    891,
    831,
    854,
    947,
    913,
    787,
    907,
    927,
    807,
    1128,
    903,
    1157,
    1019,
    912,
    939,
    897,
    969,
    667,
    948,
    906,
    890,
    1061,
    954,
    954,
    835,
    790,
    1015,
    924,
    920,
    899,
    873,
    953,
    904,
    983,
    923,
    909,
    762,
    971,
    991,
    968,
    966,
    1215
  ],
  "frame_begin_times": [
    0,
    16683,
    33366,
    50096,
    66815,
    83422,
    100116,
    116797,
    133495,
    150141,
    166787,
    183445,
    200092,
    216752,
    233392,
    250101,
    266762,
    283463,
    300099,
    316750,
    333431,
    350124,
    366805,
    383431,
    400124,
    416784,
    433369,
    450046,
    466795,
    483442,
    500108,
    516777,
    533444,
    550079,
    566710,
    583464,
    600131,
    616864,
    633439,
    650110,
    666812,
    683468,
    700210,
    716800,
    733407,
    750117,
    766884,
    783476,
    800160,
    816774,
    833401,
    850134,
    866914,
    883530,
    900162,
    916821,
    933470,
    950164,
    966854,
    983487,
    1000159,
    1016833,
    1033503,
    1050168,
    1066887,
    1083499,
    1100171,
    1116955,
    1133565,
    1150223,
    1166870,
    1183581,
    1200212,
    1216882,
    1233550,
    1250216,
    1266861,
    1283527,
    1300239,
    1316896,
    1333572,
    1350206,
    1366848,
    1383490,
    1400205,
    1416871,
    1433606,
    1450205,
    1466906,
    1483541,
    1500209,
    1516899,
    1533523,
    1550219,
    1566884,
    1583539,
    1600276,
    1616885,
    1633501,
    1650205,
    1666919,
    1683571,
    1700310,
    1716942,
    1733677,
    1750248,
    1766917,
    1783593,
    1800292,
    1816922,
    1833619,
    1850273,
    1866956,
    1883531,
    1900190,
    1916877,
    1933611,
    1950289,
    1966948,
    1983599,
    2000261,
    2016950,
    2033581,
    2050230,
    2066973,
    2083540,
    2100252,
    2116933,
    2133588,
    2150266,
    2166954,
    2183591,
    2200339,
    2216980,
    2233639,
    2250284,
    2266969,
    2283601,
    2300223,
    2316939,
    2333586,
    2350261,
    2366977,
    2383623,
    2400316,
    2416905,
    2433559,
    2450279,
    2466991,
    2483639,
    2500201,
    2516960,
    2533620,
    2550319,
    2566962,
    2583628,
    2600284,
    2617005,
    2633631,
    2650344,
    2666971,
    2683632,
    2800140
  ],
  "frame_rasterizer_begin_times": [
    0,
    16821,
    33505,
    50430,
    66994,
    83683,
    100310,
    117087,
    133707,
    150380,
    166914,
    183525,
    200292,
    216870,
    233646,
    250282,
    266987,
    283606,
    300258,
    316950,
    333583,
    350202,
    366625,
    383304,
    399945,
    416398,
    433128,
    449923,
    467961,
    482820,
    499499,
    516167,
    532784,
    552632,
    566351,
    582967,
    599689,
    616329,
    632908,
    649610,
    666248,
    683020,
    699602,
    716212,
    732911,
    749722,
    766292,
    782961,
    799563,
    816696,
    833154,
    850086,
    866265,
    882924,
    899552,
    916195,
    932940,
    949572,
    966219,
    982892,
    999545,
    1016212,
    1032896,
    1049621,
    1066230,
    1085838,
    1099756,
    1116335,
    1133086,
    1149707,
    1166402,
    1182985,
    1199665,
    1216390,
    1232991,
    1249628,
    1266320,
    1283020,
    1299684,
    1316362,
    1333017,
    1350613,
    1366552,
    1383352,
    1399619,
    1416318,
    1432914,
    1449627,
    1466280,
    1482937,
    1499620,
    1516234,
    1532941,
    1549598,
    1566327,
    1582986,
    1599598,
    1619412,
    1633026,
    1649778,
    1666401,
    1683144,
    1699772,
    1716561,
    1733086,
    1749721,
    1766355,
    1783053,
    1799702,
    1816421,
    1833047,
    1849714,
    1866303,
    1883536,
    1899899,
    1916701,
    1933005,
    1949655,
    1966331,
    1982972,
    1999648,
    2016292,
    2032935,
    2049760,
    2066300,
    2082962,
    2099656,
    2116309,
    2133000,
    2152796,
    2166435,
    2183196,
    2199790,
    2216416,
    2233079,
    2249748,
    2266403,
    2282950,
    2299711,
    2316377,
    2333064,
    2349779,
    2366409,
    2383128,
    2399708,
    2417028,
    2433441,
    2450090,
    2466354,
    2482964,
    2499668,
    2516346,
    2533076,
    2549702,
    2566343,
    2583024,
    2599719,
    2616382,
    2633081,
    2649699,
    2666344,
    2782937
  ],
  "average_vsync_transitions_missed": 0.0,
  "90th_percentile_vsync_transitions_missed": 0.0,