{
  "average_frame_build_time_millis": 0.7182815533980589,
  "90th_percentile_frame_build_time_millis": 1.693,
  "99th_percentile_frame_build_time_millis": 3.451,
  "worst_frame_build_time_millis": 3.7,
  "missed_frame_build_budget_count": 0,
  "average_frame_rasterizer_time_millis": 1.1709754901960792,
  "stddev_frame_rasterizer_time_millis": 0.11529570357554764,
  "90th_percentile_frame_rasterizer_time_millis": 1.306,
  "99th_percentile_frame_rasterizer_time_millis": 1.361,
  "worst_frame_rasterizer_time_millis": 1.398,
  "missed_frame_rasterizer_budget_count": 0,
  "frame_count": 206,
  "frame_rasterizer_count": 204,
  "new_gen_gc_count": 6,
  "old_gen_gc_count": 0,
  "frame_build_times": [
    1724,
    1614,
    1734,
    1657,
    1639,
    1693,
    1410,
    1249,
    1342,
    1216,
    1384,
    1385,
    1203,
    1172,
    3644,
    154,
    166,
    174,
    244,
    1486,
    1827,
    1629,
    1903,
    1880,
    1670,
    1701,
    1728,
    1732,
    1736,
    1799,
    1778,
    1444,
    1700,
    2069,
    2569,
    261,
    230,
    219,
    223,
    205,
    197,
    212,
    203,
    241,
    223,
    223,
    240,
    241,
    212,
    243,
    195,
    290,
    279,
    362,
    361,
    266,
    264,
    295,
    356,
    287,
    528,
    418,
    304,
    271,
    358,
    246,
    273,
    335,
    248,
    278,
    292,
    268,
    313,
    328,
    270,
    335,
    2328,
    867,
    263,
    256,
    250,
    269,
    299,
    336,
    277,
    363,
    344,
    295,
    257,
    1436,
    809,
    327,
    271,
    244,
    261,
    255,
    339,
    260,
    304,
    258,
    257,
    325,
    1578,
    783,
    260,
    246,
    242,
    253,
    271,
    276,
    262,
    311,
    302,
    271,
    268,
    1480,
    848,
    293,
    230,
    282,
    267,
    313,
    224,
    227,
    259,
    271,
    252,
    296,
    3451,
    1009,
    821,
    1007,
    994,
    1001,
    1065,
    989,
    959,
    996,
    973,
    989,
    996,
    2292,
    852,
    991,
    935,
    939,
    782,
    938,
    270,
    265,
    292,
    345,
    250,
    276,
    1541,
    645,
    293,
    276,
    261,
    277,
    250,
    255,
    275,
    261,
    216,
    356,
    330,
    1559,
    718,
    274,
    255,
    323,
    284,
    280,
    254,
    280,
    310,
    284,
    262,
    247,
    3700,
    1259,
    1020,
    1044,
    1014,
    1089,
    1037,
    978,
    1024,
    992,
    946,
    1069,
    920,
    2160,
    809,
    1007,
    953,
    948,
    917,
    1037,
    276,
    257,
    270,
    324,
    215,
    295
  ],
  "frame_rasterizer_times": [
    1101,
    1044,
    1045,
    1024,
    926,
    1044,
    1046,
    976,
    992,
    1071,
    997,
    989,
    875,
    788,
    888,
    841,
    1110,
    854,
    1223,
    1145,
    1398,
    1290,
    1265,
    1188,
    1234,
    1189,
    1199,
    1236,
    1206,
    948,
    1231,
    1217,
    1267,
    1166,
    944,
    953,
    908,
    800,
    832,
    842,
    828,
    982,
    856,
    970,
    944,
    956,
    899,
    884,
    876,
    1331,
    1267,
    1262,
    1299,
    1314,
    1299,
    1270,
    1301,
    1274,
    1391,
    1324,
    1309,
    1262,
    1218,
    1286,
    1309,
    1292,
    1078,
    1361,
    1305,
    1247,
    1293,
    1347,
    1248,
    1259,
    1111,
    1255,
    1252,
    1204,
    1118,
    1259,
    1282,
    1278,
    1254,
    1293,
    1317,
    1238,
    1194,
    1018,
    1155,
    1210,
    1269,
    976,
    1274,
    1179,
    1260,
    1189,
    1258,
    1251,
    1155,
    1206,
    991,
    1144,
    1279,
    1058,
    1208,
    1218,
    1173,
    1230,
    1334,
    1268,
    1213,
    1299,
    1162,
    1072,
    1106,
    1360,
    1158,
    1234,
    1337,
    1284,
    1009,
    1091,
    1290,
    1245,
    1306,
    1267,
    954,
    983,
    939,
    1204,
    1225,
    1146,
    1180,
    1177,
    1138,
    1254,
    1180,
    1209,
    1209,
    1102,
    1068,
    1260,
    1242,
    1229,
    1120,
    1254,
    1163,
    1231,
    1277,
    1306,
    1321,
    1245,
    1035,
    903,
    1229,
    1222,
    1193,
    1275,
    1262,
    1201,
    1192,
    1225,
    948,
    1308,
    1244,
    937,
    1067,
    1247,
    1272,
    1275,
    1337,
    1258,
    1276,
    1241,
    1270,
    1265,
    1236,
    1252,
    1030,
    1092,
    1160,
    1288,
    1262,
    1278,
    1337,
    1306,
    1297,
    1294,
    1297,
    1282,
    1101,
    1036,
    1023,
    1278,
    1239,
    1231,
    1319,
    1292,
    1272,
    1307,
    1158,
    1166,
    1048,
    1276
  ],
  "frame_begin_times": [
    0,
    16567,
    33298,
    49952,
    66642,
    83302,
    99942,
    116634,
    133287,
    149951,
    166624,
    183285,
    199926,
    216614,
    233227,
    249891,
    266621,
    283241,
    1336419,
    1349941,
    1366691,
    1383376,
    1400077,
    1416729,
    1433425,
    1449993,
    1466652,
    1483378,
    1500041,
    1516791,
    1533405,
    1549994,
    1566709,
    1583297,
    1600088,
    1616732,
    1633283,
    1649965,
    1666642,
    1683271,
    1699975,
    1716622,
    1733267,
    1749978,
    1766587,
    1783360,
    1800003,
    1816681,
    1833312,
    1849971,
    1866613,
    1883472,
    1899968,
    1916684,
    1933358,
    1950119,
    1966897,
    1983439,
    2000053,
    2016780,
    2033490,
    2050046,
    2066782,
    2083438,
    2100036,
    2116762,
    2133406,
    2150084,
    2166732,
    2183443,
    2200158,
    2216762,
    2233371,
    2250109,
    2266762,
    2283424,
    2299967,
    2316668,
    2333374,
    2350120,
    2366705,
    2383410,
    2400121,
    2416656,
    2433403,
    2450001,
    2466703,
    2483378,
    2499974,
    2516525,
    2533352,
    2549966,
    2566748,
    2583262,
    2600007,
    2616698,
    2633388,
    2650025,
    2666726,
    2683361,
    2699936,
    2716644,
    2733259,
    2750051,
    2766707,
    2783254,
    2799894,
    2816717,
    2833356,
    2850044,
    2866742,
    2883319,
    2900064,
    2916728,
    2933305,
    2949898,
    2966731,
    2983313,
    2999996,
    3016707,
    3033354,
    3050059,
    3066612,
    3083283,
    3100001,
    3116700,
    3133384,
    3149909,
    3166487,
    3183223,
    3199839,
    3216611,
    3233290,
    3249914,
    3266657,
    3283298,
    3299915,
    3316635,
    3333279,
    3349919,
    3366561,
    3383209,
    3399885,
    3416681,
    3433306,
    3450001,
    3466587,
    3483365,
    3500041,
    3516651,
    3533342,
    3549994,
    3566644,
    3583265,
    3599861,
    3616553,
    3633323,
    3649987,
    3666626,
    3683309,
    3699963,
    3716641,
    3733331,
    3749995,
    3766583,
    3783324,
    3799852,
    3816483,
    3833260,
    3849962,
    3866645,
    3883249,
    3899962,
    3916674,
    3933303,
    3950000,
    3966635,
    3983303,
    3999997,
    4016602,
    4033090,
    4049912,
    4066672,
    4083288,
    4099984,
    4116617,
    4133290,
    4149993,
    4166615,
    4183259,
    4199966,
    4216645,
    4233192,
    4249827,
    4266549,
    4283297,
    4300002,
    4316667,
    4333313,
    4350003,
    4366658,
    4383383,
    4399923,
    4416645,
    4433198,
    4449917
  ],