{
  "average_frame_build_time_millis": 0.8752716049382715,
  "90th_percentile_frame_build_time_millis": 1.837,
  "99th_percentile_frame_build_time_millis": 4.27,
  "worst_frame_build_time_millis": 4.557,
  "missed_frame_build_budget_count": 0,
  "average_frame_rasterizer_time_millis": 0.933302469135803,
  "stddev_frame_rasterizer_time_millis": 0.1039289742417315,
  "90th_percentile_frame_rasterizer_time_millis": 1.136,
  "99th_percentile_frame_rasterizer_time_millis": 1.299,
  "worst_frame_rasterizer_time_millis": 1.368,
  "missed_frame_rasterizer_budget_count": 0,
  "frame_count": 162,
  "frame_rasterizer_count": 162,
  "new_gen_gc_count": 6,
  "old_gen_gc_count": 2,
  "frame_build_times": [
    1600,
    1935,
    1844,
    1602,
    1826,
    1907,
    2001,
    1872,
    1837,
    1702,
    1930,
    1817,
    1845,
    1847,
    1864,
    1307,
    1784,
    1833,
    1912,
    1777,
    1481,
    1808,
    1493,
    1479,
    1480,
    1403,
    1179,
    1372,
    4344,
    171,
    212,
    171,
    201,
    4243,
    847,
    737,
    829,
    741,
    657,
    747,
    603,
    660,
    749,
    818,
    665,
    656,
    649,
    631,
    772,
    1612,
    1010,
    1040,
    186,
    275,
    228,
    224,
    217,
    187,
    266,
    213,
    273,
    224,
    169,
    218,
    183,
    3399,
    900,
    817,
    727,
    788,
    783,
    732,
    755,
    747,
    753,
    751,
    665,
    1326,
    363,
    591,
    705,
    2250,
    922,
    1112,
    1102,
    189,
    260,
    178,
    250,
    209,
    275,
    333,
    201,
    225,
    190,
    191,
    249,
    4557,
    850,
    715,
    710,
    732,
    687,
    748,
    699,
    730,
    665,
    713,
    679,
    651,
    635,
    652,
    621,
    1643,
    806,
    935,
    971,
    184,
    184,
    163,
    192,
    203,
    230,
    232,
    230,
    213,
    211,
    195,
    243,
    4270,
    716,
    736,
    780,
    702,
    730,
    689,
    661,
    677,
    747,
    589,
    715,
    639,
    690,
    776,
    714,
    1660,
    1093,
    992,
    945,
    231,
    315,
    205,
    212,
    242,
    257,
    254,
    225,
    211,
    257,
    205,
    198,
    279
  ],
  "frame_rasterizer_times": [
    1046,
    1174,
    1243,
    1014,
    1217,
    1299,
    1368,
    1260,
    1247,
    1231,
    1301,
    1259,
    1195,
    1158,
    1129,
    765,
    1095,
    1135,
    1181,
    1146,
    947,
    1042,
    1170,
    1119,
    1036,
    1035,
    876,
    1015,
    870,
    880,
    1001,
    908,
    858,
    911,
    786,
    928,
    1001,
    896,
    856,
    955,
    760,
    864,
    922,
    872,
    863,
    843,
    846,
    820,
    897,
    773,
    886,
    884,
    830,
    1022,
    978,
    898,
    775,
    836,
    895,
    939,
    878,
    892,
    865,
    880,
    886,
    811,
    833,
    955,
    905,
    938,
    968,
    868,
    948,
    874,
    878,
    978,
    792,
    460,
    479,
    688,
    809,
    776,
    759,
    1117,
    993,
    932,
    917,
    849,
    878,
    974,
    921,
    1108,
    877,
    876,
    863,
    906,
    984,
    843,
    869,
    892,
    849,
    1016,
    791,
    955,
    898,
    887,
    867,
    866,
    896,
    855,
    930,
    836,
    808,
    855,
    629,
    760,
    868,
    894,
    776,
    861,
    769,
    970,
    928,
    931,
    855,
    905,
    848,
    916,
    891,
    830,
    796,
    1058,
    1033,
    898,
    939,
    877,
    884,
    856,
    943,
    726,
    924,
    862,
    838,
    981,
    969,
    835,
    997,
    892,
    886,
    980,
    1137,
    1045,
    854,
    1024,
    1131,
    1031,
    1001,
    930,
    1080,
    901,
    936,
    1136
  ],
  "frame_begin_times": [
    0,
    16686,
    33374,
    50044,
    66698,
    83378,
    100092,
    116727,
    133407,
    150063,
    166735,
    183378,
    200074,
    216744,
    233417,
    249973,
    266748,
    283444,
    300045,
    316720,
    333302,
    350020,
    366738,
    383443,
    400043,
    416708,
    433332,
    450058,
    466731,
    483343,
    500038,
    516747,
    533362,
    549982,
    566627,
    583371,
    600082,
    616727,
    633418,
    650043,
    666646,
    683368,
    700060,
    716692,
    733374,
    750000,
    766704,
    783401,
    800027,
    816632,
    833359,
    850012,
    866705,
    883384,
    900004,
    916713,
    933371,
    950059,
    966713,
    983426,
    1000039,
    1016682,
    1033387,
    1049901,
    1066525,
    1083185,
    1099937,
    1116575,
    1133238,
    1149911,
    1166592,
    1183233,
    1199935,
    1216555,
    1233264,
    1249882,
    1266503,
    1283083,
    1299789,
    1316583,
    1333210,
    1349829,
    1366509,
    1383293,
    1399937,
    1416588,
    1433232,
    1449902,
    1466531,
    1483223,
    1499941,
    1516616,
    1533227,
    1549895,
    1566579,
    1583248,
    1599914,
    1616516,
    1633218,
    1649911,
    1666540,
    1683231,
    1699901,
    1716541,
    1733233,
    1749890,
    1766545,
    1783205,
    1799908,
    1816581,
    1833211,
    1849893,
    1866523,
    1883138,
    1899842,
    1916527,
    1933248,
    1950310,
    1966565,
    1983251,
    1999915,
    2016579,
    2033241,
    2049905,
    2066522,
    2083198,
    2099862,
    2116561,
    2133197,
    2149830,
    2166499,
    2183263,
    2199948,
    2216533,
    2233259,
    2249901,
    2266567,
    2283178,
    2299809,
    2316483,
    2333178,
    2349898,
    2366550,
    2383243,
    2399889,
    2416473,
    2433225,
    2449893,
    2466575,
    2483279,
    2499954,
    2516563,
    2533190,
    2549930,
    2566595,
    2583203,
    2599906,
    2616541,
    2633251,
    2649868,
    2666486,
    2783026
  ],
  "frame_rasterizer_begin_times": [
    0,
    16864,
    33502,
    50057,
    66781,
    83471,
    100271,
    116846,
    133424,
    149980,
    166846,
    183439,
    200168,
    216791,
    233491,
    249751,
    266778,
    283553,
    300167,
    316797,
    333209,
    350087,
    366488,
    383136,
    399775,
    416414,
    432998,
    449829,
    467703,
    482623,
    499355,
    516032,
    532663,
    552310,
    566029,
    582766,
    599501,
    616108,
    632777,
    649468,
    665968,
    682706,
    699435,
    716048,
    732704,
    749350,
    766054,
    782749,
    799431,
    816685,
    833040,
    849666,
    865998,
    882722,
    899332,
    916042,
    932692,
    949354,
    966049,
    982737,
    999355,
    1015965,
    1032663,
    1049188,
    1065815,
    1084779,
    1099376,
    1115951,
    1132574,
    1149295,
    1165985,
    1182587,
    1199278,
    1215948,
    1232641,
    1249238,
    1265880,
    1283354,
    1299055,
    1315924,
    1332550,
    1350170,
    1366108,
    1383003,
    1399667,
    1415883,
    1432530,
    1449181,
    1465886,
    1482533,
    1499310,
    1515955,
    1532526,
    1549207,
    1565880,
    1582545,
    1599218,
    1618866,
    1632610,
    1649287,
    1665926,
    1682613,
    1699256,
    1715889,
    1732581,
    1749256,
    1765873,
    1782567,
    1799255,
    1815934,
    1832565,
    1849232,
    1865874,
    1883191,
    1899422,
    1916146,
    1932912,
    1949587,
    1965850,
    1982520,
    1999200,
    2015886,
    2032551,
    2049201,
    2065809,
    2082518,
    2099172,
    2115864,
    2132551,
    2151921,
    2165893,
    2182655,
    2199360,
    2215910,
    2232669,
    2249294,
    2265930,
    2282520,
    2299164,
    2315814,
    2332518,
    2349233,
    2365886,
    2382623,
    2399278,
    2416537,
    2432955,
    2449573,
    2466214,
    2482574,
    2499300,
    2515879,
    2532506,
    2549264,
    2565927,
    2582507,
    2599234,
    2615855,
    2632585,
    2649173,
    2665793,
    2782372
  ],
  "average_vsync_transitions_missed": 0.0,
  "90th_percentile_vsync_transitions_missed": 0.0,