{
  "average_frame_build_time_millis": 0.5740772946859903,
  "90th_percentile_frame_build_time_millis": 1.413,
  "99th_percentile_frame_build_time_millis": 3.739,
  "worst_frame_build_time_millis": 4.646,
  "missed_frame_build_budget_count": 0,
  "average_frame_rasterizer_time_millis": 0.848660194174757,
  "stddev_frame_rasterizer_time_millis": 0.06501517579413701,
  "90th_percentile_frame_rasterizer_time_millis": 0.964,
  "99th_percentile_frame_rasterizer_time_millis": 1.1,
  "worst_frame_rasterizer_time_millis": 1.382,
  "missed_frame_rasterizer_budget_count": 0,
  "frame_count": 207,
  "frame_rasterizer_count": 206,
  "new_gen_gc_count": 4,
  "old_gen_gc_count": 0,
  "frame_build_times": [
    1819,
    1711,
    1591,
    1456,
    1702,
    1673,
    1627,
    1371,
    1226,
    1413,
    1345,
    1327,
    1324,
    1351,
    4646,
    143,
    204,
    169,
    300,
    1596,
    1335,
    1500,
    1253,
    1546,
    1229,
    1252,
    1329,
    1226,
    1255,
    1073,
    1445,
    1176,
    1212,
    1226,
    1718,
    197,
    173,
    183,
    155,
    202,
    182,
    129,
    166,
    184,
    183,
    191,
    200,
    162,
    203,
    179,
    187,
    179,
    187,
    179,
    184,
    208,
    190,
    175,
    258,
    165,
    189,
    185,
    171,
    187,
    147,
    191,
    162,
    160,
    173,
    171,
    186,
    183,
    172,
    197,
    171,
    182,
    203,
    2057,
    489,
    159,
    187,
    210,
    192,
    173,
    233,
    157,
    201,
    196,
    154,
    215,
    1340,
    547,
    160,
    172,
    198,
    204,
    149,
    179,
    183,
    166,
    164,
    154,
    217,
    1436,
    554,
    221,
    169,
    197,
    172,
    172,
    178,
    176,
    220,
    194,
    173,
    213,
    1432,
    569,
    174,
    178,
    176,
    152,
    206,
    187,
    181,
    180,
    169,
    209,
    187,
    3752,
    782,
    723,
    679,
    656,
    696,
    716,
    681,
    721,
    732,
    735,
    823,
    712,
    1663,
    656,
    681,
    645,
    666,
    659,
    661,
    170,
    163,
    193,
    169,
    170,
    166,
    1347,
    603,
    185,
    187,
    162,
    199,
    158,
    170,
    195,
    154,
    163,
    262,
    225,
    1648,
    609,
    283,
    206,
    168,
    204,
    166,
    216,
    154,
    214,
    219,
    179,
    186,
    3739,
    933,
    820,
    747,
    769,
    736,
    709,
    675,
    702,
    684,
    667,
    651,
    677,
    1951,
    656,
    653,
    837,
    704,
    712,
    181,
    213,
    159,
    218,
    194,
    188,
    196
  ],
  "frame_rasterizer_times": [
    1100,
    1090,
    875,
    1136,
    1051,
    1038,
    1030,
    1002,
    1008,
    1026,
    1016,
    1019,
    987,
    950,
    813,
    911,
    952,
    1382,
    817,
    1019,
    1007,
    934,
    933,
    964,
    943,
    879,
    890,
    898,
    693,
    887,
    849,
    907,
    879,
    850,
    857,
    822,
    851,
    804,
    805,
    743,
    572,
    810,
    762,
    847,
    806,
    907,
    820,
    838,
    826,
    796,
    833,
    787,
    782,
    826,
    775,
    853,
    798,
    814,
    868,
    841,
    793,
    810,
    827,
    800,
    778,
    674,
    827,
    806,
    791,
    818,
    835,
    777,
    802,
    782,
    812,
    797,
    751,
    666,
    654,
    905,
    883,
    866,
    837,
    795,
    808,
    883,
    865,
    805,
    838,
    803,
    694,
    866,
    834,
    869,
    822,
    786,
    810,
    815,
    839,
    787,
    812,
    785,
    625,
    794,
    899,
    822,
    820,
    848,
    798,
    759,
    855,
    814,
    843,
    790,
    839,
    787,
    889,
    957,
    850,
    853,
    819,
    864,
    914,
    882,
    826,
    816,
    785,
    728,
    689,
    703,
    838,
    815,
    802,
    859,
    795,
    846,
    783,
    829,
    820,
    871,
    856,
    706,
    850,
    894,
    843,
    844,
    805,
    801,
    814,
    795,
    803,
    780,
    685,
    783,
    682,
    842,
    826,
    853,
    780,
    758,
    778,
    775,
    798,
    853,
    732,
    1004,
    934,
    827,
    959,
    972,
    964,
    885,
    885,
    833,
    821,
    816,
    844,
    892,
    831,
    859,
    906,
    968,
    1030,
    898,
    918,
    916,
    875,
    810,
    866,
    712,
    824,
    853,
    819,
    820,
    899,
    872,
    1054,
    920,
    886,
    849,
    903,
    752,
    918,
    867,
    822,
    894
  ],
  "frame_begin_times": [
    0,
    16642,
    33283,
    49910,
    66620,
    83284,
    99945,
    116604,
    133256,
    149951,
    166623,
    183266,
    199953,
    216606,
    233262,
    249875,
    266594,
    283252,
    1319970,
    1333324,
    1349950,
    1366640,
    1383313,
    1400006,
    1416636,
    1433277,
    1449943,
    1466605,
    1483284,
    1499918,
    1516688,
    1533284,
    1549968,
    1566660,
    1583285,
    1599985,
    1616633,
    1633277,
    1649941,
    1666588,
    1683272,
    1699883,
    1716594,
    1733271,
    1749920,
    1766622,
    1783312,
    1799981,
    1816595,
    1833266,
    1849924,
    1866641,
    1883297,
    1899941,
    1916617,
    1933274,
    1950006,
    1966605,
    1983253,
    1999962,
    2016581,
    2033293,
    2049942,
    2066611,
    2083274,
    2099934,
    2116584,
    2133231,
    2149981,
    2166611,
    2183265,
    2199929,
    2216619,
    2233200,
    2249951,
    2266585,
    2283281,
    2299922,
    2316549,
    2333241,
    2349943,
    2366651,
    2383294,
    2399929,
    2416604,
    2433265,
    2449978,
    2466637,
    2483265,
    2499908,
    2516567,
    2533234,
    2549920,
    2566542,
    2583240,
    2599924,
    2616591,
    2633284,
    2649906,
    2666559,
    2683318,
    2699931,
    2716501,
    2733224,
    2749932,
    2766642,
    2783279,
    2799926,
    2816613,
    2833246,
    2849921,
    2866582,
    2883238,
    2899931,
    2916621,
    2933258,
    2949926,
    2966639,
    2983250,
    2999938,
    3016614,
    3033273,
    3049940,
    3066631,
    3083267,
    3099935,
    3116620,
    3133265,
    3149895,
    3166566,
    3183249,
    3200033,
    3216624,
    3233288,
    3249981,
    3266634,
    3283312,
    3300012,
    3316672,
    3333301,
    3350068,
    3366599,
    3383265,
    3400007,
    3416680,
    3433321,
    3450002,
    3466754,
    3483333,
    3500014,
    3516660,
    3533353,
    3550043,
    3566643,
    3583355,
    3599967,
    3616734,
    3633386,
    3650054,
    3666714,
    3683369,
    3700053,
    3716738,
    3733422,
    3750082,
    3766776,
    3783539,
    3800097,
    3816718,
    3833439,
    3850135,
    3866829,
    3883435,
    3900076,
    3916769,
    3933402,
    3950044,
    3966776,
    3983465,
    4000064,
    4016753,
    4033510,
    4050135,
    4066856,
    4083468,
    4100055,
    4116800,
    4133437,
    4150110,
    4166785,
    4183402,
    4200092,
    4216777,
    4233426,
    4250050,
    4266780,
    4283465,
    4300226,
    4316839,
    4333474,
    4350147,
    4366824,
    4383421,
    4400190,
    4416829,
    4433487,
    4450123
  ],