{
  "average_frame_build_time_millis": 0.5763786407766991,
  "90th_percentile_frame_build_time_millis": 1.489,
  "99th_percentile_frame_build_time_millis": 3.656,
  "worst_frame_build_time_millis": 4.883,
  "missed_frame_build_budget_count": 0,
  "average_frame_rasterizer_time_millis": 0.8481658536585368,
  "stddev_frame_rasterizer_time_millis": 0.06868530636525884,
  "90th_percentile_frame_rasterizer_time_millis": 0.969,
  "99th_percentile_frame_rasterizer_time_millis": 1.07,
  "worst_frame_rasterizer_time_millis": 1.403,
  "missed_frame_rasterizer_budget_count": 0,
  "frame_count": 206,
  "frame_rasterizer_count": 205,
  "new_gen_gc_count": 4,
  "old_gen_gc_count": 2,
  "frame_build_times": [
    1760,
    1689,
    1489,
    1764,
    1685,
    1643,
    1611,
    1330,
    1232,
    1324,
    1354,
    1315,
    1226,
    1345,
    4883,
    160,
    170,
    193,
    292,
    1634,
    1265,
    1402,
    1474,
    1576,
    1586,
    1661,
    1505,
    1187,
    1312,
    1341,
    1352,
    1324,
    1217,
    1788,
    193,
    189,
    168,
    182,
    154,
    152,
    182,
    224,
    184,
    189,
    163,
    201,
    188,
    173,
    177,
    170,
    216,
    163,
    189,
    179,
    183,
    189,
    203,
    167,
    185,
    190,
    201,
    181,
    180,
    212,
    184,
    210,
    205,
    164,
    161,
    180,
    160,
    178,
    157,
    185,
    184,
    168,
    1988,
    556,
    191,
    180,
    185,
    193,
    154,
    222,
    170,
    228,
    159,
    181,
    185,
    1182,
    616,
    178,
    203,
    192,
    176,
    184,
    183,
    155,
    178,
    154,
    204,
    128,
    1183,
    280,
    232,
    195,
    225,
    191,
    188,
    228,
    220,
    186,
    191,
    150,
    205,
    1569,
    729,
    187,
    198,
    162,
    197,
    198,
    207,
    163,
    175,
    173,
    178,
    175,
    3749,
    1054,
    834,
    769,
    745,
    737,
    737,
    705,
    685,
    672,
    730,
    638,
    744,
    1927,
    735,
    662,
    627,
    606,
    719,
    201,
    177,
    164,
    170,
    177,
    215,
    174,
    1420,
    584,
    167,
    206,
    189,
    163,
    184,
    164,
    180,
    152,
    208,
    196,
    163,
    1593,
    607,
    205,
    199,
    180,
    177,
    153,
    210,
    186,
    190,
    178,
    161,
    191,
    3656,
    864,
    757,
    726,
    710,
    749,
    693,
    709,
    773,
    811,
    708,
    672,
    728,
    1961,
    666,
    704,
    679,
    654,
    677,
    178,
    192,
    176,
    190,
    175,
    150,
    155
  ],
  "frame_rasterizer_times": [
    1069,
    897,
    1065,
    1059,
    1027,
    1022,
    996,
    969,
    982,
    1064,
    994,
    980,
    998,
    980,
    778,
    941,
    902,
    1403,
    942,
    1029,
    955,
    942,
    1052,
    1070,
    1070,
    969,
    807,
    876,
    888,
    968,
    891,
    849,
    940,
    912,
    852,
    804,
    817,
    814,
    653,
    804,
    845,
    809,
    779,
    764,
    875,
    851,
    810,
    772,
    854,
    855,
    775,
    721,
    864,
    852,
    834,
    817,
    780,
    779,
    830,
    893,
    756,
    786,
    876,
    683,
    804,
    815,
    788,
    750,
    852,
    802,
    773,
    753,
    759,
    814,
    877,
    813,
    735,
    970,
    954,
    821,
    880,
    798,
    854,
    823,
    769,
    797,
    848,
    758,
    662,
    917,
    842,
    937,
    906,
    878,
    828,
    757,
    774,
    820,
    811,
    854,
    545,
    490,
    517,
    829,
    936,
    894,
    861,
    892,
    963,
    890,
    853,
    807,
    809,
    737,
    880,
    1026,
    877,
    839,
    824,
    950,
    899,
    940,
    849,
    827,
    853,
    695,
    850,
    684,
    890,
    824,
    845,
    818,
    864,
    796,
    820,
    797,
    799,
    867,
    686,
    832,
    732,
    978,
    834,
    860,
    829,
    951,
    908,
    849,
    811,
    838,
    873,
    872,
    845,
    769,
    834,
    838,
    829,
    800,
    774,
    789,
    794,
    773,
    667,
    774,
    853,
    739,
    769,
    942,
    873,
    890,
    790,
    786,
    816,
    908,
    842,
    841,
    857,
    858,
    866,
    740,
    752,
    861,
    850,
    875,
    846,
    842,
    798,
    816,
    850,
    808,
    794,
    904,
    746,
    851,
    959,
    838,
    836,
    793,
    832,
    871,
    715,
    871,
    818,
    793,
    827
  ],
  "frame_begin_times": [
    0,
    16652,
    33336,
    50005,
    66681,
    83382,
    100011,
    116656,
    133307,
    150019,
    166638,
    183300,
    200009,
    216684,
    233318,
    249928,
    266645,
    283357,
    1336121,
    1350120,
    1366727,
    1383411,
    1400081,
    1416769,
    1433434,
    1450067,
    1466729,
    1483341,
    1500021,
    1516718,
    1533470,
    1550065,
    1566711,
    1583383,
    1600064,
    1616701,
    1633411,
    1650031,
    1666695,
    1683348,
    1700054,
    1716687,
    1733369,
    1750048,
    1766685,
    1783416,
    1800030,
    1816747,
    1833381,
    1850087,
    1866712,
    1883376,
    1900006,
    1916730,
    1933418,
    1950032,
    1966698,
    1983372,
    1999976,
    2016713,
    2033388,
    2050037,
    2066719,
    2083389,
    2100003,
    2116705,
    2133405,
    2150021,
    2166696,
    2183388,
    2200022,
    2216701,
    2233383,
    2250044,
    2266761,
    2283414,
    2300020,
    2316716,
    2333454,
    2350103,
    2366731,
    2383380,
    2400125,
    2416774,
    2433414,
    2450035,
    2466704,
    2483391,
    2500016,
    2516688,
    2533437,
    2550080,
    2566862,
    2583442,
    2600059,
    2616665,
    2633427,
    2650077,
    2666785,
    2683405,
    2700064,
    2716685,
    2733384,
    2750014,
    2766750,
    2783490,
    2800110,
    2816780,
    2833430,
    2850149,
    2866740,
    2883438,
    2900082,
    2916788,
    2933387,
    2950097,
    2966787,
    2983471,
    3000115,
    3016831,
    3033421,
    3050158,
    3066854,
    3083474,
    3100162,
    3116887,
    3133459,
    3150163,
    3166782,
    3183507,
    3200214,
    3216862,
    3233537,
    3250173,
    3266858,
    3283536,
    3300190,
    3316865,
    3333558,
    3350176,
    3366869,
    3383500,
    3400218,
    3416893,
    3433607,
    3450208,
    3466985,
    3483644,
    3500274,
    3516941,
    3533595,
    3550276,
    3566948,
    3583590,
    3600203,
    3616910,
    3633619,
    3650263,
    3666920,
    3683606,
    3700240,
    3716900,
    3733562,
    3750237,
    3766951,
    3783658,
    3800235,
    3816939,
    3833643,
    3850269,
    3866958,
    3883587,
    3900248,
    3916987,
    3933637,
    3950284,
    3966962,
    3983607,
    4000305,
    4016947,
    4033586,
    4050245,
    4066964,
    4083597,
    4100307,
    4116976,
    4133638,
    4150294,
    4167018,
    4183623,
    4200335,
    4216968,
    4233627,
    4250263,
    4266974,
    4283685,
    4300320,
    4316984,
    4333669,
    4350353,
    4367051,
    4383645,
    4400307,
    4417015,
    4433698,
    4450308
  ],