{
  "average_frame_build_time_millis": 0.8751604938271609,
  "90th_percentile_frame_build_time_millis": 1.822,
  "99th_percentile_frame_build_time_millis": 4.442,
  "worst_frame_build_time_millis": 4.816,
  "missed_frame_build_budget_count": 0,
  "average_frame_rasterizer_time_millis": 0.9322812499999996,
  "stddev_frame_rasterizer_time_millis": 0.09654101562499988,
  "90th_percentile_frame_rasterizer_time_millis": 1.144,
  "99th_percentile_frame_rasterizer_time_millis": 1.213,
  "worst_frame_rasterizer_time_millis": 1.251,
  "missed_frame_rasterizer_budget_count": 0,
  "frame_count": 162,
  "frame_rasterizer_count": 160,
  "new_gen_gc_count": 6,
  "old_gen_gc_count": 2,
  "frame_build_times": [
    1569,
    1788,
    1878,
    1662,
    1946,
    1925,
    1798,
    1822,
    1750,
    1763,
    1784,
    1850,
    1877,
    2037,
    1839,
    1532,
    1841,
    1928,
    1734,
    1499,
    1869,
    1752,
    1439,
    1425,
    1353,
    1533,
    1503,
    1500,
    1435,
    4650,
    210,
    228,
    205,
    3791,
    804,
    737,
    712,
    692,
    707,
    688,
    744,
    647,
    661,
    719,
    685,
    641,
    644,
    685,
    741,
    1812,
    1342,
    1192,
    229,
    263,
    214,
    245,
    223,
    298,
    227,
    209,
    203,
    210,
    251,
    214,
    235,
    3412,
    835,
    759,
    763,
    735,
    674,
    708,
    770,
    806,
    762,
    708,
    774,
    644,
    720,
    741,
    786,
    2470,
    1019,
    1114,
    169,
    239,
    205,
    197,
    221,
    159,
    198,
    232,
    222,
    227,
    164,
    210,
    214,
    4442,
    838,
    732,
    700,
    729,
    582,
    799,
    999,
    677,
    694,
    737,
    717,
    695,
    694,
    711,
    675,
    1575,
    908,
    925,
    259,
    241,
    197,
    227,
    193,
    171,
    231,
    180,
    215,
    202,
    230,
    210,
    194,
    4816,
    555,
    338,
    521,
    807,
    869,
    721,
    680,
    732,
    759,
    717,
    710,
    667,
    716,
    648,
    655,
    1684,
    1030,
    1103,
    224,
    172,
    224,
    174,
    209,
    258,
    221,
    217,
    202,
    224,
    212,
    192,
    254,
    240
  ],
  "frame_rasterizer_times": [
    1168,
    1005,
    1183,
    1196,
    1205,
    1190,
    1197,
    1164,
    1187,
    1172,
    1213,
    1213,
    1182,
    890,
    1051,
    1199,
    1143,
    945,
    1144,
    1088,
    1024,
    1066,
    1016,
    1082,
    1099,
    1251,
    1174,
    1028,
    1122,
    935,
    900,
    865,
    803,
    965,
    914,
    958,
    857,
    899,
    918,
    853,
    883,
    916,
    878,
    847,
    828,
    884,
    996,
    813,
    1113,
    1155,
    984,
    1042,
    913,
    966,
    900,
    1018,
    911,
    853,
    883,
    986,
    976,
    768,
    897,
    794,
    772,
    844,
    915,
    868,
    845,
    926,
    954,
    1012,
    855,
    862,
    902,
    689,
    859,
    874,
    907,
    756,
    795,
    984,
    903,
    994,
    823,
    860,
    863,
    871,
    952,
    943,
    926,
    756,
    705,
    816,
    904,
    829,
    775,
    979,
    920,
    902,
    696,
    892,
    915,
    861,
    911,
    880,
    931,
    851,
    894,
    915,
    846,
    771,
    963,
    797,
    1080,
    991,
    898,
    918,
    903,
    904,
    896,
    775,
    961,
    952,
    872,
    762,
    885,
    865,
    562,
    502,
    657,
    910,
    1125,
    956,
    914,
    936,
    868,
    838,
    934,
    863,
    904,
    852,
    884,
    782,
    907,
    921,
    955,
    890,
    856,
    897,
    801,
    1051,
    869,
    941,
    999,
    960,
    929,
    875,
    953,
    1081
  ],
  "frame_begin_times": [
    0,
    16701,
    33415,
    50041,
    66730,
    83392,
    100052,
    116706,
    133369,
    150048,
    166726,
    183367,
    200078,
    216677,
    233393,
    249999,
    266733,
    283462,
    300061,
    316652,
    333388,
    350071,
    366721,
    383408,
    400081,
    416756,
    433421,
    449988,
    466780,
    483418,
    500135,
    516767,
    533398,
    550023,
    566716,
    583428,
    600084,
    616728,
    633437,
    650119,
    666750,
    683436,
    700072,
    716774,
    733433,
    750089,
    766772,
    783386,
    800083,
    816745,
    833619,
    850211,
    866786,
    883475,
    900102,
    916843,
    933465,
    950066,
    966795,
    983444,
    1000098,
    1016805,
    1033462,
    1050124,
    1066726,
    1083359,
    1100071,
    1116777,
    1133404,
    1150081,
    1166726,
    1183467,
    1200081,
    1216852,
    1233499,
    1250105,
    1266745,
    1283383,
    1300111,
    1316797,
    1333406,
    1350035,
    1366674,
    1383431,
    1400120,
    1416788,
    1433415,
    1450052,
    1466755,
    1483423,
    1500165,
    1516792,
    1533449,
    1550128,
    1566765,
    1583426,
    1600042,
    1616697,
    1633403,
    1650091,
    1666737,
    1683476,
    1700052,
    1716825,
    1733462,
    1750104,
    1766757,
    1783425,
    1800137,
    1816769,
    1833446,
    1850082,
    1866715,
    1883371,
    1900017,
    1916767,
    1933538,
    1950108,
    1966769,
    1983470,
    2000097,
    2016792,
    2033431,
    2050127,
    2066823,
    2083512,
    2100123,
    2116729,
    2133417,
    2150022,
    2166643,
    2183344,
    2200060,
    2216798,
    2233590,
    2250153,
    2266762,
    2283411,
    2300146,
    2316806,
    2333479,
    2350125,
    2366800,
    2383442,
    2400082,
    2416699,
    2433446,
    2450118,
    2466756,
    2483410,
    2500097,
    2516735,
    2533492,
    2550166,
    2566833,
    2583464,
    2600140,
    2616812,
    2633451,
    2650099,
    2666712,
    2783275
  ],
  "frame_rasterizer_begin_times": [
    0,
    16557,
    33313,
    49992,
    66555,
    83249,
    99824,
    116492,
    133246,
    149862,
    166653,
    183276,
    199888,
    216375,
    233279,
    250086,
    266484,
    283031,
    299933,
    316578,
    332873,
    349547,
    366189,
    382970,
    399549,
    416095,
    432890,
    450786,
    465908,
    482546,
    499155,
    518657,
    532582,
    549261,
    565898,
    582530,
    599246,
    615951,
    632587,
    649228,
    665872,
    682626,
    699262,
    715906,
    732574,
    749203,
    765919,
    783351,
    799904,
    816464,
    832546,
    849260,
    865877,
    882650,
    899246,
    915878,
    932538,
    949220,
    965868,
    982563,
    999238,
    1015860,
    1032504,
    1051468,
    1065927,
    1082566,
    1099234,
    1115896,
    1132503,
    1149259,
    1165918,
    1182693,
    1199327,
    1215900,
    1232567,
    1249183,
    1265948,
    1282618,
    1299236,
    1316974,
    1332737,
    1349642,
    1365858,
    1382545,
    1399175,
    1415807,
    1432545,
    1449139,
    1465908,
    1482535,
    1499233,
    1515896,
    1532487,
    1549174,
    1565815,
    1585410,
    1599267,
    1615936,
    1632566,
    1649325,
    1665840,
    1682679,
    1699549,
    1715939,
    1732544,
    1749238,
    1765971,
    1782587,
    1799257,
    1815882,
    1832500,
    1849879,
    1866079,
    1882852,
    1899327,
    1915875,
    1932523,
    1949261,
    1965854,
    1982522,
    1999199,
    2015873,
    2032603,
    2049280,
    2065870,
    2082454,
    2099172,
    2118807,
    2132405,
    2149069,
    2165841,
    2182652,
    2199489,
    2215969,
    2232570,
    2249239,
    2265991,
    2282633,
    2299294,
    2315933,
    2332607,
    2349270,
    2365903,
    2383252,
    2399587,
    2416276,
    2432513,
    2449150,
    2465885,
    2482467,
    2499252,
    2515928,
    2532589,
    2549218,
    2565893,
    2582575,
    2599203,
    2615836,
    2632523,
    2749065
  ],
  "average_vsync_transitions_missed": 0.0,
  "90th_percentile_vsync_transitions_missed": 0.0,
  "99th_percentile_vsync_transitions_missed": 0.0,