{
  "average_frame_build_time_millis": 0.8786196319018407,
  "90th_percentile_frame_build_time_millis": 1.825,
  "99th_percentile_frame_build_time_millis": 4.507,
  "worst_frame_build_time_millis": 4.754,
  "missed_frame_build_budget_count": 0,
  "average_frame_rasterizer_time_millis": 0.9486770186335401,
  "stddev_frame_rasterizer_time_millis": 0.09368897804868634,
  "90th_percentile_frame_rasterizer_time_millis": 1.109,
  "99th_percentile_frame_rasterizer_time_millis": 1.293,
  "worst_frame_rasterizer_time_millis": 1.328,
  "missed_frame_rasterizer_budget_count": 0,
  "frame_count": 163,
  "frame_rasterizer_count": 161,
  "new_gen_gc_count": 4,
  "old_gen_gc_count": 0,
  "frame_build_times": [
    3173,
    1519,
    1764,
    1880,
    1974,
    1879,
    1850,
    1764,
    1643,
    1770,
    1773,
    1768,
    1791,
    2019,
    1797,
    1925,
    1825,
    1829,
    1910,
    1842,
    1751,
    1456,
    1651,
    1479,
    1473,
    1414,
    1402,
    1371,
    1377,
    4668,
    193,
    177,
    209,
    160,
    3810,
    777,
    702,
    754,
    687,
    773,
    770,
    620,
    644,
    635,
    772,
    778,
    775,
    730,
    681,
    748,
    1252,
    1093,
    1080,
    237,
    195,
    189,
    193,
    223,
    206,
    208,
    212,
    219,
    179,
    243,
    207,
    168,
    4136,
    839,
    811,
    794,
    640,
    710,
    739,
    696,
    776,
    891,
    814,
    771,
    749,
    830,
    738,
    765,
    2246,
    876,
    1069,
    170,
    217,
    224,
    222,
    179,
    209,
    197,
    228,
    193,
    200,
    121,
    193,
    199,
    4507,
    896,
    741,
    705,
    741,
    676,
    762,
    640,
    826,
    720,
    772,
    762,
    723,
    691,
    694,
    840,
    1364,
    928,
    1185,
    264,
    207,
    172,
    172,
    195,
    229,
    186,
    199,
    195,
    165,
    245,
    175,
    240,
    4754,
    822,
    792,
    751,
    654,
    637,
    627,
    728,
    739,
    735,
    654,
    647,
    608,
    649,
    612,
    610,
    1822,
    1052,
    925,
    211,
    233,
    214,
    178,
    182,
    236,
    202,
    213,
    139,
    193,
    194,
    213,
    203,
    291
  ],
  "frame_rasterizer_times": [
    1086,
    1181,
    1328,
    1231,
    1184,
    1239,
    962,
    1202,
    1180,
    1270,
    1109,
    1293,
    1170,
    1322,
    1156,
    1083,
    1188,
    1081,
    1022,
    881,
    1064,
    1093,
    1063,
    1090,
    1113,
    1086,
    1058,
    932,
    963,
    907,
    890,
    644,
    746,
    742,
    911,
    1040,
    931,
    1015,
    929,
    726,
    858,
    931,
    1019,
    904,
    927,
    1015,
    989,
    941,
    725,
    981,
    894,
    949,
    887,
    906,
    814,
    994,
    828,
    925,
    876,
    893,
    919,
    934,
    973,
    879,
    859,
    789,
    1040,
    965,
    754,
    845,
    889,
    882,
    939,
    945,
    969,
    915,
    880,
    990,
    874,
    896,
    863,
    713,
    991,
    918,
    1026,
    935,
    895,
    900,
    924,
    1014,
    961,
    873,
    838,
    575,
    906,
    802,
    767,
    845,
    962,
    994,
    964,
    949,
    1091,
    953,
    1029,
    947,
    1005,
    912,
    895,
    907,
    895,
    1120,
    898,
    828,
    1059,
    1057,
    935,
    925,
    769,
    991,
    942,
    852,
    840,
    925,
    901,
    974,
    866,
    952,
    972,
    837,
    969,
    974,
    910,
    845,
    834,
    977,
    897,
    1031,
    931,
    908,
    863,
    887,
    844,
    706,
    869,
    1004,
    894,
    921,
    1070,
    1000,
    887,
    887,
    910,
    841,
    827,
    722,
    907,
    974,
    907,
    913,
    1233
  ],
  "frame_begin_times": [
    0,
    16706,
    33461,
    50125,
    66828,
    83432,
    100113,
    116792,
    133519,
    150111,
    166829,
    183559,
    200159,
    216875,
    233475,
    250156,
    266820,
    283470,
    300124,
    316804,
    333485,
    350102,
    366788,
    383513,
    400117,
    416813,
    433496,
    450134,
    466799,
    483498,
    500155,
    516784,
    533485,
    550045,
    566765,
    583457,
    600123,
    616826,
    633482,
    650109,
    666822,
    683443,
    700475,
    716814,
    733525,
    750139,
    766849,
    783493,
    800168,
    816814,
    833420,
    850150,
    866795,
    883496,
    900157,
    916781,
    933486,
    950138,
    966741,
    983442,
    1000160,
    1016804,
    1033455,
    1050147,
    1066773,
    1083458,
    1100098,
    1116752,
    1133495,
    1150194,
    1166783,
    1183535,
    1200161,
    1216803,
    1233480,
    1250139,
    1266887,
    1283505,
    1300162,
    1316857,
    1333563,
    1350185,
    1366770,
    1383428,
    1400163,
    1416867,
    1433540,
    1450183,
    1466813,
    1483489,
    1500226,
    1516900,
    1533501,
    1550169,
    1566835,
    1583414,
    1600173,
    1616799,
    1633424,
    1650132,
    1666836,
    1683551,
    1700196,
    1716872,
    1733551,
    1750159,
    1766851,
    1783585,
    1800149,
    1816848,
    1833537,
    1850235,
    1866866,
    1883532,
    1900190,
    1916831,
    1933609,
    1950225,
    1966855,
    1983531,
    2000181,
    2016857,
    2033553,
    2050205,
    2066859,
    2083522,
    2100205,
    2116835,
    2133518,
    2150261,
    2166826,
    2183504,
    2200229,
    2216887,
    2233551,
    2250187,
    2266857,
    2283548,
    2300231,
    2316901,
    2333531,
    2350219,
    2366879,
    2383495,
    2400187,
    2416804,
    2433522,
    2450238,
    2466897,
    2483544,
    2500221,
    2516834,
    2533558,
    2550219,
    2566833,
    2583476,
    2600176,
    2616821,
    2633524,
    2650220,
    2666858,
    2683527,
    2800050
  ],
  "frame_rasterizer_begin_times": [
    0,
    16618,
    33464,
    49941,
    66654,
    83269,
    100026,
    116584,
    133291,
    149991,
    166711,
    183478,
    199951,
    216657,
    233307,
    250013,
    266718,
    283306,
    299927,
    316420,
    333215,
    349689,
    366279,
    382954,
    399599,
    416247,
    432894,
    450848,
    465900,
    482511,
    499217,
    515741,
    535323,
    549301,
    565906,
    582631,
    599266,
    615924,
    632640,
    649231,
    666266,
    682600,
    699368,
    715993,
    732723,
    749328,
    765983,
    782644,
    799715,
    816294,
    832944,
    849230,
    865905,
    882525,
    899225,
    915879,
    932454,
    949195,
    965919,
    982566,
    999180,
    1015876,
    1032501,
    1049176,
    1068725,
    1082587,
    1099318,
    1116041,
    1132555,
    1149331,
    1165975,
    1182599,
    1199304,
    1216041,
    1232737,
    1249320,
    1265965,
    1282725,
    1299403,
    1315991,
    1333453,
    1349463,
    1366335,
    1382589,
    1399303,
    1415929,
    1432561,
    1449214,
    1465960,
    1482649,
    1499235,
    1515894,
    1532590,
    1549088,
    1565914,
    1582517,
    1601994,
    1616008,
    1632662,
    1649345,
    1666029,
    1682680,
    1699370,
    1715939,
    1732742,
    1749399,
    1765970,
    1782676,
    1799366,
    1816040,
    1832652,
    1849391,
    1866555,
    1882921,
    1899797,
    1915962,
    1932612,
    1949253,
    1965900,
    1982595,
    1999301,
    2015934,
    2032610,
    2049250,
    2065917,
    2082573,
    2099231,
    2116027,
    2135724,
    2149367,
    2166056,
    2182681,
    2199335,
    2215969,
    2232620,
    2249349,
    2266024,
    2282715,
    2299336,
    2316010,
    2332658,
    2349278,
    2365966,
    2382613,
    2400027,
    2416395,
    2432968,
    2449297,
    2465978,
    2482595,
    2499287,
    2515952,
    2532572,
    2549217,
    2565934,
    2582513,
    2599269,
    2615956,
    2632592,
    2649257,
    2765852
  ],
  "average_vsync_transitions_missed": 0.0,
  "90th_percentile_vsync_transitions_missed": 0.0,