{
  "average_frame_build_time_millis": 0.8928895705521476,
  "90th_percentile_frame_build_time_millis": 1.825,
  "99th_percentile_frame_build_time_millis": 4.307,
  "worst_frame_build_time_millis": 4.991,
  "missed_frame_build_budget_count": 0,
  "average_frame_rasterizer_time_millis": 0.9312298136645959,
  "stddev_frame_rasterizer_time_millis": 0.09868500443655713,
  "90th_percentile_frame_rasterizer_time_millis": 1.121,
  "99th_percentile_frame_rasterizer_time_millis": 1.261,
  "worst_frame_rasterizer_time_millis": 1.34,
  "missed_frame_rasterizer_budget_count": 0,
  "frame_count": 163,
  "frame_rasterizer_count": 161,
  "new_gen_gc_count": 6,
  "old_gen_gc_count": 2,
  "frame_build_times": [
    3206,
    1505,
    1834,
    1786,
    1855,
    1771,
    1720,
    1530,
    1909,
    1762,
    1593,
    1959,
    1734,
    1666,
    1989,
    1867,
    1937,
    1788,
    1825,
    1825,
    1939,
    1831,
    1810,
    1563,
    1503,
    1474,
    1390,
    1504,
    1382,
    4651,
    200,
    188,
    175,
    193,
    4091,
    825,
    730,
    653,
    725,
    738,
    668,
    704,
    658,
    713,
    800,
    738,
    803,
    719,
    755,
    753,
    1581,
    1006,
    1043,
    252,
    176,
    154,
    198,
    165,
    237,
    184,
    232,
    151,
    196,
    195,
    188,
    219,
    3768,
    711,
    747,
    809,
    657,
    777,
    699,
    623,
    613,
    622,
    732,
    855,
    935,
    878,
    875,
    808,
    2315,
    987,
    1220,
    1216,
    203,
    229,
    187,
    211,
    227,
    291,
    213,
    205,
    224,
    188,
    218,
    227,
    4307,
    852,
    731,
    751,
    705,
    681,
    735,
    789,
    653,
    665,
    743,
    797,
    717,
    706,
    602,
    666,
    1638,
    1070,
    1152,
    1010,
    205,
    203,
    197,
    216,
    197,
    208,
    207,
    172,
    244,
    163,
    230,
    196,
    4991,
    518,
    365,
    497,
    665,
    598,
    723,
    626,
    561,
    654,
    718,
    681,
    631,
    583,
    573,
    716,
    1662,
    1067,
    1013,
    1025,
    192,
    221,
    203,
    212,
    226,
    209,
    188,
    240,
    204,
    185,
    184,
    172,
    246
  ],
  "frame_rasterizer_times": [
    1143,
    1098,
    1247,
    1140,
    1136,
    1041,
    1126,
    1192,
    1057,
    1340,
    1205,
    1098,
    1294,
    1261,
    1180,
    1128,
    1095,
    1087,
    1184,
    1095,
    1128,
    1048,
    1083,
    1049,
    1020,
    1061,
    1028,
    972,
    1033,
    906,
    622,
    883,
    880,
    834,
    904,
    874,
    916,
    949,
    886,
    876,
    894,
    855,
    985,
    851,
    1040,
    924,
    923,
    939,
    784,
    879,
    992,
    906,
    864,
    859,
    899,
    711,
    897,
    818,
    805,
    814,
    870,
    870,
    846,
    816,
    729,
    757,
    896,
    988,
    717,
    922,
    896,
    772,
    711,
    807,
    813,
    972,
    1018,
    1121,
    1016,
    983,
    788,
    1196,
    969,
    1005,
    886,
    920,
    837,
    982,
    902,
    996,
    932,
    850,
    945,
    950,
    913,
    892,
    779,
    834,
    904,
    942,
    916,
    902,
    963,
    934,
    866,
    819,
    959,
    998,
    949,
    956,
    853,
    854,
    822,
    837,
    944,
    871,
    847,
    874,
    953,
    883,
    900,
    906,
    932,
    886,
    939,
    780,
    839,
    819,
    846,
    508,
    514,
    659,
    847,
    781,
    1063,
    1094,
    825,
    934,
    979,
    958,
    875,
    821,
    786,
    928,
    841,
    929,
    894,
    1057,
    940,
    947,
    928,
    901,
    873,
    862,
    910,
    827,
    1086,
    888,
    916,
    905,
    1125
  ],
  "frame_begin_times": [
    0,
    16722,
    33432,
    50095,
    66793,
    83396,
    100083,
    116744,
    133410,
    150074,
    166723,
    183318,
    200075,
    216721,
    233442,
    250089,
    266749,
    283407,
    300071,
    316760,
    333421,
    350088,
    366755,
    383449,
    400096,
    416737,
    433398,
    450083,
    466750,
    483389,
    500070,
    516707,
    533358,
    550059,
    566708,
    583347,
    600086,
    616753,
    633371,
    650102,
    666734,
    683369,
    700073,
    716770,
    733389,
    750077,
    766842,
    783422,
    800101,
    816724,
    833350,
    850065,
    866776,
    883424,
    900060,
    916725,
    933403,
    950007,
    966731,
    983412,
    1000056,
    1016745,
    1033407,
    1050039,
    1066741,
    1083371,
    1099997,
    1116713,
    1133384,
    1150085,
    1166708,
    1183379,
    1200065,
    1216644,
    1233350,
    1250055,
    1266708,
    1283434,
    1300104,
    1316681,
    1333308,
    1349956,
    1366576,
    1383259,
    1400024,
    1416674,
    1433297,
    1449938,
    1466586,
    1483289,
    1499963,
    1516616,
    1533280,
    1549921,
    1566634,
    1583304,
    1599924,
    1616607,
    1633206,
    1649881,
    1666620,
    1683283,
    1699922,
    1716585,
    1733349,
    1749920,
    1766628,
    1783239,
    1799920,
    1816638,
    1833244,
    1849915,
    1866594,
    1883175,
    1899882,
    1916598,
    1933301,
    1949915,
    1966637,
    1983325,
    1999925,
    2016573,
    2033289,
    2049899,
    2066639,
    2083238,
    2099897,
    2117133,
    2133239,
    2149902,
    2166502,
    2183123,
    2199831,
    2216555,
    2233305,
    2249914,
    2266646,
    2283200,
    2299901,
    2316598,
    2333298,
    2349923,
    2366606,
    2383232,
    2399917,
    2416521,
    2433157,
    2449886,
    2466551,
    2483238,
    2500029,
    2516575,
    2533217,
    2549889,
    2566608,
    2583250,
    2599915,
    2616585,
    2633222,
    2649886,
    2666597,
    2683181,
    2799721
  ],
  "frame_rasterizer_begin_times": [
    0,
    16669,
    33438,
    49953,
    66639,
    83214,
    100113,
    116649,
    133167,
    149946,
    166578,
    183273,
    200138,
    216740,
    233415,
    250021,
    266723,
    283386,
    300144,
    316720,
    333386,
    349750,
    366392,
    382996,
    399640,
    416375,
    432967,
    450831,
    465917,
    482538,
    499183,
    515898,
    535575,
    549302,
    565993,
    582645,
    599273,
    616018,
    632630,
    649290,
    665972,
    682675,
    699363,
    715997,
    732805,
    749345,
    766013,
    782643,
    799925,
    816287,
    832973,
    849273,
    865895,
    882536,
    899254,
    915807,
    932586,
    949251,
    965900,
    982552,
    999222,
    1015863,
    1032587,
    1049188,
    1068537,
    1082642,
    1099316,
    1116017,
    1132578,
    1149306,
    1165949,
    1182535,
    1199228,
    1215934,
    1232573,
    1249404,
    1266146,
    1282628,
    1299286,
    1315894,
    1333496,
    1349495,
    1366386,
    1382996,
    1399151,
    1415821,
    1432434,
    1449135,
    1465852,
    1482482,
    1499149,
    1515776,
    1532487,
    1549149,
    1565767,
    1582467,
    1601903,
    1615844,
    1632534,
    1649194,
    1665812,
    1682504,
    1699291,
    1715860,
    1732527,
    1749123,
    1765841,
    1782590,
    1799139,
    1815812,
    1832474,
    1849064,
    1866489,
    1882865,
    1899612,
    1916121,
    1932494,
    1949173,
    1965778,
    1982418,
    1999139,
    2015757,
    2032494,
    2049065,
    2065759,
    2082942,
    2099076,
    2115729,
    2135489,
    2148988,
    2165641,
    2182392,
    2199208,
    2215788,
    2232506,
    2249116,
    2265779,
    2282506,
    2299234,
    2315840,
    2332516,
    2349118,
    2365770,
    2382414,
    2399798,
    2416121,
    2432798,
    2449491,
    2465876,
    2482436,
    2499040,
    2515758,
    2532489,
    2549088,
    2565753,
    2582435,
    2599058,
    2615729,
    2632420,
    2649006,
    2765589
  ],
  "average_vsync_transitions_missed": 0.0,
  "90th_percentile_vsync_transitions_missed": 0.0,