{
  "average_frame_build_time_millis": 0.8801234567901234,
  "90th_percentile_frame_build_time_millis": 1.825,
  "99th_percentile_frame_build_time_millis": 4.292,
  "worst_frame_build_time_millis": 4.675,
  "missed_frame_build_budget_count": 0,
  "average_frame_rasterizer_time_millis": 0.9520062111801244,
  "stddev_frame_rasterizer_time_millis": 0.09539840283939671,
  "90th_percentile_frame_rasterizer_time_millis": 1.157,
  "99th_percentile_frame_rasterizer_time_millis": 1.2,
  "worst_frame_rasterizer_time_millis": 1.382,
  "missed_frame_rasterizer_budget_count": 0,
  "frame_count": 162,
  "frame_rasterizer_count": 161,
  "new_gen_gc_count": 4,
  "old_gen_gc_count": 2,
  "frame_build_times": [
    1606,
    1981,
    1832,
    1850,
    1818,
    1832,
    1483,
    1744,
    1546,
    1832,
    1866,
    1784,
    1876,
    1840,
    1806,
    1825,
    1818,
    1789,
    1831,
    1464,
    1749,
    1831,
    1442,
    1489,
    1329,
    1473,
    1574,
    1506,
    1410,
    4675,
    217,
    165,
    215,
    4115,
    760,
    796,
    737,
    744,
    640,
    738,
    697,
    714,
    680,
    712,
    704,
    678,
    691,
    641,
    681,
    1350,
    499,
    830,
    196,
    215,
    225,
    197,
    244,
    195,
    223,
    189,
    210,
    218,
    247,
    193,
    185,
    3815,
    874,
    849,
    717,
    831,
    804,
    741,
    859,
    725,
    737,
    772,
    725,
    686,
    732,
    690,
    725,
    2319,
    1139,
    1123,
    1303,
    223,
    184,
    320,
    227,
    265,
    232,
    251,
    249,
    239,
    245,
    251,
    233,
    4298,
    808,
    814,
    740,
    696,
    788,
    688,
    685,
    662,
    612,
    860,
    669,
    621,
    674,
    642,
    596,
    1474,
    925,
    1111,
    995,
    209,
    170,
    169,
    185,
    209,
    190,
    171,
    172,
    181,
    196,
    188,
    226,
    4292,
    828,
    663,
    763,
    705,
    749,
    647,
    657,
    636,
    701,
    709,
    670,
    641,
    579,
    675,
    747,
    1623,
    1028,
    1093,
    1062,
    238,
    192,
    271,
    173,
    182,
    166,
    220,
    188,
    205,
    222,
    209,
    244,
    251
  ],
  "frame_rasterizer_times": [
    1187,
    1198,
    1197,
    1193,
    1157,
    946,
    1206,
    994,
    1382,
    1175,
    1181,
    1146,
    1176,
    1200,
    1066,
    1179,
    1108,
    1114,
    870,
    1024,
    1166,
    1160,
    1169,
    1031,
    1104,
    1096,
    1022,
    1012,
    974,
    961,
    1005,
    890,
    877,
    772,
    1009,
    961,
    935,
    802,
    916,
    921,
    895,
    916,
    898,
    918,
    890,
    866,
    869,
    865,
    845,
    513,
    723,
    1002,
    939,
    954,
    865,
    1086,
    908,
    901,
    796,
    1007,
    963,
    946,
    969,
    970,
    860,
    773,
    988,
    780,
    951,
    979,
    950,
    933,
    907,
    886,
    892,
    893,
    875,
    940,
    859,
    875,
    810,
    1078,
    1028,
    986,
    983,
    927,
    1041,
    1031,
    1033,
    1022,
    1084,
    1034,
    952,
    1175,
    1030,
    991,
    878,
    846,
    1045,
    927,
    945,
    932,
    964,
    887,
    870,
    750,
    883,
    870,
    855,
    875,
    874,
    764,
    785,
    744,
    1011,
    942,
    935,
    651,
    885,
    943,
    955,
    766,
    949,
    731,
    804,
    953,
    821,
    944,
    806,
    782,
    773,
    1006,
    929,
    903,
    908,
    903,
    877,
    895,
    890,
    882,
    843,
    869,
    777,
    990,
    852,
    1046,
    1022,
    949,
    1014,
    915,
    1032,
    903,
    952,
    858,
    1014,
    911,
    1001,
    1052,
    927,
    1086,
    1190
  ],
  "frame_begin_times": [
    0,
    16759,
    33399,
    50099,
    66721,
    83382,
    99994,
    116761,
    133333,
    150146,
    166736,
    183391,
    200054,
    216760,
    233387,
    250062,
    266699,
    283391,
    300064,
    316671,
    333403,
    350074,
    366750,
    383376,
    400047,
    416684,
    433434,
    450050,
    466706,
    483404,
    500029,
    516648,
    533364,
    549957,
    566626,
    583379,
    600064,
    616682,
    633356,
    650005,
    666701,
    683352,
    700052,
    716661,
    733348,
    750017,
    766681,
    783335,
    800020,
    816656,
    833260,
    850012,
    866805,
    883393,
    900030,
    916677,
    933456,
    950023,
    966695,
    983374,
    1000104,
    1016693,
    1033376,
    1050019,
    1066664,
    1083291,
    1099954,
    1116710,
    1133304,
    1150016,
    1166691,
    1183364,
    1200013,
    1216708,
    1233347,
    1249996,
    1266650,
    1283319,
    1299976,
    1316670,
    1333286,
    1349955,
    1366673,
    1383405,
    1400062,
    1416679,
    1433350,
    1449976,
    1466714,
    1483470,
    1500068,
    1516749,
    1533418,
    1550006,
    1566707,
    1583402,
    1599989,
    1616642,
    1633288,
    1650019,
    1666645,
    1683294,
    1700057,
    1716641,
    1733316,
    1749992,
    1766614,
    1783320,
    1799965,
    1816610,
    1833305,
    1849952,
    1866598,
    1883213,
    1899921,
    1916650,
    1933320,
    1949957,
    1966542,
    1983263,
    1999949,
    2016687,
    2033312,
    2050005,
    2066612,
    2083250,
    2100001,
    2116641,
    2133258,
    2149900,
    2166549,
    2183242,
    2199954,
    2216591,
    2233266,
    2249912,
    2266634,
    2283259,
    2299963,
    2316578,
    2333216,
    2349923,
    2366622,
    2383147,
    2399910,
    2416563,
    2433273,
    2449953,
    2466576,
    2483243,
    2499902,
    2516601,
    2533238,
    2549937,
    2566563,
    2583229,
    2599910,
    2616637,
    2633285,
    2649925,
    2666547,
    2783063
  ],
  "frame_rasterizer_begin_times": [
    0,
    16536,
    33234,
    49855,
    66499,
    82957,
    99797,
    116331,
    133232,
    149869,
    166496,
    183238,
    199896,
    216511,
    233175,
    249857,
    266532,
    283215,
    299650,
    316481,
    333242,
    349477,
    366128,
    382779,
    399479,
    416264,
    432886,
    449470,
    467456,
    482418,
    498985,
    515746,
    535338,
    549072,
    565818,
    582495,
    599101,
    615772,
    632434,
    649156,
    665816,
    682492,
    699074,
    715755,
    732448,
    749112,
    765731,
    782420,
    799632,
    815759,
    832674,
    849174,
    865775,
    882393,
    899044,
    915875,
    932388,
    949065,
    965708,
    982469,
    999047,
    1015743,
    1032385,
    1049018,
    1068384,
    1082432,
    1099166,
    1115710,
    1132465,
    1149131,
    1165782,
    1182438,
    1199132,
    1215754,
    1232442,
    1249062,
    1265709,
    1282375,
    1299083,
    1315709,
    1333331,
    1349466,
    1366224,
    1382934,
    1399073,
    1415706,
    1432383,
    1449110,
    1465874,
    1482463,
    1499136,
    1515810,
    1532411,
    1549131,
    1565816,
    1582358,
    1601865,
    1615751,
    1632467,
    1649088,
    1665718,
    1682530,
    1699044,
    1715726,
    1732386,
    1749027,
    1765746,
    1782385,
    1799016,
    1815737,
    1832383,
    1849001,
    1866237,
    1882633,
    1899454,
    1916053,
    1932300,
    1948883,
    1965606,
    1982303,
    1999070,
    2015651,
    2032343,
    2048958,
    2065580,
    2082368,
    2098986,
    2115629,
    2135068,
    2148996,
    2165660,
    2182406,
    2199016,
    2215696,
    2232312,
    2249030,
    2265653,
    2282377,
    2298982,
    2315618,
    2332329,
    2349022,
    2365545,
    2382394,
    2399667,
    2416022,
    2432757,
    2449345,
    2465612,
    2482260,
    2498991,
    2515586,
    2532275,
    2548902,
    2565596,
    2582265,
    2599010,
    2615674,
    2632306,
    2648897,
    2765477
  ],
  "average_vsync_transitions_missed": 0.0,
  "90th_percentile_vsync_transitions_missed": 0.0,