{
  "average_frame_build_time_millis": 0.8437407407407405,
  "90th_percentile_frame_build_time_millis": 1.768,
  "99th_percentile_frame_build_time_millis": 4.27,
  "worst_frame_build_time_millis": 4.413,
  "missed_frame_build_budget_count": 0,
  "average_frame_rasterizer_time_millis": 0.927141975308642,
  "stddev_frame_rasterizer_time_millis": 0.09289666209419294,
  "90th_percentile_frame_rasterizer_time_millis": 1.122,
  "99th_percentile_frame_rasterizer_time_millis": 1.242,
  "worst_frame_rasterizer_time_millis": 1.277,
  "missed_frame_rasterizer_budget_count": 0,
  "frame_count": 162,
  "frame_rasterizer_count": 162,
  "new_gen_gc_count": 6,
  "old_gen_gc_count": 2,
  "frame_build_times": [
    1706,
    1529,
    1819,
    1755,
    1866,
    1763,
    1831,
    1768,
    1777,
    1822,
    1791,
    1767,
    1725,
    1770,
    1908,
    1516,
    1701,
    1637,
    1832,
    1593,
    1799,
    1489,
    1481,
    1414,
    1531,
    1442,
    1163,
    1457,
    4270,
    187,
    204,
    191,
    217,
    3705,
    805,
    744,
    694,
    684,
    606,
    742,
    713,
    707,
    694,
    615,
    674,
    682,
    673,
    674,
    704,
    1616,
    1021,
    968,
    250,
    254,
    252,
    175,
    206,
    175,
    239,
    182,
    190,
    183,
    202,
    238,
    182,
    3580,
    1019,
    780,
    725,
    778,
    795,
    710,
    705,
    656,
    750,
    764,
    627,
    638,
    786,
    692,
    686,
    2615,
    1040,
    1114,
    255,
    233,
    231,
    179,
    180,
    237,
    215,
    214,
    216,
    181,
    201,
    239,
    183,
    4413,
    756,
    732,
    739,
    735,
    736,
    604,
    786,
    680,
    675,
    658,
    778,
    681,
    683,
    685,
    660,
    1443,
    862,
    958,
    237,
    200,
    188,
    212,
    192,
    262,
    222,
    227,
    206,
    197,
    213,
    225,
    200,
    4302,
    693,
    364,
    594,
    740,
    758,
    742,
    707,
    736,
    775,
    668,
    657,
    681,
    681,
    578,
    704,
    1737,
    1194,
    1052,
    206,
    230,
    191,
    149,
    218,
    176,
    207,
    168,
    235,
    220,
    203,
    206,
    221,
    254
  ],
  "frame_rasterizer_times": [
    1020,
    983,
    1156,
    1115,
    1213,
    1172,
    1199,
    1182,
    1088,
    1239,
    1237,
    1179,
    1153,
    1277,
    1262,
    948,
    1055,
    1122,
    1242,
    1183,
    1146,
    999,
    1075,
    1122,
    1051,
    1048,
    866,
    1086,
    910,
    1038,
    982,
    909,
    899,
    797,
    781,
    941,
    886,
    914,
    710,
    952,
    901,
    886,
    912,
    851,
    867,
    831,
    922,
    849,
    875,
    820,
    911,
    795,
    1027,
    931,
    954,
    844,
    889,
    791,
    914,
    894,
    880,
    875,
    822,
    988,
    833,
    765,
    802,
    881,
    835,
    877,
    837,
    899,
    852,
    840,
    853,
    947,
    712,
    743,
    923,
    859,
    805,
    881,
    979,
    962,
    1010,
    983,
    923,
    922,
    805,
    973,
    972,
    882,
    857,
    903,
    948,
    950,
    817,
    767,
    730,
    883,
    943,
    910,
    936,
    885,
    936,
    849,
    936,
    881,
    925,
    949,
    898,
    879,
    856,
    708,
    728,
    973,
    1064,
    879,
    744,
    901,
    943,
    904,
    945,
    993,
    876,
    783,
    918,
    913,
    880,
    776,
    891,
    508,
    812,
    937,
    1054,
    963,
    970,
    921,
    964,
    878,
    832,
    860,
    850,
    850,
    1018,
    897,
    1003,
    1020,
    904,
    990,
    691,
    738,
    869,
    966,
    822,
    846,
    984,
    877,
    901,
    919,
    835,
    1140
  ],
  "frame_begin_times": [
    0,
    16631,
    33384,
    50034,
    66707,
    83393,
    100059,
    116730,
    133370,
    150038,
    166815,
    183364,
    200056,
    216711,
    233444,
    250012,
    266736,
    283389,
    300012,
    316763,
    333447,
    350045,
    366788,
    383414,
    400092,
    416708,
    433362,
    450075,
    466770,
    483449,
    500088,
    516733,
    533393,
    550029,
    566715,
    583426,
    600098,
    616742,
    633362,
    650073,
    666756,
    683454,
    700064,
    716799,
    733447,
    750109,
    766749,
    783439,
    800204,
    816728,
    833464,
    850114,
    866821,
    883496,
    900128,
    916801,
    933475,
    950087,
    966837,
    983508,
    1000141,
    1016823,
    1033488,
    1050082,
    1066767,
    1083440,
    1100149,
    1116832,
    1133451,
    1150236,
    1166847,
    1183468,
    1200170,
    1216846,
    1233481,
    1250198,
    1266782,
    1283468,
    1300221,
    1316822,
    1333498,
    1350166,
    1366832,
    1383548,
    1400259,
    1416889,
    1433544,
    1450202,
    1466895,
    1483576,
    1500263,
    1516893,
    1533520,
    1550175,
    1566901,
    1583530,
    1600164,
    1616828,
    1633503,
    1650234,
    1666909,
    1683558,
    1700275,
    1716944,
    1733571,
    1750236,
    1766878,
    1783543,
    1800318,
    1816916,
    1833581,
    1850252,
    1866905,
    1883516,
    1900207,
    1916980,
    1933617,
    1950273,
    1966959,
    1983610,
    2000322,
    2016943,
    2033677,
    2050376,
    2067019,
    2083577,
    2100270,
    2116997,
    2133567,
    2150226,
    2166925,
    2183542,
    2200293,
    2217017,
    2233658,
    2250345,
    2266986,
    2283631,
    2300289,
    2316950,
    2333609,
    2350329,
    2366962,
    2383676,
    2400418,
    2416961,
    2433718,
    2450369,
    2467071,
    2483654,
    2500256,
    2516950,
    2533663,
    2550366,
    2566994,
    2583657,
    2600304,
    2617053,
    2633711,
    2650344,
    2667040,
    2783532
  ],
  "frame_rasterizer_begin_times": [
    0,
    16625,
    33464,
    50069,
    66857,
    83426,
    100168,
    116778,
    133439,
    150149,
    166863,
    183415,
    200087,
    216636,
    233585,
    249913,
    266773,
    283330,
    300054,
    316644,
    333490,
    350015,
    366557,
    383130,
    399848,
    416425,
    433014,
    449831,
    467577,
    482772,
    499426,
    516047,
    532740,
    552163,
    566162,
    582844,
    599481,
    616139,
    632734,
    649472,
    666128,
    682844,
    699431,
    716169,
    732824,
    749477,
    766127,
    782827,
    799626,
    816754,
    833185,
    849804,
    866168,
    882876,
    899491,
    916108,
    932811,
    949395,
    966174,
    982826,
    999443,
    1016121,
    1032803,
    1049409,
    1066081,
    1085317,
    1099572,
    1116211,
    1132828,
    1149636,
    1166277,
    1182836,
    1199535,
    1216246,
    1232873,
    1249561,
    1266133,
    1282834,
    1299646,
    1316198,
    1332849,
    1350744,
    1366544,
    1383255,
    1399610,
    1416229,
    1432874,
    1449513,
    1466210,
    1482907,
    1499590,
    1516232,
    1532870,
    1549490,
    1566242,
    1582869,
    1599483,
    1619118,
    1632908,
    1649623,
    1666326,
    1682961,
    1699662,
    1716302,
    1732997,
    1749616,
    1766238,
    1782909,
    1799745,
    1816314,
    1832977,
    1849646,
    1866304,
    1883502,
    1899848,
    1916700,
    1932962,
    1949602,
    1966282,
    1982936,
    1999649,
    2016258,
    2033021,
    2049729,
    2066359,
    2082903,
    2099588,
    2116320,
    2132899,
    2152341,
    2166346,
    2182825,
    2199679,
    2216453,
    2233089,
    2249782,
    2266358,
    2283011,
    2299690,
    2316332,
    2332995,
    2349708,
    2366330,
    2383027,
    2399826,
    2417132,
    2433544,
    2450114,
    2466379,
    2482990,
    2499547,
    2516241,
    2533016,
    2549675,
    2566293,
    2582960,
    2599661,
    2616380,
    2633046,
    2649668,
    2666379,
    2782904
  ],
  "average_vsync_transitions_missed": 0.0,
  "90th_percentile_vsync_transitions_missed": 0.0,