{
  "average_frame_build_time_millis": 0.5722524271844663,
  "90th_percentile_frame_build_time_millis": 1.464,
  "99th_percentile_frame_build_time_millis": 3.503,
  "worst_frame_build_time_millis": 5.135,
  "missed_frame_build_budget_count": 0,
  "average_frame_rasterizer_time_millis": 0.8245902439024393,
  "stddev_frame_rasterizer_time_millis": 0.06454419988102324,
  "90th_percentile_frame_rasterizer_time_millis": 0.925,
  "99th_percentile_frame_rasterizer_time_millis": 1.113,
  "worst_frame_rasterizer_time_millis": 1.33,
  "missed_frame_rasterizer_budget_count": 0,
  "frame_count": 206,
  "frame_rasterizer_count": 205,
  "new_gen_gc_count": 6,
  "old_gen_gc_count": 0,
  "frame_build_times": [
    1818,
    1677,
    1678,
    1638,
    1790,
    1710,
    1621,
    1464,
    922,
    1018,
    1162,
    1394,
    1501,
    1535,
    5135,
    221,
    197,
    189,
    289,
    1583,
    1132,
    1515,
    1344,
    1403,
    1220,
    1228,
    1363,
    1218,
    1196,
    1333,
    1149,
    1191,
    1220,
    1046,
    1749,
    178,
    187,
    168,
    168,
    170,
    173,
    258,
    153,
    186,
    190,
    142,
    175,
    187,
    158,
    172,
    147,
    196,
    157,
    151,
    165,
    147,
    229,
    143,
    138,
    185,
    166,
    185,
    172,
    217,
    179,
    151,
    195,
    189,
    143,
    176,
    105,
    187,
    148,
    156,
    178,
    191,
    1968,
    599,
    171,
    146,
    199,
    176,
    187,
    129,
    200,
    173,
    169,
    176,
    151,
    1441,
    610,
    151,
    173,
    182,
    170,
    176,
    186,
    192,
    187,
    172,
    181,
    206,
    1583,
    580,
    191,
    187,
    323,
    201,
    253,
    226,
    191,
    176,
    175,
    210,
    182,
    1320,
    631,
    174,
    169,
    176,
    198,
    214,
    171,
    165,
    163,
    178,
    165,
    171,
    4131,
    798,
    805,
    718,
    781,
    690,
    703,
    673,
    680,
    845,
    717,
    663,
    691,
    1952,
    619,
    613,
    628,
    577,
    651,
    694,
    177,
    197,
    184,
    192,
    153,
    192,
    1330,
    546,
    179,
    193,
    204,
    154,
    168,
    167,
    179,
    141,
    164,
    156,
    166,
    1543,
    616,
    153,
    165,
    149,
    197,
    166,
    144,
    160,
    185,
    199,
    151,
    150,
    3503,
    787,
    687,
    693,
    723,
    757,
    698,
    671,
    682,
    646,
    630,
    721,
    784,
    1940,
    563,
    652,
    601,
    630,
    572,
    676,
    184,
    165,
    172,
    160,
    191,
    193
  ],
  "frame_rasterizer_times": [
    1078,
    1076,
    1044,
    1114,
    1053,
    1078,
    1075,
    718,
    822,
    914,
    1068,
    1093,
    1113,
    1019,
    1040,
    1001,
    922,
    1330,
    849,
    766,
    918,
    890,
    948,
    902,
    925,
    889,
    879,
    836,
    833,
    822,
    800,
    842,
    693,
    826,
    821,
    770,
    796,
    767,
    806,
    812,
    815,
    743,
    734,
    892,
    650,
    833,
    784,
    795,
    800,
    775,
    833,
    793,
    798,
    784,
    771,
    805,
    775,
    632,
    799,
    782,
    831,
    759,
    864,
    779,
    755,
    909,
    804,
    791,
    771,
    566,
    809,
    764,
    758,
    841,
    834,
    789,
    828,
    895,
    834,
    864,
    817,
    807,
    648,
    793,
    836,
    758,
    801,
    798,
    717,
    809,
    780,
    744,
    865,
    873,
    713,
    810,
    751,
    775,
    821,
    792,
    732,
    720,
    809,
    904,
    844,
    1016,
    862,
    929,
    891,
    841,
    852,
    823,
    802,
    792,
    809,
    945,
    873,
    861,
    832,
    938,
    885,
    820,
    840,
    829,
    847,
    775,
    774,
    756,
    707,
    848,
    800,
    794,
    757,
    773,
    794,
    750,
    975,
    834,
    791,
    773,
    723,
    826,
    788,
    820,
    672,
    811,
    770,
    796,
    873,
    769,
    855,
    769,
    847,
    681,
    756,
    860,
    810,
    747,
    764,
    821,
    752,
    741,
    745,
    741,
    766,
    759,
    740,
    827,
    830,
    734,
    812,
    811,
    790,
    765,
    790,
    875,
    887,
    811,
    815,
    707,
    716,
    771,
    859,
    831,
    898,
    843,
    802,
    776,
    796,
    779,
    792,
    827,
    725,
    710,
    806,
    768,
    809,
    766,
    758,
    879,
    853,
    808,
    818,
    880,
    824
  ],
  "frame_begin_times": [
    0,
    16644,
    33297,
    49950,
    66650,
    83322,
    99965,
    116692,
    133235,
    149886,
    166563,
    183296,
    199972,
    216687,
    233308,
    249947,
    266604,
    283281,
    1336736,
    1349970,
    1366582,
    1383321,
    1399946,
    1416586,
    1433287,
    1449933,
    1466635,
    1483269,
    1499939,
    1516573,
    1533286,
    1549943,
    1566635,
    1583231,
    1599915,
    1616592,
    1633146,
    1649785,
    1666450,
    1683091,
    1699791,
    1716487,
    1733090,
    1749760,
    1766498,
    1783064,
    1799760,
    1816444,
    1833087,
    1849751,
    1866437,
    1883108,
    1899740,
    1916424,
    1933018,
    1949731,
    1966396,
    1983060,
    1999686,
    2016403,
    2033059,
    2049732,
    2066420,
    2083066,
    2099733,
    2116387,
    2133067,
    2149699,
    2166367,
    2183071,
    2199674,
    2216406,
    2233085,
    2249755,
    2266475,
    2283140,
    2299708,
    2316422,
    2333089,
    2349736,
    2366435,
    2383073,
    2399732,
    2416393,
    2433098,
    2449754,
    2466444,
    2483098,
    2499733,
    2516366,
    2533071,
    2549737,
    2566480,
    2583116,
    2599830,
    2616418,
    2633101,
    2649832,
    2666444,
    2683089,
    2699827,
    2716413,
    2733065,
    2749779,
    2766476,
    2783132,
    2799834,
    2816498,
    2833149,
    2849813,
    2866381,
    2883129,
    2899769,
    2916456,
    2933087,
    2949738,
    2966449,
    2983095,
    2999752,
    3016423,
    3033111,
    3049751,
    3066454,
    3083059,
    3099760,
    3116429,
    3133145,
    3149728,
    3166391,
    3183103,
    3199781,
    3216455,
    3233102,
    3249742,
    3266458,
    3283111,
    3299751,
    3316541,
    3333110,
    3349788,
    3366462,
    3383032,
    3399763,
    3416426,
    3433090,
    3449734,
    3466458,
    3483081,
    3499770,
    3516487,
    3533091,
    3549758,
    3566428,
    3583055,
    3599705,
    3616393,
    3633082,
    3649738,
    3666438,
    3683063,
    3699719,
    3716415,
    3733072,
    3749717,
    3766423,
    3783102,
    3799699,
    3816355,
    3833086,
    3849780,
    3866432,
    3883100,
    3899739,
    3916403,
    3933067,
    3949725,
    3966405,
    3983106,
    3999746,
    4016377,
    4033051,
    4049727,
    4066375,
    4083065,
    4099762,
    4116416,
    4133077,
    4149740,
    4166384,
    4183057,
    4199739,
    4216319,
    4232967,
    4249637,
    4266362,
    4283093,
    4299768,
    4316380,
    4333042,
    4349805,
    4366461,
    4383106,
    4399752,
    4416363,
    4433044,
    4449623
  ],