{
  "average_frame_build_time_millis": 0.8593271604938264,
  "90th_percentile_frame_build_time_millis": 1.833,
  "99th_percentile_frame_build_time_millis": 4.38,
  "worst_frame_build_time_millis": 4.656,
  "missed_frame_build_budget_count": 0,
  "average_frame_rasterizer_time_millis": 0.9304197530864198,
  "stddev_frame_rasterizer_time_millis": 0.09185550983081847,
  "90th_percentile_frame_rasterizer_time_millis": 1.088,
  "99th_percentile_frame_rasterizer_time_millis": 1.351,
  "worst_frame_rasterizer_time_millis": 1.403,
  "missed_frame_rasterizer_budget_count": 0,
  "frame_count": 162,
  "frame_rasterizer_count": 162,
  "new_gen_gc_count": 4,
  "old_gen_gc_count": 0,
  "frame_build_times": [
    1696,
    1937,
    1942,
    2164,
    1994,
    1920,
    1812,
    2045,
    1852,
    1797,
    1344,
    1465,
    1729,
    1964,
    1895,
    1807,
    1781,
    1793,
    1767,
    1729,
    1910,
    1833,
    1325,
    1521,
    1358,
    1349,
    1462,
    1400,
    4656,
    158,
    178,
    172,
    180,
    4504,
    891,
    659,
    708,
    656,
    726,
    715,
    720,
    757,
    681,
    671,
    662,
    688,
    647,
    627,
    687,
    1327,
    812,
    955,
    191,
    210,
    173,
    246,
    335,
    241,
    216,
    182,
    231,
    220,
    186,
    192,
    225,
    4066,
    828,
    795,
    751,
    763,
    798,
    699,
    722,
    693,
    717,
    726,
    731,
    783,
    700,
    736,
    699,
    2280,
    920,
    1361,
    224,
    214,
    191,
    217,
    164,
    170,
    199,
    225,
    205,
    184,
    158,
    213,
    168,
    4105,
    951,
    736,
    742,
    737,
    679,
    732,
    741,
    792,
    674,
    625,
    745,
    672,
    713,
    720,
    665,
    1244,
    823,
    1093,
    192,
    190,
    181,
    210,
    164,
    199,
    186,
    214,
    175,
    189,
    229,
    201,
    221,
    4380,
    766,
    703,
    722,
    801,
    815,
    694,
    680,
    716,
    664,
    688,
    687,
    687,
    655,
    640,
    689,
    1610,
    1022,
    894,
    263,
    182,
    190,
    156,
    237,
    218,
    189,
    202,
    159,
    188,
    184,
    171,
    207,
    236
  ],
  "frame_rasterizer_times": [
    1024,
    1259,
    1352,
    1403,
    1230,
    1205,
    1251,
    1351,
    1254,
    1179,
    818,
    889,
    1069,
    1148,
    1253,
    1108,
    1097,
    1149,
    1070,
    1048,
    1095,
    1083,
    1058,
    1066,
    990,
    1012,
    1031,
    1049,
    931,
    910,
    906,
    968,
    663,
    936,
    974,
    804,
    907,
    923,
    946,
    920,
    940,
    881,
    953,
    925,
    897,
    862,
    858,
    795,
    865,
    745,
    718,
    891,
    944,
    909,
    890,
    958,
    1081,
    988,
    960,
    847,
    952,
    928,
    742,
    868,
    928,
    827,
    798,
    946,
    843,
    898,
    951,
    841,
    909,
    945,
    863,
    869,
    834,
    897,
    861,
    916,
    861,
    751,
    784,
    1067,
    1016,
    975,
    851,
    820,
    812,
    920,
    851,
    880,
    940,
    861,
    927,
    729,
    816,
    884,
    840,
    900,
    927,
    922,
    848,
    870,
    1030,
    1003,
    947,
    872,
    948,
    758,
    939,
    948,
    851,
    706,
    702,
    1100,
    892,
    867,
    1022,
    871,
    810,
    818,
    782,
    859,
    935,
    890,
    941,
    953,
    978,
    867,
    801,
    893,
    921,
    952,
    1023,
    921,
    888,
    930,
    873,
    980,
    872,
    949,
    859,
    843,
    895,
    798,
    881,
    749,
    906,
    854,
    862,
    835,
    972,
    928,
    826,
    851,
    853,
    936,
    774,
    823,
    999,
    1088
  ],
  "frame_begin_times": [
    0,
    16728,
    33433,
    50095,
    66719,
    83377,
    100082,
    116813,
    133393,
    150041,
    166644,
    183304,
    200045,
    216768,
    233486,
    250075,
    266717,
    283417,
    300056,
    316749,
    333396,
    350066,
    366730,
    383388,
    400039,
    416731,
    433343,
    450043,
    466713,
    483375,
    500057,
    516730,
    533430,
    550087,
    566762,
    583376,
    600082,
    616753,
    633477,
    650093,
    666776,
    683404,
    700091,
    716767,
    733465,
    750150,
    766755,
    783399,
    800075,
    816680,
    833359,
    850071,
    866762,
    883474,
    900103,
    916775,
    933492,
    950164,
    966794,
    983443,
    1000107,
    1016757,
    1033436,
    1050105,
    1066753,
    1083401,
    1100056,
    1116773,
    1133448,
    1150178,
    1166702,
    1183412,
    1200097,
    1216794,
    1233431,
    1250140,
    1266832,
    1283443,
    1300119,
    1316789,
    1333398,
    1350029,
    1366732,
    1383535,
    1400098,
    1416780,
    1433425,
    1450071,
    1466763,
    1483408,
    1500086,
    1516738,
    1533479,
    1550128,
    1566767,
    1583404,
    1600073,
    1616710,
    1633378,
    1650135,
    1667179,
    1683431,
    1700108,
    1716808,
    1733496,
    1750177,
    1766799,
    1783479,
    1800118,
    1816761,
    1833502,
    1850110,
    1866746,
    1883373,
    1900042,
    1916793,
    1933504,
    1950129,
    1966812,
    1983437,
    2000085,
    2016760,
    2033442,
    2050124,
    2066822,
    2083447,
    2100053,
    2116814,
    2133528,
    2150098,
    2166745,
    2183463,
    2200137,
    2216965,
    2233540,
    2250164,
    2266795,
    2283576,
    2300128,
    2316769,
    2333466,
    2350156,
    2366812,
    2383448,
    2400090,
    2416709,
    2433443,
    2450071,
    2466817,
    2483453,
    2500156,
    2516792,
    2533509,
    2550169,
    2566778,
    2583450,
    2600182,
    2616731,
    2633448,
    2650123,
    2666828,
    2783341
  ],
  "frame_rasterizer_begin_times": [
    0,
    16869,
    33556,
    50376,
    66887,
    83489,
    100120,
    116969,
    133489,
    150097,
    166475,
    183190,
    200045,
    216963,
    233581,
    250087,
    266746,
    283493,
    300104,
    316735,
    333500,
    350190,
    366405,
    383126,
    399694,
    416390,
    433070,
    449723,
    467579,
    482638,
    499301,
    515979,
    532690,
    552668,
    566196,
    582714,
    599407,
    616076,
    632841,
    649453,
    666137,
    682747,
    699459,
    716143,
    732831,
    749513,
    766106,
    782750,
    799464,
    816542,
    832911,
    849696,
    866058,
    882766,
    899383,
    916071,
    932896,
    949506,
    966116,
    982727,
    999412,
    1016034,
    1032710,
    1049383,
    1066037,
    1085557,
    1099476,
    1116162,
    1132783,
    1149549,
    1166042,
    1182778,
    1199454,
    1216117,
    1232795,
    1249481,
    1266163,
    1282842,
    1299473,
    1316163,
    1332729,
    1350348,
    1366374,
    1383400,
    1399390,
    1416066,
    1432719,
    1449362,
    1466026,
    1482684,
    1499359,
    1516020,
    1532789,
    1549413,
    1566016,
    1582681,
    1599338,
    1618516,
    1632781,
    1649503,
    1666551,
    1682805,
    1699491,
    1716211,
    1732859,
    1749572,
    1766137,
    1782804,
    1799506,
    1816102,
    1832872,
    1849481,
    1866112,
    1883237,
    1899609,
    1916459,
    1932801,
    1949409,
    1966088,
    1982724,
    1999348,
    2016067,
    2032720,
    2049432,
    2066098,
    2082712,
    2099362,
    2116118,
    2132828,
    2152307,
    2166122,
    2182812,
    2199503,
    2216382,
    2232930,
    2249513,
    2266117,
    2282949,
    2299473,
    2316132,
    2332827,
    2349521,
    2366165,
    2382799,
    2399438,
    2416733,
    2433123,
    2449707,
    2466114,
    2482733,
    2499451,
    2516055,
    2532820,
    2549459,
    2566071,
    2582730,
    2599440,
    2616004,
    2632708,
    2649396,
    2666122,
    2782670
  ],
  "average_vsync_transitions_missed": 0.0,
  "90th_percentile_vsync_transitions_missed": 0.0,