{
  "average_frame_build_time_millis": 0.8992407407407407,
  "90th_percentile_frame_build_time_millis": 1.869,
  "99th_percentile_frame_build_time_millis": 4.587,
  "worst_frame_build_time_millis": 5.012,
  "missed_frame_build_budget_count": 0,
  "average_frame_rasterizer_time_millis": 0.9425962732919253,
  "stddev_frame_rasterizer_time_millis": 0.09401303962038503,
  "90th_percentile_frame_rasterizer_time_millis": 1.101,
  "99th_percentile_frame_rasterizer_time_millis": 1.286,
  "worst_frame_rasterizer_time_millis": 1.423,
  "missed_frame_rasterizer_budget_count": 0,
  "frame_count": 162,
  "frame_rasterizer_count": 161,
  "new_gen_gc_count": 6,
  "old_gen_gc_count": 2,
  "frame_build_times": [
    1413,
    1580,
    1819,
    2029,
    2100,
    1944,
    1640,
    1914,
    1856,
    2008,
    1652,
    1946,
    1907,
    1897,
    1869,
    1757,
    1677,
    1781,
    1772,
    1780,
    2283,
    1926,
    1568,
    1445,
    1457,
    1362,
    1480,
    1489,
    1378,
    4653,
    169,
    195,
    202,
    4161,
    918,
    664,
    740,
    719,
    768,
    690,
    706,
    725,
    693,
    684,
    812,
    760,
    722,
    627,
    591,
    1693,
    796,
    476,
    430,
    196,
    190,
    226,
    201,
    202,
    201,
    167,
    228,
    201,
    215,
    209,
    229,
    3920,
    884,
    828,
    818,
    755,
    886,
    784,
    863,
    795,
    818,
    739,
    722,
    759,
    769,
    870,
    732,
    2358,
    1137,
    1099,
    891,
    234,
    199,
    225,
    202,
    208,
    199,
    182,
    242,
    227,
    221,
    212,
    214,
    4587,
    854,
    706,
    729,
    728,
    683,
    652,
    660,
    633,
    627,
    660,
    655,
    527,
    644,
    656,
    598,
    1463,
    1015,
    1168,
    1098,
    209,
    200,
    176,
    213,
    234,
    189,
    200,
    246,
    197,
    243,
    231,
    176,
    5012,
    750,
    691,
    640,
    720,
    647,
    748,
    701,
    675,
    683,
    688,
    717,
    668,
    652,
    593,
    701,
    1751,
    960,
    1281,
    1122,
    229,
    211,
    179,
    197,
    168,
    223,
    176,
    182,
    197,
    209,
    227,
    198,
    244
  ],
  "frame_rasterizer_times": [
    940,
    1131,
    1423,
    1286,
    1309,
    1101,
    1258,
    1259,
    1164,
    1009,
    1213,
    1251,
    1222,
    1167,
    1097,
    1069,
    1113,
    1060,
    1076,
    1211,
    1075,
    1145,
    1119,
    1091,
    1060,
    1081,
    1117,
    1024,
    963,
    949,
    952,
    846,
    915,
    883,
    807,
    993,
    887,
    963,
    872,
    970,
    893,
    933,
    906,
    955,
    977,
    895,
    743,
    750,
    864,
    736,
    486,
    427,
    742,
    818,
    958,
    895,
    922,
    917,
    827,
    934,
    959,
    964,
    984,
    927,
    834,
    794,
    988,
    988,
    899,
    976,
    936,
    1013,
    905,
    985,
    862,
    885,
    919,
    863,
    1067,
    875,
    751,
    971,
    1034,
    737,
    951,
    1001,
    926,
    896,
    853,
    894,
    910,
    843,
    905,
    867,
    842,
    881,
    837,
    846,
    904,
    993,
    894,
    938,
    844,
    836,
    860,
    875,
    936,
    847,
    717,
    868,
    936,
    964,
    856,
    1050,
    1010,
    939,
    952,
    911,
    849,
    890,
    944,
    915,
    915,
    999,
    935,
    976,
    922,
    782,
    1069,
    755,
    863,
    732,
    903,
    801,
    992,
    884,
    890,
    888,
    871,
    887,
    923,
    946,
    891,
    904,
    870,
    890,
    1075,
    958,
    1050,
    927,
    885,
    924,
    875,
    860,
    855,
    1018,
    928,
    960,
    996,
    936,
    1078
  ],
  "frame_begin_times": [
    0,
    16637,
    33377,
    50067,
    66695,
    83412,
    100030,
    116701,
    133387,
    150038,
    166656,
    183336,
    200016,
    216701,
    233328,
    250007,
    266659,
    283342,
    299981,
    316690,
    333381,
    349969,
    366689,
    383343,
    399990,
    416670,
    433329,
    449977,
    466675,
    483314,
    499977,
    516634,
    533296,
    549914,
    566623,
    583244,
    600016,
    616639,
    633339,
    649946,
    666615,
    683294,
    699984,
    716617,
    733352,
    749966,
    766583,
    783246,
    799931,
    816576,
    833209,
    850020,
    866503,
    883299,
    899926,
    916667,
    933369,
    949941,
    966620,
    983222,
    999958,
    1016609,
    1033303,
    1050060,
    1066576,
    1083201,
    1099908,
    1116574,
    1133293,
    1149910,
    1166613,
    1183269,
    1199955,
    1216573,
    1233247,
    1249950,
    1266635,
    1283189,
    1299882,
    1316623,
    1333228,
    1349820,
    1366576,
    1383291,
    1399880,
    1416600,
    1433213,
    1449916,
    1466558,
    1483275,
    1499871,
    1516576,
    1533231,
    1549902,
    1566545,
    1583219,
    1599887,
    1616479,
    1633196,
    1649873,
    1666532,
    1683229,
    1699839,
    1716521,
    1733169,
    1749880,
    1766537,
    1783201,
    1799844,
    1816494,
    1833173,
    1849886,
    1866566,
    1883150,
    1899868,
    1916571,
    1933236,
    1949866,
    1966488,
    1983180,
    1999881,
    2016517,
    2033181,
    2049845,
    2066523,
    2083206,
    2099860,
    2116505,
    2133141,
    2149838,
    2166573,
    2183240,
    2199779,
    2216438,
    2233131,
    2249819,
    2266473,
    2283147,
    2299805,
    2316403,
    2333141,
    2349811,
    2366505,
    2383153,
    2399761,
    2416447,
    2433127,
    2449879,
    2466483,
    2483140,
    2499801,
    2516483,
    2533132,
    2549805,
    2566455,
    2583108,
    2599795,
    2616490,
    2633169,
    2649805,
    2666419,
    2782951
  ],
  "frame_rasterizer_begin_times": [
    0,
    16936,
    33686,
    50360,
    67025,
    83405,
    100309,
    116883,
    133708,
    150131,
    166924,
    183552,
    200287,
    216902,
    233464,
    250077,
    266870,
    283515,
    300228,
    317128,
    333641,
    349902,
    366486,
    383159,
    399809,
    416529,
    433166,
    449834,
    467777,
    482719,
    499386,
    516047,
    535707,
    549500,
    566051,
    582874,
    599496,
    616178,
    632766,
    649438,
    666110,
    682800,
    699432,
    716199,
    732812,
    749450,
    766048,
    782734,
    800115,
    816257,
    832862,
    849347,
    866028,
    882681,
    899454,
    916131,
    932710,
    949367,
    965953,
    982745,
    999375,
    1016060,
    1032827,
    1049353,
    1068786,
    1082782,
    1099407,
    1116150,
    1132761,
    1149508,
    1166122,
    1182802,
    1199420,
    1216084,
    1232791,
    1249462,
    1265999,
    1282716,
    1299470,
    1316067,
    1333646,
    1349785,
    1366454,
    1382953,
    1399354,
    1415974,
    1432667,
    1449308,
    1466048,
    1482644,
    1499329,
    1515996,
    1532667,
    1549335,
    1565997,
    1582635,
    1602200,
    1616080,
    1632718,
    1649361,
    1666041,
    1682648,
    1699318,
    1715961,
    1732677,
    1749316,
    1766003,
    1782644,
    1799267,
    1815979,
    1832692,
    1849348,
    1866561,
    1882982,
    1899823,
    1916415,
    1932624,
    1949236,
    1965922,
    1982617,
    1999264,
    2015929,
    2032616,
    2049333,
    2065967,
    2082642,
    2099275,
    2115881,
    2135919,
    2149411,
    2166079,
    2182581,
    2199237,
    2215943,
    2232666,
    2249289,
    2265968,
    2282628,
    2299237,
    2315974,
    2332633,
    2349296,
    2365940,
    2382579,
    2400037,
    2416258,
    2433163,
    2449678,
    2465906,
    2482577,
    2499231,
    2515902,
    2532541,
    2549238,
    2565842,
    2582557,
    2599242,
    2615942,
    2632570,
    2649181,
    2765723
  ],
  "average_vsync_transitions_missed": 0.0,
  "90th_percentile_vsync_transitions_missed": 0.0,