{
  "average_frame_build_time_millis": 0.8695030674846623,
  "90th_percentile_frame_build_time_millis": 1.861,
  "99th_percentile_frame_build_time_millis": 4.258,
  "worst_frame_build_time_millis": 4.476,
  "missed_frame_build_budget_count": 0,
  "average_frame_rasterizer_time_millis": 0.9366832298136647,
  "stddev_frame_rasterizer_time_millis": 0.09422576289495012,
  "90th_percentile_frame_rasterizer_time_millis": 1.129,
  "99th_percentile_frame_rasterizer_time_millis": 1.28,
  "worst_frame_rasterizer_time_millis": 1.345,
  "missed_frame_rasterizer_budget_count": 0,
  "frame_count": 163,
  "frame_rasterizer_count": 161,
  "new_gen_gc_count": 5,
  "old_gen_gc_count": 2,
  "frame_build_times": [
    3026,
    1513,
    1541,
    2025,
    2159,
    1962,
    1963,
    1861,
    1829,
    1949,
    1920,
    1895,
    1916,
    1551,
    1785,
    1737,
    1764,
    1760,
    1929,
    1853,
    1804,
    1780,
    1709,
    1462,
    1438,
    1441,
    1541,
    1426,
    1419,
    4476,
    185,
    215,
    237,
    268,
    4163,
    748,
    751,
    714,
    617,
    644,
    655,
    646,
    649,
    722,
    626,
    621,
    681,
    603,
    718,
    728,
    1497,
    528,
    870,
    217,
    292,
    213,
    186,
    207,
    221,
    250,
    159,
    217,
    194,
    191,
    239,
    256,
    3926,
    862,
    789,
    743,
    738,
    779,
    751,
    696,
    750,
    595,
    731,
    714,
    758,
    763,
    784,
    751,
    2281,
    1021,
    1067,
    230,
    181,
    207,
    182,
    193,
    187,
    229,
    176,
    242,
    220,
    270,
    205,
    232,
    4369,
    816,
    782,
    818,
    629,
    633,
    632,
    716,
    690,
    651,
    596,
    783,
    663,
    728,
    613,
    691,
    1334,
    861,
    1020,
    192,
    183,
    204,
    174,
    188,
    182,
    194,
    207,
    192,
    197,
    224,
    249,
    243,
    4258,
    866,
    741,
    663,
    679,
    657,
    655,
    641,
    599,
    759,
    714,
    706,
    639,
    635,
    697,
    703,
    1667,
    1049,
    1106,
    190,
    235,
    214,
    196,
    158,
    330,
    219,
    201,
    182,
    189,
    197,
    207,
    222,
    286
  ],
  "frame_rasterizer_times": [
    963,
    1209,
    1250,
    1345,
    1292,
    1213,
    1200,
    1278,
    1280,
    1218,
    1177,
    992,
    1197,
    1129,
    1065,
    1171,
    1220,
    1181,
    1141,
    1105,
    1059,
    1028,
    1094,
    1084,
    1077,
    1061,
    1058,
    948,
    979,
    952,
    990,
    999,
    949,
    789,
    997,
    926,
    760,
    868,
    869,
    871,
    882,
    892,
    881,
    855,
    894,
    841,
    971,
    904,
    956,
    519,
    808,
    881,
    1067,
    957,
    930,
    879,
    1013,
    896,
    884,
    985,
    792,
    891,
    1018,
    955,
    872,
    797,
    952,
    945,
    897,
    832,
    878,
    881,
    872,
    742,
    929,
    856,
    1064,
    1022,
    960,
    899,
    798,
    944,
    958,
    873,
    840,
    859,
    707,
    830,
    901,
    926,
    964,
    956,
    935,
    917,
    987,
    943,
    759,
    811,
    747,
    922,
    871,
    865,
    880,
    928,
    911,
    866,
    871,
    1000,
    859,
    964,
    700,
    854,
    719,
    798,
    903,
    895,
    942,
    874,
    864,
    836,
    822,
    778,
    902,
    801,
    875,
    1031,
    944,
    847,
    788,
    839,
    939,
    864,
    934,
    846,
    886,
    763,
    871,
    1020,
    896,
    853,
    883,
    905,
    940,
    922,
    817,
    950,
    949,
    979,
    990,
    900,
    853,
    794,
    945,
    904,
    874,
    871,
    959,
    996,
    879,
    957,
    1130
  ],
  "frame_begin_times": [
    0,
    16680,
    33378,
    50124,
    66879,
    83434,
    100116,
    116769,
    133453,
    150153,
    166799,
    183479,
    200133,
    216751,
    233433,
    250131,
    266783,
    283458,
    300259,
    316818,
    333477,
    350120,
    366834,
    383476,
    400141,
    416835,
    433467,
    450127,
    466871,
    483460,
    500143,
    516852,
    533497,
    550199,
    566794,
    583437,
    600147,
    616852,
    633456,
    650129,
    666833,
    683471,
    700194,
    716809,
    733506,
    750156,
    766848,
    783538,
    800231,
    816834,
    833444,
    850094,
    866832,
    883540,
    900218,
    916854,
    933566,
    950222,
    966824,
    983539,
    1000218,
    1016843,
    1033592,
    1050187,
    1066972,
    1083550,
    1100165,
    1116824,
    1133568,
    1150234,
    1166872,
    1183564,
    1200217,
    1216880,
    1233575,
    1250168,
    1266859,
    1283553,
    1300257,
    1316943,
    1333569,
    1350200,
    1366843,
    1383557,
    1400231,
    1416907,
    1433516,
    1450266,
    1466822,
    1483570,
    1500216,
    1516929,
    1533617,
    1550293,
    1566929,
    1583571,
    1600300,
    1616860,
    1633532,
    1650176,
    1666845,
    1683576,
    1700249,
    1716915,
    1733579,
    1750232,
    1766926,
    1783639,
    1800268,
    1816979,
    1833606,
    1850264,
    1866862,
    1883587,
    1900161,
    1916862,
    1933594,
    1950185,
    1966929,
    1983568,
    2000256,
    2016934,
    2033573,
    2050219,
    2066871,
    2083597,
    2100250,
    2116993,
    2133629,
    2150234,
    2166889,
    2183555,
    2200350,
    2216947,
    2233568,
    2250267,
    2266923,
    2283616,
    2300299,
    2317009,
    2333594,
    2350270,
    2366945,
    2383602,
    2400198,
    2416935,
    2433530,
    2450265,
    2466862,
    2483605,
    2500340,
    2516972,
    2533595,
    2550304,
    2566905,
    2583589,
    2600286,
    2616922,
    2633667,
    2650325,
    2666970,
    2683578,
    2800165
  ],
  "frame_rasterizer_begin_times": [
    0,
    17031,
    33857,
    50315,
    66952,
    83562,
    100237,
    116998,
    133586,
    150280,
    166955,
    183403,
    200195,
    216853,
    233493,
    250257,
    267159,
    283657,
    300247,
    316859,
    333552,
    349904,
    366559,
    383265,
    399924,
    416560,
    433284,
    451107,
    466147,
    482862,
    499513,
    516261,
    535759,
    549526,
    566239,
    582934,
    599504,
    616184,
    632901,
    649520,
    666231,
    682871,
    699549,
    716199,
    732896,
    749573,
    766325,
    782944,
    800147,
    816223,
    833150,
    849536,
    866269,
    882888,
    899572,
    916247,
    932827,
    949556,
    966190,
    982851,
    999584,
    1016183,
    1032991,
    1049576,
    1068954,
    1082931,
    1099658,
    1116289,
    1132950,
    1149686,
    1166273,
    1182915,
    1199678,
    1216189,
    1232921,
    1249604,
    1266320,
    1283024,
    1299695,
    1316282,
    1333828,
    1349948,
    1366663,
    1382935,
    1399520,
    1416262,
    1432791,
    1449579,
    1466217,
    1482929,
    1499612,
    1516320,
    1532960,
    1549637,
    1566319,
    1582860,
    1602422,
    1616273,
    1632887,
    1649672,
    1666283,
    1682953,
    1699638,
    1716332,
    1732995,
    1749711,
    1766327,
    1783095,
    1799668,
    1816364,
    1832918,
    1849645,
    1866804,
    1883180,
    1899993,
    1916181,
    1932922,
    1949586,
    1966240,
    1982935,
    1999560,
    2016228,
    2032891,
    2049599,
    2066238,
    2083028,
    2099638,
    2116249,
    2135764,
    2149701,
    2166410,
    2182992,
    2199622,
    2216318,
    2232986,
    2249658,
    2266349,
    2283128,
    2299677,
    2316358,
    2333014,
    2349665,
    2366274,
    2383009,
    2400315,
    2416708,
    2433280,
    2449594,
    2466356,
    2482994,
    2499603,
    2516279,
    2533010,
    2549566,
    2566303,
    2582918,
    2599683,
    2616335,
    2632965,
    2649581,
    2766237
  ],
  "average_vsync_transitions_missed": 0.0,
  "90th_percentile_vsync_transitions_missed": 0.0,