{
  "average_frame_build_time_millis": 0.8791296296296304,
  "90th_percentile_frame_build_time_millis": 1.781,
  "99th_percentile_frame_build_time_millis": 4.297,
  "worst_frame_build_time_millis": 4.67,
  "missed_frame_build_budget_count": 0,
  "average_frame_rasterizer_time_millis": 0.9240246913580249,
  "stddev_frame_rasterizer_time_millis": 0.09391693339429967,
  "90th_percentile_frame_rasterizer_time_millis": 1.098,
  "99th_percentile_frame_rasterizer_time_millis": 1.228,
  "worst_frame_rasterizer_time_millis": 1.257,
  "missed_frame_rasterizer_budget_count": 0,
  "frame_count": 162,
  "frame_rasterizer_count": 162,
  "new_gen_gc_count": 6,
  "old_gen_gc_count": 0,
  "frame_build_times": [
    1460,
    1806,
    1452,
    1807,
    1781,
    1923,
    1791,
    1883,
    1340,
    1422,
    1760,
    1817,
    1900,
    1804,
    1753,
    1912,
    1822,
    1781,
    1770,
    1711,
    1767,
    1526,
    1486,
    1466,
    1399,
    1407,
    1425,
    1587,
    1450,
    4517,
    218,
    215,
    196,
    3606,
    820,
    750,
    751,
    675,
    761,
    686,
    770,
    767,
    744,
    771,
    674,
    688,
    736,
    727,
    713,
    1607,
    1048,
    988,
    967,
    237,
    177,
    189,
    177,
    192,
    224,
    244,
    239,
    223,
    233,
    275,
    265,
    3765,
    834,
    799,
    729,
    738,
    628,
    759,
    672,
    745,
    752,
    680,
    677,
    763,
    695,
    690,
    724,
    2290,
    1072,
    889,
    1043,
    179,
    239,
    165,
    225,
    170,
    208,
    211,
    210,
    208,
    173,
    371,
    202,
    4297,
    805,
    724,
    768,
    703,
    745,
    675,
    661,
    682,
    644,
    735,
    726,
    746,
    644,
    649,
    689,
    1357,
    993,
    1067,
    988,
    218,
    212,
    222,
    138,
    254,
    272,
    224,
    251,
    181,
    208,
    188,
    278,
    4670,
    954,
    791,
    771,
    788,
    731,
    718,
    672,
    663,
    639,
    742,
    618,
    681,
    642,
    614,
    735,
    1468,
    826,
    1009,
    1107,
    260,
    193,
    187,
    188,
    231,
    257,
    225,
    168,
    190,
    216,
    252,
    210,
    276
  ],
  "frame_rasterizer_times": [
    1006,
    1201,
    1028,
    1220,
    1141,
    1228,
    1221,
    1257,
    831,
    900,
    1124,
    1208,
    1204,
    1229,
    1167,
    1159,
    1147,
    1115,
    1038,
    1027,
    1097,
    863,
    1082,
    1039,
    1089,
    1208,
    1074,
    1154,
    1097,
    1008,
    997,
    924,
    931,
    815,
    819,
    916,
    917,
    855,
    1038,
    944,
    1035,
    938,
    958,
    898,
    872,
    963,
    900,
    998,
    946,
    791,
    938,
    885,
    877,
    918,
    859,
    827,
    839,
    790,
    838,
    883,
    960,
    922,
    907,
    961,
    940,
    762,
    724,
    940,
    879,
    810,
    686,
    920,
    854,
    835,
    867,
    803,
    811,
    861,
    883,
    846,
    885,
    777,
    934,
    727,
    906,
    859,
    935,
    660,
    670,
    638,
    854,
    981,
    918,
    854,
    824,
    909,
    941,
    789,
    810,
    940,
    917,
    883,
    975,
    902,
    893,
    860,
    878,
    922,
    887,
    931,
    879,
    875,
    876,
    705,
    886,
    949,
    865,
    940,
    989,
    939,
    709,
    991,
    959,
    993,
    928,
    876,
    920,
    829,
    809,
    945,
    925,
    903,
    978,
    1011,
    911,
    889,
    867,
    839,
    836,
    796,
    811,
    917,
    844,
    844,
    813,
    728,
    729,
    1039,
    959,
    1040,
    800,
    905,
    795,
    1008,
    952,
    1002,
    723,
    716,
    957,
    995,
    899,
    1098
  ],
  "frame_begin_times": [
    0,
    16709,
    33352,
    50035,
    66703,
    83365,
    100065,
    116725,
    133301,
    149981,
    166734,
    183384,
    200115,
    216723,
    233390,
    250046,
    266755,
    283394,
    300034,
    316713,
    333390,
    349973,
    366727,
    383369,
    400044,
    416735,
    433416,
    450105,
    466720,
    483447,
    500065,
    516697,
    533400,
    549966,
    566646,
    583374,
    600020,
    616696,
    633355,
    650029,
    666707,
    683434,
    700109,
    716697,
    733369,
    750009,
    766686,
    783421,
    799984,
    816608,
    833344,
    849994,
    866687,
    883332,
    899980,
    916666,
    933337,
    949990,
    966689,
    983372,
    1000042,
    1016677,
    1033329,
    1050018,
    1066624,
    1083278,
    1099951,
    1116635,
    1133331,
    1149975,
    1166595,
    1183295,
    1199994,
    1216643,
    1233325,
    1249949,
    1266617,
    1283343,
    1299989,
    1316637,
    1333293,
    1349911,
    1366674,
    1383256,
    1399945,
    1416645,
    1433287,
    1449991,
    1466587,
    1483288,
    1499970,
    1516717,
    1533313,
    1549946,
    1566601,
    1583360,
    1599908,
    1616569,
    1633213,
    1649916,
    1666592,
    1683268,
    1699982,
    1716574,
    1733283,
    1749906,
    1766638,
    1783349,
    1799924,
    1816576,
    1833297,
    1849926,
    1866568,
    1883182,
    1899915,
    1916593,
    1933266,
    1949946,
    1966586,
    1983329,
    1999888,
    2016595,
    2033315,
    2049989,
    2066610,
    2083282,
    2099909,
    2116577,
    2133210,
    2149892,
    2166593,
    2183234,
    2199976,
    2216600,
    2233250,
    2249899,
    2266579,
    2283246,
    2299908,
    2316544,
    2333254,
    2349931,
    2366584,
    2383253,
    2399843,
    2416505,
    2433203,
    2449952,
    2466609,
    2483311,
    2499934,
    2516556,
    2533299,
    2549957,
    2566605,
    2583279,
    2599864,
    2616561,
    2633279,
    2649928,
    2666588,
    2783127
  ],
  "frame_rasterizer_begin_times": [
    0,
    16847,
    33350,
    50186,
    66836,
    83575,
    100218,
    116893,
    133225,
    149943,
    166813,
    183560,
    200317,
    216834,
    233503,
    250272,
    266969,
    283557,
    300138,
    316822,
    333514,
    350031,
    366557,
    383165,
    399798,
    416465,
    433163,
    449931,
    466540,
    484467,
    499487,
    516086,
    532795,
    552070,
    566151,
    582861,
    599537,
    616156,
    632834,
    649490,
    666197,
    682955,
    699607,
    716148,
    732818,
    749453,
    766167,
    782893,
    799454,
    816761,
    833170,
    849750,
    866441,
    882732,
    899359,
    916037,
    932711,
    949351,
    966073,
    982810,
    999478,
    1016095,
    1032717,
    1049423,
    1066049,
    1085407,
    1099450,
    1116081,
    1132796,
    1149414,
    1166010,
    1182739,
    1199442,
    1216121,
    1232780,
    1249391,
    1266045,
    1282793,
    1299423,
    1316110,
    1332756,
    1350292,
    1366500,
    1382983,
    1399740,
    1416029,
    1432693,
    1449350,
    1466014,
    1482657,
    1499388,
    1516123,
    1532700,
    1549351,
    1565981,
    1582829,
    1599284,
    1618802,
    1632700,
    1649386,
    1666073,
    1682720,
    1699454,
    1716019,
    1732725,
    1749353,
    1766079,
    1782832,
    1799403,
    1816058,
    1832754,
    1849390,
    1866034,
    1883213,
    1899701,
    1916402,
    1933016,
    1949359,
    1965984,
    1982748,
    1999231,
    2015997,
    2032745,
    2049414,
    2066061,
    2082667,
    2099317,
    2115962,
    2132640,
    2152319,
    2166132,
    2182688,
    2199445,
    2216071,
    2232746,
    2249410,
    2266024,
    2282704,
    2299353,
    2316025,
    2332695,
    2349380,
    2366014,
    2382677,
    2399348,
    2416582,
    2432900,
    2449713,
    2466428,
    2482712,
    2499327,
    2515945,
    2532687,
    2549354,
    2566022,
    2582708,
    2599229,
    2615946,
    2632709,
    2649329,
    2665991,
    2782569
  ],
  "average_vsync_transitions_missed": 0.0,
  "90th_percentile_vsync_transitions_missed": 0.0,