{
  "average_frame_build_time_millis": 0.8742283950617284,
  "90th_percentile_frame_build_time_millis": 1.862,
  "99th_percentile_frame_build_time_millis": 4.312,
  "worst_frame_build_time_millis": 4.543,
  "missed_frame_build_budget_count": 0,
  "average_frame_rasterizer_time_millis": 0.9335527950310557,
  "stddev_frame_rasterizer_time_millis": 0.11419243084757526,
  "90th_percentile_frame_rasterizer_time_millis": 1.171,
  "99th_percentile_frame_rasterizer_time_millis": 1.261,
  "worst_frame_rasterizer_time_millis": 1.644,
  "missed_frame_rasterizer_budget_count": 0,
  "frame_count": 162,
  "frame_rasterizer_count": 161,
  "new_gen_gc_count": 6,
  "old_gen_gc_count": 2,
  "frame_build_times": [
    1659,
    2084,
    1877,
    1860,
    1514,
    1811,
    1901,
    1944,
    1889,
    1809,
    1835,
    1862,
    1893,
    1843,
    1900,
    1914,
    1721,
    1522,
    1803,
    2367,
    1558,
    1810,
    1471,
    1385,
    1495,
    1395,
    1438,
    1402,
    4389,
    176,
    160,
    197,
    196,
    4036,
    851,
    714,
    727,
    670,
    659,
    661,
    632,
    669,
    565,
    661,
    653,
    598,
    641,
    561,
    512,
    1619,
    991,
    1082,
    206,
    201,
    212,
    181,
    257,
    206,
    199,
    231,
    257,
    236,
    178,
    177,
    214,
    3991,
    804,
    680,
    766,
    866,
    799,
    755,
    766,
    689,
    702,
    657,
    659,
    581,
    688,
    694,
    849,
    2285,
    1157,
    1212,
    248,
    184,
    210,
    175,
    157,
    218,
    186,
    153,
    173,
    176,
    197,
    167,
    211,
    4543,
    844,
    686,
    690,
    681,
    644,
    696,
    578,
    605,
    658,
    672,
    660,
    662,
    648,
    601,
    612,
    1696,
    1058,
    1085,
    216,
    222,
    231,
    178,
    213,
    265,
    223,
    249,
    177,
    225,
    193,
    182,
    208,
    4312,
    699,
    720,
    654,
    593,
    957,
    884,
    879,
    853,
    911,
    668,
    759,
    793,
    714,
    662,
    818,
    2709,
    1356,
    1188,
    219,
    253,
    226,
    213,
    228,
    194,
    238,
    184,
    207,
    215,
    179,
    175,
    225,
    247
  ],
  "frame_rasterizer_times": [
    1259,
    1227,
    1261,
    1047,
    1176,
    1219,
    1229,
    1222,
    1199,
    1209,
    1192,
    1183,
    1178,
    1171,
    1159,
    1128,
    910,
    1140,
    1309,
    962,
    1117,
    1108,
    1079,
    1055,
    1045,
    1074,
    1030,
    754,
    690,
    750,
    918,
    887,
    739,
    758,
    892,
    921,
    849,
    847,
    801,
    821,
    931,
    728,
    865,
    811,
    814,
    858,
    817,
    874,
    850,
    983,
    913,
    874,
    777,
    825,
    938,
    838,
    927,
    887,
    930,
    942,
    851,
    869,
    819,
    911,
    822,
    730,
    747,
    904,
    912,
    913,
    916,
    857,
    860,
    849,
    870,
    896,
    832,
    785,
    831,
    1044,
    789,
    1050,
    1070,
    981,
    892,
    868,
    895,
    913,
    871,
    878,
    602,
    867,
    816,
    875,
    883,
    830,
    818,
    797,
    889,
    850,
    820,
    875,
    836,
    700,
    798,
    850,
    824,
    805,
    907,
    836,
    928,
    761,
    864,
    958,
    929,
    880,
    938,
    958,
    875,
    784,
    958,
    887,
    902,
    858,
    913,
    865,
    816,
    867,
    778,
    782,
    947,
    738,
    688,
    1172,
    1137,
    1148,
    1120,
    1146,
    835,
    945,
    976,
    933,
    903,
    1026,
    1644,
    1206,
    1025,
    980,
    1113,
    1053,
    955,
    916,
    812,
    1018,
    944,
    931,
    893,
    841,
    944,
    904,
    1108
  ],
  "frame_begin_times": [
    0,
    16741,
    33395,
    50049,
    66670,
    83403,
    100226,
    116733,
    133461,
    150087,
    166760,
    183429,
    200078,
    216736,
    233410,
    250123,
    266776,
    283390,
    300102,
    316818,
    333368,
    350132,
    366807,
    383453,
    400091,
    416805,
    433455,
    450109,
    466790,
    483373,
    500083,
    516824,
    533418,
    550062,
    566742,
    583467,
    600127,
    616808,
    633472,
    650127,
    666801,
    683495,
    700097,
    716854,
    733485,
    750186,
    766832,
    783493,
    800082,
    816822,
    833469,
    850203,
    866869,
    883558,
    900163,
    916950,
    933543,
    950131,
    966904,
    983535,
    1000231,
    1016870,
    1033532,
    1050235,
    1066858,
    1083479,
    1100151,
    1116864,
    1133567,
    1150215,
    1166897,
    1183556,
    1200218,
    1216910,
    1233555,
    1250267,
    1266955,
    1283602,
    1300184,
    1316936,
    1333567,
    1350640,
    1366977,
    1383629,
    1400240,
    1416903,
    1433613,
    1450300,
    1466931,
    1483569,
    1500309,
    1516836,
    1533591,
    1550243,
    1566911,
    1583607,
    1600256,
    1616907,
    1633575,
    1650276,
    1666921,
    1683557,
    1700279,
    1716998,
    1733592,
    1750299,
    1766993,
    1783659,
    1800343,
    1817038,
    1833654,
    1850354,
    1866925,
    1883652,
    1900361,
    1917021,
    1933669,
    1950368,
    1967039,
    1983720,
    2000367,
    2017030,
    2033721,
    2050364,
    2067037,
    2083718,
    2100365,
    2117024,
    2133667,
    2150322,
    2166998,
    2183704,
    2200328,
    2217015,
    2233872,
    2250534,
    2267144,
    2283828,
    2300538,
    2317121,
    2333774,
    2350466,
    2367105,
    2383794,
    2400472,
    2417168,
    2433829,
    2450549,
    2467159,
    2483857,
    2500530,
    2517108,
    2533851,
    2550435,
    2567160,
    2583834,
    2600489,
    2617131,
    2633809,
    2650476,
    2667121,
    2783683
  ],
  "frame_rasterizer_begin_times": [
    0,
    16602,
    33205,
    49633,
    66529,
    83453,
    99922,
    116639,
    133212,
    149843,
    166593,
    183248,
    199836,
    216601,
    233284,
    249856,
    266379,
    283222,
    300027,
    316427,
    333281,
    349562,
    366177,
    382825,
    399542,
    416222,
    432847,
    450981,
    465693,
    482408,
    499192,
    515764,
    535422,
    549205,
    565900,
    582583,
    599231,
    615897,
    632559,
    649190,
    665904,
    682474,
    699248,
    715880,
    732566,
    749248,
    765877,
    782454,
    799896,
    816133,
    832997,
    849248,
    865931,
    882512,
    899310,
    915970,
    932510,
    949273,
    965889,
    982608,
    999223,
    1015882,
    1032573,
    1049209,
    1068511,
    1082610,
    1099266,
    1115988,
    1132616,
    1149353,
    1165997,
    1182659,
    1199336,
    1215955,
    1232669,
    1249399,
    1266009,
    1282590,
    1299350,
    1316067,
    1334163,
    1349777,
    1366508,
    1382627,
    1399254,
    1416000,
    1432640,
    1449261,
    1465926,
    1482660,
    1499151,
    1515937,
    1532574,
    1549246,
    1565940,
    1582636,
    1602286,
    1616056,
    1632682,
    1649336,
    1665960,
    1682696,
    1699413,
    1715986,
    1732702,
    1749421,
    1766082,
    1782783,
    1799455,
    1816056,
    1832726,
    1849321,
    1866782,
    1883148,
    1899800,
    1916038,
    1932761,
    1949434,
    1966069,
    1982723,
    1999422,
    2016086,
    2032731,
    2049387,
    2066062,
    2082706,
    2099386,
    2116041,
    2135509,
    2149438,
    2166147,
    2182747,
    2199426,
    2216428,
    2233035,
    2249626,
    2266308,
    2283058,
    2299547,
    2316214,
    2332910,
    2349521,
    2366224,
    2382950,
    2400371,
    2416718,
    2433375,
    2449551,
    2466273,
    2482923,
    2499467,
    2516217,
    2532799,
    2549546,
    2566184,
    2582830,
    2599470,
    2616145,
    2632827,
    2649514,
    2766089
  ],
  "average_vsync_transitions_missed": 0.0,
  "90th_percentile_vsync_transitions_missed": 0.0,