{
  "average_frame_build_time_millis": 0.5623951219512195,
  "90th_percentile_frame_build_time_millis": 1.376,
  "99th_percentile_frame_build_time_millis": 3.495,
  "worst_frame_build_time_millis": 4.796,
  "missed_frame_build_budget_count": 0,
  "average_frame_rasterizer_time_millis": 0.8472990196078427,
  "stddev_frame_rasterizer_time_millis": 0.06654008073817759,
  "90th_percentile_frame_rasterizer_time_millis": 0.947,
  "99th_percentile_frame_rasterizer_time_millis": 1.201,
  "worst_frame_rasterizer_time_millis": 1.361,
  "missed_frame_rasterizer_budget_count": 0,
  "frame_count": 205,
  "frame_rasterizer_count": 204,
  "new_gen_gc_count": 6,
  "old_gen_gc_count": 2,
  "frame_build_times": [
    1619,
    1607,
    1747,
    1787,
    1964,
    1700,
    1376,
    1453,
    1321,
    1174,
    1436,
    1353,
    1209,
    4796,
    167,
    212,
    167,
    253,
    1747,
    1228,
    1249,
    1219,
    1200,
    1229,
    1346,
    1203,
    1225,
    1128,
    1202,
    1333,
    1161,
    1210,
    1316,
    1612,
    166,
    174,
    158,
    186,
    168,
    154,
    194,
    174,
    198,
    199,
    235,
    177,
    191,
    202,
    171,
    169,
    184,
    179,
    164,
    188,
    151,
    187,
    179,
    179,
    183,
    157,
    188,
    163,
    221,
    212,
    165,
    181,
    195,
    164,
    214,
    169,
    168,
    165,
    204,
    184,
    143,
    2073,
    619,
    191,
    153,
    202,
    174,
    171,
    195,
    170,
    183,
    197,
    147,
    161,
    1341,
    588,
    160,
    149,
    193,
    153,
    181,
    220,
    167,
    176,
    162,
    153,
    197,
    1618,
    625,
    172,
    181,
    189,
    183,
    202,
    185,
    167,
    207,
    163,
    196,
    151,
    1381,
    596,
    196,
    219,
    183,
    164,
    150,
    164,
    171,
    173,
    156,
    181,
    164,
    3495,
    814,
    757,
    716,
    714,
    663,
    677,
    742,
    693,
    756,
    651,
    722,
    702,
    1980,
    654,
    653,
    607,
    625,
    483,
    627,
    155,
    177,
    158,
    151,
    202,
    237,
    1381,
    591,
    169,
    169,
    163,
    153,
    158,
    183,
    172,
    184,
    192,
    171,
    223,
    1599,
    562,
    164,
    164,
    172,
    192,
    165,
    202,
    169,
    195,
    163,
    179,
    176,
    3620,
    784,
    755,
    680,
    737,
    736,
    732,
    681,
    714,
    657,
    656,
    642,
    660,
    1619,
    443,
    569,
    624,
    653,
    750,
    674,
    203,
    170,
    183,
    206,
    184,
    172
  ],
  "frame_rasterizer_times": [
    1027,
    1133,
    1134,
    1209,
    1114,
    1201,
    1119,
    1034,
    862,
    1102,
    1041,
    974,
    1018,
    1018,
    936,
    879,
    1361,
    990,
    870,
    985,
    971,
    914,
    860,
    982,
    863,
    947,
    858,
    898,
    864,
    946,
    912,
    915,
    758,
    875,
    879,
    802,
    845,
    837,
    822,
    830,
    856,
    806,
    877,
    871,
    822,
    883,
    829,
    807,
    796,
    837,
    832,
    788,
    775,
    784,
    855,
    826,
    777,
    888,
    798,
    857,
    832,
    901,
    854,
    824,
    806,
    799,
    786,
    784,
    768,
    786,
    689,
    894,
    805,
    636,
    786,
    843,
    894,
    813,
    842,
    845,
    816,
    852,
    848,
    791,
    819,
    768,
    792,
    729,
    790,
    849,
    894,
    862,
    792,
    848,
    850,
    832,
    829,
    793,
    876,
    732,
    735,
    821,
    897,
    841,
    883,
    852,
    832,
    848,
    821,
    848,
    788,
    772,
    746,
    776,
    906,
    907,
    935,
    877,
    824,
    583,
    882,
    858,
    802,
    801,
    847,
    820,
    674,
    711,
    871,
    880,
    877,
    794,
    779,
    886,
    858,
    880,
    832,
    799,
    841,
    717,
    814,
    885,
    830,
    825,
    565,
    768,
    793,
    817,
    760,
    789,
    826,
    803,
    755,
    813,
    802,
    806,
    867,
    640,
    777,
    767,
    816,
    763,
    862,
    903,
    792,
    761,
    816,
    803,
    894,
    700,
    846,
    811,
    813,
    820,
    867,
    797,
    761,
    807,
    722,
    721,
    911,
    724,
    922,
    889,
    939,
    844,
    866,
    820,
    805,
    823,
    791,
    818,
    656,
    769,
    802,
    923,
    962,
    888,
    908,
    863,
    864,
    952,
    872,
    862
  ],
  "frame_begin_times": [
    0,
    16662,
    33327,
    49972,
    66722,
    83326,
    99973,
    116676,
    133299,
    149918,
    166614,
    183289,
    199924,
    216647,
    233260,
    249946,
    266607,
    1320003,
    1333084,
    1349673,
    1366318,
    1382992,
    1399676,
    1416294,
    1432959,
    1449641,
    1466363,
    1482977,
    1499671,
    1516330,
    1532966,
    1549636,
    1566306,
    1582931,
    1599632,
    1616284,
    1632936,
    1649581,
    1666256,
    1682953,
    1699633,
    1716361,
    1732985,
    1749680,
    1766290,
    1782938,
    1799650,
    1816239,
    1832942,
    1849618,
    1866255,
    1882936,
    1899651,
    1916252,
    1932948,
    1949597,
    1966270,
    1982909,
    1999625,
    2016255,
    2032953,
    2049595,
    2066333,
    2082907,
    2099601,
    2116259,
    2132975,
    2149594,
    2166246,
    2182911,
    2199574,
    2216237,
    2232919,
    2249640,
    2266253,
    2282895,
    2299583,
    2316263,
    2332964,
    2349595,
    2366237,
    2382935,
    2399597,
    2416280,
    2432931,
    2449574,
    2466263,
    2482913,
    2499579,
    2516263,
    2532926,
    2549700,
    2566291,
    2582931,
    2599579,
    2616269,
    2632952,
    2649596,
    2666235,
    2682945,
    2699527,
    2716151,
    2732920,
    2749682,
    2766290,
    2782907,
    2799597,
    2816221,
    2832980,
    2849598,
    2866248,
    2882884,
    2899554,
    2916203,
    2932863,
    2949586,
    2966266,
    2982916,
    2999571,
    3016185,
    3032829,
    3049562,
    3066213,
    3082892,
    3099558,
    3116231,
    3132911,
    3149513,
    3166252,
    3182892,
    3199600,
    3216241,
    3232889,
    3249604,
    3266231,
    3282924,
    3299605,
    3316243,
    3332914,
    3349524,
    3366179,
    3382909,
    3399594,
    3416218,
    3432860,
    3449494,
    3466195,
    3482865,
    3499561,
    3516224,
    3532899,
    3549547,
    3566143,
    3582831,
    3599537,
    3616217,
    3632852,
    3649580,
    3666124,
    3682855,
    3699532,
    3716198,
    3732856,
    3749623,
    3766222,
    3782892,
    3799495,
    3816231,
    3832926,
    3849579,
    3866183,
    3882897,
    3899571,
    3916232,
    3932850,
    3949490,
    3966227,
    3982852,
    3999532,
    4016147,
    4032851,
    4049555,
    4066176,
    4082917,
    4099572,
    4116242,
    4132889,
    4149547,
    4166209,
    4182887,
    4199577,
    4216202,
    4232861,
    4249529,
    4266197,
    4282884,
    4299624,
    4316288,
    4332907,
    4349600,
    4366223,
    4382884,
    4399608,
    4416214,
    4432852
  ],