{
  "average_frame_build_time_millis": 0.8691913580246909,
  "90th_percentile_frame_build_time_millis": 1.856,
  "99th_percentile_frame_build_time_millis": 4.433,
  "worst_frame_build_time_millis": 4.753,
  "missed_frame_build_budget_count": 0,
  "average_frame_rasterizer_time_millis": 0.9141,
  "stddev_frame_rasterizer_time_millis": 0.09390250000000001,
  "90th_percentile_frame_rasterizer_time_millis": 1.091,
  "99th_percentile_frame_rasterizer_time_millis": 1.314,
  "worst_frame_rasterizer_time_millis": 1.441,
  "missed_frame_rasterizer_budget_count": 0,
  "frame_count": 162,
  "frame_rasterizer_count": 160,
  "new_gen_gc_count": 4,
  "old_gen_gc_count": 2,
  "frame_build_times": [
    1581,
    1957,
    1815,
    1628,
    1956,
    1856,
    1943,
    1880,
    1906,
    1956,
    1896,
    1859,
    1822,
    1885,
    1839,
    1797,
    1809,
    1904,
    1836,
    1753,
    1734,
    1796,
    1442,
    1386,
    1332,
    1255,
    1362,
    1343,
    1127,
    4753,
    191,
    198,
    193,
    3765,
    756,
    846,
    738,
    729,
    649,
    704,
    584,
    632,
    612,
    713,
    603,
    546,
    518,
    617,
    735,
    1217,
    684,
    538,
    782,
    213,
    252,
    229,
    239,
    220,
    254,
    215,
    216,
    243,
    180,
    166,
    191,
    3656,
    849,
    785,
    790,
    803,
    777,
    729,
    682,
    693,
    678,
    764,
    664,
    558,
    736,
    865,
    841,
    2229,
    1079,
    967,
    1021,
    201,
    243,
    163,
    213,
    201,
    161,
    208,
    201,
    212,
    219,
    217,
    209,
    4563,
    794,
    741,
    704,
    672,
    550,
    661,
    650,
    721,
    713,
    654,
    767,
    734,
    646,
    594,
    582,
    1257,
    869,
    1158,
    1024,
    190,
    200,
    193,
    188,
    195,
    206,
    218,
    204,
    180,
    222,
    249,
    235,
    4433,
    831,
    701,
    676,
    738,
    739,
    672,
    639,
    662,
    632,
    612,
    718,
    689,
    746,
    684,
    730,
    1611,
    1043,
    964,
    976,
    227,
    197,
    193,
    150,
    172,
    166,
    179,
    209,
    228,
    184,
    227,
    203,
    254
  ],
  "frame_rasterizer_times": [
    1140,
    952,
    1206,
    1320,
    1302,
    1286,
    1265,
    1181,
    1192,
    1314,
    1195,
    1173,
    1200,
    953,
    1091,
    1128,
    1052,
    1025,
    1115,
    1087,
    1126,
    996,
    1012,
    989,
    960,
    994,
    801,
    906,
    1044,
    922,
    831,
    740,
    745,
    915,
    871,
    945,
    869,
    894,
    709,
    868,
    844,
    994,
    871,
    972,
    779,
    843,
    883,
    741,
    467,
    436,
    698,
    910,
    845,
    904,
    931,
    914,
    959,
    854,
    923,
    856,
    844,
    844,
    857,
    872,
    807,
    929,
    1000,
    978,
    891,
    839,
    858,
    860,
    850,
    952,
    820,
    617,
    863,
    917,
    975,
    838,
    1441,
    804,
    884,
    910,
    882,
    885,
    896,
    836,
    715,
    928,
    901,
    905,
    857,
    885,
    869,
    888,
    759,
    921,
    852,
    827,
    595,
    827,
    807,
    935,
    904,
    807,
    872,
    928,
    930,
    789,
    716,
    767,
    828,
    917,
    930,
    897,
    854,
    880,
    914,
    952,
    900,
    915,
    899,
    798,
    997,
    892,
    942,
    840,
    822,
    934,
    911,
    959,
    975,
    920,
    892,
    879,
    862,
    723,
    901,
    929,
    976,
    869,
    873,
    845,
    944,
    866,
    926,
    943,
    930,
    868,
    727,
    870,
    905,
    818,
    956,
    955,
    874,
    915,
    982,
    1081
  ],
  "frame_begin_times": [
    0,
    16707,
    33387,
    50036,
    66731,
    83378,
    100121,
    116753,
    133394,
    150064,
    166740,
    183393,
    200068,
    216695,
    233427,
    250139,
    266756,
    283462,
    300048,
    316725,
    333416,
    350063,
    366735,
    383380,
    400030,
    416703,
    433372,
    450068,
    466712,
    483392,
    500063,
    516801,
    533382,
    549998,
    566696,
    583434,
    600109,
    616770,
    633389,
    650063,
    666683,
    683420,
    700071,
    716763,
    733389,
    750022,
    766671,
    783429,
    800044,
    816624,
    833256,
    849957,
    866704,
    883384,
    900008,
    916746,
    933377,
    950071,
    966740,
    983380,
    1000009,
    1016695,
    1033408,
    1050024,
    1066741,
    1083316,
    1100051,
    1116732,
    1133435,
    1150113,
    1166711,
    1183380,
    1200050,
    1216705,
    1233366,
    1250028,
    1266677,
    1283299,
    1300046,
    1316706,
    1333407,
    1350003,
    1366699,
    1383337,
    1400031,
    1416698,
    1433343,
    1450080,
    1466664,
    1483328,
    1499962,
    1516753,
    1533347,
    1550029,
    1566648,
    1583361,
    1600028,
    1616633,
    1633288,
    1650081,
    1666710,
    1683328,
    1699962,
    1716664,
    1733334,
    1749966,
    1766689,
    1783362,
    1800030,
    1816749,
    1833353,
    1850032,
    1866606,
    1883282,
    1899946,
    1916709,
    1933343,
    1950007,
    1966713,
    1983339,
    2000043,
    2016697,
    2033319,
    2050034,
    2066706,
    2083412,
    2100196,
    2116672,
    2133325,
    2149994,
    2166657,
    2183371,
    2200023,
    2216678,
    2233375,
    2250015,
    2266734,
    2283362,
    2300004,
    2316636,
    2333397,
    2350042,
    2366768,
    2383349,
    2400083,
    2416646,
    2433358,
    2450015,
    2466715,
    2483358,
    2500015,
    2516678,
    2533312,
    2550035,
    2566686,
    2583329,
    2600048,
    2616737,
    2633374,
    2650078,
    2666664,
    2783236
  ],
  "frame_rasterizer_begin_times": [
    0,
    16548,
    33420,
    49918,
    66741,
    83368,
    100045,
    116713,
    133362,
    149996,
    166647,
    183343,
    200019,
    216820,
    233366,
    250139,
    266644,
    283288,
    299896,
    316661,
    332959,
    349562,
    366193,
    382850,
    399580,
    416253,
    432832,
    450829,
    465873,
    482617,
    499189,
    518674,
    532593,
    549341,
    566024,
    582661,
    599246,
    615914,
    632533,
    649288,
    665919,
    682633,
    699198,
    715838,
    732489,
    749260,
    765915,
    782989,
    799205,
    815896,
    832755,
    849180,
    865824,
    882576,
    899221,
    915893,
    932548,
    949176,
    965833,
    982520,
    999202,
    1015804,
    1032541,
    1051748,
    1065966,
    1082608,
    1099301,
    1115998,
    1132598,
    1149231,
    1165890,
    1182543,
    1199218,
    1215868,
    1232531,
    1249124,
    1265923,
    1282640,
    1299344,
    1316785,
    1332964,
    1349480,
    1366227,
    1382518,
    1399125,
    1415862,
    1432467,
    1449151,
    1465742,
    1482578,
    1499160,
    1515832,
    1532459,
    1549192,
    1565828,
    1585368,
    1599186,
    1615969,
    1632590,
    1649201,
    1665813,
    1682524,
    1699192,
    1715854,
    1732555,
    1749214,
    1765903,
    1782631,
    1799205,
    1815871,
    1832418,
    1849661,
    1866043,
    1882955,
    1899531,
    1915788,
    1932528,
    1949146,
    1965838,
    1982507,
    1999104,
    2015853,
    2032526,
    2049187,
    2066025,
    2082472,
    2099155,
    2118821,
    2132584,
    2149239,
    2165882,
    2182573,
    2199245,
    2215897,
    2232560,
    2249216,
    2265844,
    2282457,
    2299280,
    2315923,
    2332674,
    2349222,
    2366011,
    2383187,
    2399583,
    2416196,
    2432883,
    2449170,
    2465796,
    2482470,
    2499083,
    2515803,
    2532465,
    2549101,
    2565874,
    2582577,
    2599166,
    2615904,
    2632469,
    2749094
  ],
  "average_vsync_transitions_missed": 0.0,
  "90th_percentile_vsync_transitions_missed": 0.0,
  "99th_percentile_vsync_transitions_missed": 0.0,
  "average_vsync_frame_lag": 0.0,