{
  "average_frame_build_time_millis": 0.5827902439024392,
  "90th_percentile_frame_build_time_millis": 1.409,
  "99th_percentile_frame_build_time_millis": 3.479,
  "worst_frame_build_time_millis": 4.608,
  "missed_frame_build_budget_count": 0,
  "average_frame_rasterizer_time_millis": 0.8622878048780491,
  "stddev_frame_rasterizer_time_millis": 0.07233251635930991,
  "90th_percentile_frame_rasterizer_time_millis": 0.984,
  "99th_percentile_frame_rasterizer_time_millis": 1.142,
  "worst_frame_rasterizer_time_millis": 1.434,
  "missed_frame_rasterizer_budget_count": 0,
  "frame_count": 205,
  "frame_rasterizer_count": 205,
  "new_gen_gc_count": 6,
  "old_gen_gc_count": 2,
  "frame_build_times": [
    1416,
    1616,
    1732,
    1728,
    1755,
    1633,
    1614,
    1218,
    1345,
    1375,
    1235,
    1195,
    1037,
    1316,
    4608,
    203,
    159,
    193,
    359,
    1558,
    1505,
    1585,
    1427,
    1392,
    1361,
    1371,
    1344,
    1361,
    1232,
    1368,
    1215,
    1220,
    1351,
    1308,
    1910,
    174,
    196,
    177,
    201,
    179,
    183,
    153,
    189,
    181,
    178,
    163,
    178,
    201,
    145,
    198,
    170,
    173,
    161,
    170,
    166,
    181,
    156,
    166,
    195,
    182,
    193,
    152,
    194,
    158,
    218,
    183,
    168,
    154,
    191,
    184,
    177,
    175,
    197,
    179,
    200,
    2119,
    648,
    198,
    202,
    189,
    164,
    195,
    229,
    197,
    202,
    164,
    205,
    205,
    1396,
    589,
    145,
    174,
    178,
    188,
    151,
    162,
    190,
    190,
    105,
    187,
    168,
    1713,
    668,
    195,
    197,
    155,
    179,
    189,
    177,
    179,
    162,
    136,
    213,
    164,
    1409,
    607,
    171,
    188,
    190,
    265,
    176,
    212,
    160,
    136,
    186,
    243,
    205,
    4036,
    805,
    767,
    703,
    781,
    700,
    699,
    693,
    655,
    718,
    680,
    678,
    715,
    2043,
    696,
    645,
    665,
    623,
    637,
    643,
    148,
    198,
    195,
    167,
    164,
    177,
    1351,
    642,
    180,
    154,
    184,
    196,
    168,
    151,
    153,
    167,
    151,
    167,
    166,
    1582,
    574,
    171,
    172,
    200,
    152,
    194,
    200,
    152,
    185,
    158,
    165,
    159,
    3479,
    831,
    811,
    766,
    976,
    797,
    773,
    759,
    749,
    728,
    659,
    811,
    669,
    1605,
    356,
    605,
    701,
    776,
    707,
    710,
    185,
    174,
    190,
    169,
    192,
    170
  ],
  "frame_rasterizer_times": [
    891,
    1031,
    1194,
    1128,
    1142,
    1061,
    1036,
    1002,
    1055,
    984,
    1054,
    990,
    795,
    1004,
    895,
    903,
    855,
    863,
    1434,
    872,
    1053,
    1040,
    1045,
    1035,
    968,
    977,
    946,
    948,
    796,
    948,
    871,
    844,
    891,
    876,
    959,
    863,
    804,
    895,
    878,
    879,
    825,
    826,
    825,
    807,
    797,
    784,
    971,
    889,
    676,
    832,
    803,
    784,
    906,
    859,
    806,
    796,
    776,
    758,
    877,
    759,
    855,
    686,
    815,
    779,
    883,
    884,
    822,
    879,
    822,
    833,
    801,
    859,
    818,
    784,
    751,
    773,
    980,
    1018,
    911,
    857,
    814,
    828,
    928,
    936,
    903,
    835,
    754,
    891,
    784,
    866,
    910,
    814,
    833,
    819,
    796,
    831,
    865,
    870,
    591,
    900,
    798,
    734,
    870,
    861,
    801,
    778,
    890,
    833,
    755,
    790,
    824,
    653,
    891,
    791,
    747,
    937,
    889,
    881,
    932,
    968,
    836,
    959,
    848,
    743,
    934,
    867,
    911,
    814,
    753,
    869,
    875,
    830,
    814,
    900,
    872,
    689,
    857,
    816,
    894,
    861,
    761,
    900,
    849,
    788,
    848,
    805,
    820,
    800,
    901,
    921,
    868,
    871,
    781,
    710,
    860,
    802,
    797,
    880,
    875,
    829,
    644,
    790,
    768,
    767,
    808,
    796,
    693,
    809,
    843,
    879,
    844,
    801,
    931,
    700,
    826,
    828,
    806,
    896,
    768,
    738,
    741,
    855,
    890,
    1077,
    997,
    793,
    972,
    934,
    870,
    813,
    827,
    875,
    848,
    553,
    772,
    876,
    946,
    1011,
    926,
    888,
    953,
    866,
    923,
    913,
    845
  ],
  "frame_begin_times": [
    0,
    16702,
    33403,
    50013,
    66709,
    83342,
    100066,
    116681,
    133311,
    149975,
    166659,
    183295,
    199996,
    216637,
    233310,
    249962,
    266620,
    283281,
    1349813,
    1366591,
    1383189,
    1399949,
    1416584,
    1433196,
    1449861,
    1466528,
    1483196,
    1499851,
    1516503,
    1533215,
    1549848,
    1566501,
    1583162,
    1599774,
    1616579,
    1633183,
    1649843,
    1666542,
    1683175,
    1699856,
    1716489,
    1733183,
    1749803,
    1766456,
    1783123,
    1799810,
    1816533,
    1833151,
    1849767,
    1866464,
    1883147,
    1899799,
    1916480,
    1933161,
    1949807,
    1966470,
    1983141,
    1999803,
    2016400,
    2033139,
    2049777,
    2066402,
    2083136,
    2099800,
    2116498,
    2133137,
    2149774,
    2166489,
    2183125,
    2199797,
    2216420,
    2233097,
    2249795,
    2266449,
    2283059,
    2299722,
    2316456,
    2333147,
    2349787,
    2366462,
    2383114,
    2399776,
    2416517,
    2433152,
    2449811,
    2466454,
    2483084,
    2499742,
    2516370,
    2533077,
    2549776,
    2566433,
    2583091,
    2599743,
    2616403,
    2633099,
    2649722,
    2666424,
    2682937,
    2699728,
    2716405,
    2732974,
    2749650,
    2766445,
    2783060,
    2799719,
    2816392,
    2833036,
    2849664,
    2866394,
    2883036,
    2899685,
    2916405,
    2933045,
    2949670,
    2966367,
    2983073,
    2999724,
    3016400,
    3033144,
    3049745,
    3066388,
    3083046,
    3099680,
    3116424,
    3133068,
    3149691,
    3166333,
    3182995,
    3199727,
    3216374,
    3233014,
    3249702,
    3266355,
    3283033,
    3299676,
    3316378,
    3333042,
    3349696,
    3366329,
    3382981,
    3399692,
    3416404,
    3433051,
    3449680,
    3466366,
    3483048,
    3499721,
    3516427,
    3533090,
    3549720,
    3566369,
    3583015,
    3599682,
    3616406,
    3633045,
    3649726,
    3666421,
    3683087,
    3699734,
    3716398,
    3733071,
    3749715,
    3766376,
    3783076,
    3799729,
    3816368,
    3833086,
    3849740,
    3866439,
    3883084,
    3899776,
    3916495,
    3933129,
    3949789,
    3966454,
    3983127,
    3999793,
    4016420,
    4033060,
    4049739,
    4066456,
    4083143,
    4099819,
    4116531,
    4133138,
    4149790,
    4166475,
    4183124,
    4199808,
    4216484,
    4233125,
    4249760,
    4266385,
    4283123,
    4299809,
    4316540,
    4333235,
    4349846,
    4366503,
    4383121,
    4399781,
    4416495,
    4433124,
    4449778
  ],