{
  "average_frame_build_time_millis": 0.5774292682926827,
  "90th_percentile_frame_build_time_millis": 1.4,
  "99th_percentile_frame_build_time_millis": 3.108,
  "worst_frame_build_time_millis": 4.817,
  "missed_frame_build_budget_count": 0,
  "average_frame_rasterizer_time_millis": 0.8437832512315272,
  "stddev_frame_rasterizer_time_millis": 0.06470499162804245,
  "90th_percentile_frame_rasterizer_time_millis": 0.947,
  "99th_percentile_frame_rasterizer_time_millis": 1.097,
  "worst_frame_rasterizer_time_millis": 1.419,
  "missed_frame_rasterizer_budget_count": 0,
  "frame_count": 205,
  "frame_rasterizer_count": 203,
  "new_gen_gc_count": 6,
  "old_gen_gc_count": 0,
  "frame_build_times": [
    1809,
    1711,
    1818,
    1845,
    1476,
    1702,
    1685,
    1357,
    1311,
    1139,
    1371,
    1396,
    1345,
    1400,
    4817,
    177,
    149,
    180,
    291,
    1872,
    1256,
    1415,
    1418,
    1227,
    1187,
    1233,
    1233,
    1392,
    1243,
    1402,
    1240,
    1235,
    1202,
    1217,
    1779,
    201,
    163,
    195,
    167,
    168,
    218,
    194,
    169,
    183,
    170,
    175,
    197,
    181,
    186,
    166,
    190,
    180,
    152,
    227,
    184,
    159,
    217,
    158,
    189,
    163,
    165,
    191,
    157,
    198,
    159,
    209,
    185,
    163,
    183,
    176,
    164,
    179,
    155,
    175,
    210,
    2044,
    655,
    177,
    245,
    199,
    200,
    185,
    195,
    200,
    166,
    177,
    147,
    231,
    1387,
    598,
    142,
    201,
    187,
    172,
    195,
    207,
    153,
    214,
    170,
    157,
    177,
    1687,
    559,
    263,
    167,
    202,
    178,
    196,
    185,
    169,
    184,
    177,
    191,
    211,
    1025,
    543,
    192,
    224,
    197,
    172,
    163,
    170,
    196,
    158,
    187,
    166,
    174,
    3758,
    844,
    767,
    712,
    736,
    680,
    707,
    654,
    707,
    690,
    664,
    660,
    715,
    1981,
    675,
    688,
    672,
    677,
    676,
    673,
    187,
    186,
    184,
    196,
    183,
    174,
    1363,
    603,
    176,
    207,
    166,
    199,
    208,
    184,
    203,
    157,
    173,
    141,
    170,
    1619,
    597,
    186,
    184,
    160,
    183,
    210,
    155,
    178,
    152,
    181,
    153,
    199,
    3108,
    792,
    806,
    699,
    731,
    698,
    663,
    730,
    721,
    641,
    577,
    659,
    718,
    1963,
    643,
    634,
    604,
    637,
    588,
    654,
    159,
    174,
    163,
    214,
    210,
    166
  ],
  "frame_rasterizer_times": [
    1107,
    1057,
    917,
    1031,
    1042,
    1033,
    1004,
    926,
    1042,
    1095,
    1028,
    1017,
    1001,
    982,
    676,
    913,
    1419,
    1097,
    916,
    944,
    984,
    924,
    880,
    918,
    865,
    976,
    901,
    887,
    822,
    915,
    871,
    841,
    827,
    857,
    867,
    799,
    786,
    884,
    932,
    861,
    822,
    788,
    812,
    750,
    865,
    833,
    780,
    769,
    818,
    805,
    707,
    980,
    828,
    797,
    979,
    802,
    819,
    816,
    822,
    810,
    831,
    786,
    777,
    833,
    872,
    813,
    872,
    780,
    747,
    772,
    797,
    851,
    914,
    807,
    928,
    701,
    913,
    863,
    818,
    846,
    811,
    853,
    782,
    817,
    786,
    759,
    690,
    910,
    689,
    911,
    841,
    858,
    824,
    817,
    837,
    871,
    890,
    800,
    801,
    751,
    720,
    860,
    822,
    870,
    864,
    780,
    809,
    802,
    830,
    803,
    822,
    817,
    679,
    738,
    953,
    924,
    890,
    799,
    809,
    843,
    940,
    861,
    836,
    808,
    830,
    745,
    754,
    845,
    790,
    812,
    794,
    770,
    794,
    820,
    814,
    801,
    842,
    817,
    765,
    850,
    877,
    821,
    816,
    807,
    835,
    808,
    801,
    762,
    904,
    861,
    640,
    708,
    870,
    840,
    817,
    794,
    899,
    863,
    882,
    836,
    776,
    735,
    638,
    794,
    752,
    825,
    941,
    802,
    791,
    782,
    919,
    816,
    788,
    794,
    772,
    795,
    818,
    701,
    722,
    947,
    846,
    829,
    867,
    823,
    855,
    845,
    795,
    676,
    816,
    829,
    779,
    884,
    845,
    823,
    909,
    812,
    826,
    819,
    814,
    686,
    995,
    934,
    845
  ],
  "frame_begin_times": [
    0,
    16646,
    33389,
    50005,
    66636,
    83330,
    99993,
    116679,
    133341,
    149966,
    166629,
    183291,
    199953,
    216610,
    233269,
    249965,
    266558,
    283240,
    1349822,
    1366624,
    1383159,
    1399927,
    1416485,
    1433196,
    1449866,
    1466516,
    1483198,
    1499902,
    1516538,
    1533167,
    1549824,
    1566543,
    1583159,
    1599825,
    1616487,
    1633147,
    1649866,
    1666492,
    1683145,
    1699804,
    1716515,
    1733129,
    1749831,
    1766453,
    1783120,
    1799782,
    1816483,
    1833122,
    1849791,
    1866480,
    1883107,
    1899848,
    1916442,
    1933113,
    1949802,
    1966441,
    1983127,
    1999778,
    2016468,
    2033083,
    2049756,
    2066445,
    2083084,
    2099749,
    2116417,
    2133099,
    2149808,
    2166408,
    2183065,
    2199772,
    2216394,
    2233070,
    2249753,
    2266400,
    2283144,
    2299723,
    2316469,
    2333038,
    2349758,
    2366430,
    2383094,
    2399716,
    2416404,
    2433071,
    2449688,
    2466412,
    2483083,
    2499682,
    2516290,
    2533046,
    2549670,
    2566375,
    2583019,
    2599708,
    2616367,
    2633040,
    2649735,
    2666371,
    2682961,
    2699695,
    2716384,
    2732975,
    2749684,
    2766352,
    2783007,
    2799691,
    2816371,
    2833013,
    2849704,
    2866317,
    2883024,
    2899694,
    2916363,
    2932966,
    2949602,
    2966235,
    2983035,
    2999666,
    3016334,
    3032978,
    3049629,
    3066349,
    3082962,
    3099640,
    3116340,
    3132980,
    3149634,
    3166278,
    3182943,
    3199646,
    3216341,
    3232969,
    3249649,
    3266306,
    3282941,
    3299622,
    3316320,
    3332985,
    3349615,
    3366279,
    3382905,
    3399634,
    3416344,
    3432972,
    3449633,
    3466333,
    3482880,
    3499631,
    3516286,
    3532940,
    3549664,
    3566283,
    3582878,
    3599552,
    3616298,
    3632962,
    3649625,
    3666309,
    3682915,
    3699631,
    3716320,
    3732939,
    3749591,
    3766248,
    3782880,
    3799530,
    3816245,
    3832824,
    3849600,
    3866233,
    3882918,
    3899524,
    3916257,
    3932894,
    3949533,
    3966231,
    3982916,
    3999560,
    4016189,
    4032823,
    4049520,
    4066248,
    4082889,
    4099540,
    4116209,
    4132876,
    4149562,
    4166214,
    4182883,
    4199502,
    4216193,
    4232852,
    4249489,
    4266182,
    4282884,
    4299505,
    4316142,
    4332852,
    4349503,
    4366157,
    4382858,
    4399463,
    4416257,
    4432847,
    4449505
  ],