{
  "average_frame_build_time_millis": 0.9040925925925926,
  "90th_percentile_frame_build_time_millis": 1.871,
  "99th_percentile_frame_build_time_millis": 4.281,
  "worst_frame_build_time_millis": 4.757,
  "missed_frame_build_budget_count": 0,
  "average_frame_rasterizer_time_millis": 0.9414409937888197,
  "stddev_frame_rasterizer_time_millis": 0.09235893676941473,
  "90th_percentile_frame_rasterizer_time_millis": 1.113,
  "99th_percentile_frame_rasterizer_time_millis": 1.295,
  "worst_frame_rasterizer_time_millis": 1.334,
  "missed_frame_rasterizer_budget_count": 0,
  "frame_count": 162,
  "frame_rasterizer_count": 161,
  "new_gen_gc_count": 4,
  "old_gen_gc_count": 2,
  "frame_build_times": [
    1492,
    1574,
    1786,
    2104,
    1673,
    1984,
    1885,
    1935,
    1871,
    1877,
    1921,
    1813,
    2085,
    2006,
    1900,
    1936,
    1305,
    1620,
    1869,
    1781,
    1831,
    1756,
    1443,
    1446,
    1566,
    1493,
    1616,
    1458,
    1542,
    4102,
    214,
    211,
    227,
    4031,
    1163,
    870,
    744,
    741,
    705,
    760,
    696,
    638,
    616,
    731,
    717,
    694,
    741,
    682,
    754,
    1422,
    529,
    893,
    951,
    180,
    213,
    230,
    228,
    250,
    210,
    194,
    220,
    233,
    192,
    178,
    225,
    4281,
    878,
    812,
    819,
    781,
    794,
    761,
    663,
    625,
    794,
    793,
    830,
    772,
    886,
    877,
    768,
    2325,
    978,
    1075,
    1068,
    242,
    186,
    169,
    184,
    177,
    247,
    214,
    237,
    215,
    189,
    243,
    241,
    4757,
    819,
    800,
    727,
    702,
    640,
    677,
    659,
    746,
    765,
    744,
    670,
    671,
    744,
    697,
    748,
    1380,
    854,
    1076,
    918,
    176,
    185,
    207,
    200,
    237,
    224,
    196,
    236,
    207,
    170,
    162,
    213,
    4559,
    831,
    726,
    831,
    756,
    723,
    680,
    719,
    749,
    688,
    744,
    703,
    734,
    700,
    731,
    776,
    1580,
    1026,
    1019,
    1102,
    228,
    183,
    207,
    226,
    227,
    219,
    173,
    191,
    224,
    199,
    226,
    206,
    293
  ],
  "frame_rasterizer_times": [
    1024,
    1240,
    1334,
    1024,
    1203,
    1280,
    1213,
    1210,
    1197,
    1146,
    1206,
    1313,
    1208,
    1295,
    1208,
    779,
    1043,
    1113,
    1070,
    1052,
    1050,
    1010,
    1057,
    1134,
    1077,
    1137,
    1107,
    1070,
    930,
    1091,
    984,
    888,
    870,
    1031,
    992,
    997,
    918,
    872,
    951,
    890,
    754,
    864,
    962,
    936,
    874,
    938,
    867,
    928,
    848,
    506,
    816,
    807,
    833,
    984,
    943,
    883,
    941,
    892,
    892,
    888,
    873,
    717,
    1003,
    849,
    896,
    809,
    1034,
    1014,
    921,
    914,
    858,
    856,
    719,
    871,
    965,
    945,
    873,
    908,
    917,
    875,
    784,
    817,
    917,
    949,
    966,
    906,
    786,
    884,
    851,
    913,
    928,
    1004,
    883,
    856,
    893,
    937,
    884,
    831,
    1047,
    941,
    957,
    859,
    771,
    856,
    909,
    942,
    931,
    891,
    851,
    815,
    871,
    914,
    749,
    726,
    936,
    747,
    792,
    760,
    906,
    902,
    933,
    872,
    871,
    930,
    771,
    969,
    752,
    765,
    896,
    808,
    921,
    1046,
    997,
    930,
    961,
    912,
    978,
    935,
    943,
    975,
    965,
    931,
    961,
    959,
    811,
    932,
    1059,
    979,
    933,
    950,
    953,
    993,
    808,
    945,
    898,
    1010,
    902,
    903,
    921,
    1005,
    1140
  ],
  "frame_begin_times": [
    0,
    16665,
    33341,
    50048,
    66661,
    83342,
    100059,
    116765,
    133335,
    150035,
    166718,
    183364,
    200051,
    216692,
    233338,
    250016,
    266602,
    283272,
    300021,
    316646,
    333327,
    350012,
    366650,
    383344,
    399968,
    416650,
    433348,
    450007,
    466669,
    483383,
    499955,
    516634,
    533329,
    549924,
    566637,
    583328,
    599989,
    616664,
    633313,
    649979,
    666626,
    683255,
    699974,
    716610,
    733307,
    749967,
    766647,
    783303,
    799984,
    816556,
    833201,
    850001,
    866631,
    883252,
    900001,
    916562,
    933311,
    949977,
    966627,
    983287,
    999937,
    1016598,
    1033303,
    1049992,
    1066612,
    1083234,
    1099890,
    1116642,
    1133267,
    1149913,
    1166576,
    1183256,
    1199963,
    1216554,
    1233261,
    1249926,
    1266665,
    1283264,
    1299891,
    1316653,
    1333248,
    1349866,
    1366536,
    1383271,
    1399938,
    1416447,
    1433054,
    1449794,
    1466457,
    1483181,
    1499785,
    1516459,
    1533080,
    1549781,
    1566438,
    1583070,
    1599780,
    1616387,
    1633041,
    1649761,
    1666437,
    1683119,
    1699761,
    1716402,
    1733100,
    1749739,
    1766424,
    1783136,
    1799752,
    1816407,
    1833067,
    1849738,
    1866363,
    1883013,
    1899659,
    1916390,
    1932996,
    1949765,
    1966379,
    1983049,
    1999714,
    2016402,
    2033075,
    2049714,
    2066363,
    2083040,
    2099695,
    2116434,
    2132995,
    2149646,
    2166336,
    2183040,
    2199729,
    2216353,
    2233058,
    2249686,
    2266334,
    2283087,
    2299717,
    2316395,
    2333018,
    2349693,
    2366380,
    2383005,
    2399667,
    2416261,
    2433003,
    2449678,
    2466313,
    2482990,
    2499667,
    2516334,
    2532960,
    2549648,
    2566332,
    2582984,
    2599627,
    2616315,
    2633001,
    2649650,
    2666351,
    2782816
  ],
  "frame_rasterizer_begin_times": [
    0,
    16823,
    33603,
    50096,
    66921,
    83562,
    100302,
    116851,
    133558,
    150227,
    166814,
    183647,
    200351,
    216850,
    233511,
    249859,
    266580,
    283565,
    300104,
    316812,
    333477,
    349763,
    366451,
    383146,
    399784,
    416561,
    433095,
    449808,
    467693,
    482678,
    499362,
    516069,
    535646,
    549471,
    566144,
    582784,
    599465,
    616100,
    632779,
    649409,
    666020,
    682744,
    699394,
    716082,
    732733,
    749419,
    766064,
    782760,
    799900,
    816044,
    833027,
    849672,
    865947,
    882728,
    899274,
    916029,
    932744,
    949349,
    965977,
    982644,
    999295,
    1016013,
    1032690,
    1049313,
    1068976,
    1082724,
    1099420,
    1116069,
    1132700,
    1149360,
    1166014,
    1182726,
    1199300,
    1216030,
    1232710,
    1249486,
    1266054,
    1282754,
    1299475,
    1316030,
    1333616,
    1349618,
    1366367,
    1383056,
    1399155,
    1415761,
    1432488,
    1449160,
    1465869,
    1482505,
    1499184,
    1515827,
    1532508,
    1549143,
    1565780,
    1582487,
    1602300,
    1615869,
    1632560,
    1649212,
    1665910,
    1682524,
    1699170,
    1715861,
    1732531,
    1749218,
    1765923,
    1782515,
    1799163,
    1815815,
    1832493,
    1849151,
    1866345,
    1882649,
    1899524,
    1916038,
    1932462,
    1949081,
    1965750,
    1982438,
    1999159,
    2015775,
    2032429,
    2049076,
    2065730,
    2082377,
    2099117,
    2115672,
    2135342,
    2149141,
    2165834,
    2182576,
    2199136,
    2215827,
    2232441,
    2249108,
    2265883,
    2282475,
    2299164,
    2315785,
    2332480,
    2349177,
    2365807,
    2382490,
    2399705,
    2416099,
    2432749,
    2449460,
    2465741,
    2482368,
    2499036,
    2515660,
    2532338,
    2549070,
    2565675,
    2582331,
    2599051,
    2615716,
    2632391,
    2649072,
    2765613
  ],
  "average_vsync_transitions_missed": 0.0,
  "90th_percentile_vsync_transitions_missed": 0.0,