{
  "average_frame_build_time_millis": 0.8762716049382708,
  "90th_percentile_frame_build_time_millis": 1.808,
  "99th_percentile_frame_build_time_millis": 4.314,
  "worst_frame_build_time_millis": 4.445,
  "missed_frame_build_budget_count": 0,
  "average_frame_rasterizer_time_millis": 0.9233271604938269,
  "stddev_frame_rasterizer_time_millis": 0.10528494131992064,
  "90th_percentile_frame_rasterizer_time_millis": 1.121,
  "99th_percentile_frame_rasterizer_time_millis": 1.224,
  "worst_frame_rasterizer_time_millis": 1.359,
  "missed_frame_rasterizer_budget_count": 0,
  "frame_count": 162,
  "frame_rasterizer_count": 162,
  "new_gen_gc_count": 4,
  "old_gen_gc_count": 2,
  "frame_build_times": [
    1550,
    1873,
    1831,
    1847,
    1783,
    1808,
    1511,
    1716,
    1705,
    1686,
    1813,
    1808,
    1807,
    1926,
    1732,
    1808,
    1852,
    1759,
    1527,
    1947,
    1812,
    1923,
    1379,
    1543,
    1788,
    1543,
    1478,
    1373,
    1392,
    4314,
    187,
    172,
    198,
    4211,
    801,
    748,
    694,
    706,
    679,
    708,
    646,
    663,
    663,
    711,
    809,
    788,
    706,
    722,
    735,
    1186,
    634,
    487,
    146,
    181,
    248,
    257,
    230,
    288,
    186,
    222,
    217,
    182,
    185,
    169,
    207,
    4090,
    847,
    742,
    667,
    770,
    730,
    785,
    833,
    803,
    789,
    718,
    735,
    676,
    677,
    770,
    752,
    2358,
    1232,
    973,
    1398,
    190,
    192,
    204,
    257,
    213,
    201,
    207,
    203,
    199,
    189,
    234,
    177,
    4445,
    792,
    729,
    731,
    779,
    681,
    647,
    734,
    625,
    694,
    723,
    785,
    659,
    631,
    665,
    668,
    1355,
    980,
    1130,
    1037,
    265,
    180,
    197,
    237,
    285,
    206,
    258,
    193,
    199,
    187,
    212,
    252,
    4400,
    693,
    646,
    720,
    692,
    796,
    712,
    577,
    674,
    623,
    636,
    636,
    694,
    631,
    567,
    668,
    1589,
    945,
    1022,
    1051,
    177,
    220,
    240,
    202,
    234,
    172,
    191,
    188,
    176,
    194,
    172,
    215,
    225
  ],
  "frame_rasterizer_times": [
    1017,
    1169,
    1128,
    1224,
    1140,
    1283,
    962,
    1126,
    1096,
    1075,
    1157,
    1175,
    1148,
    1216,
    1207,
    1070,
    1067,
    1067,
    816,
    1108,
    1174,
    1186,
    1121,
    1137,
    1359,
    1116,
    1047,
    1023,
    989,
    892,
    1021,
    777,
    851,
    914,
    759,
    868,
    876,
    954,
    913,
    846,
    844,
    922,
    915,
    906,
    1049,
    994,
    916,
    910,
    893,
    744,
    452,
    494,
    667,
    818,
    1083,
    1010,
    1029,
    984,
    1082,
    1031,
    877,
    849,
    854,
    855,
    815,
    788,
    730,
    865,
    694,
    856,
    852,
    957,
    964,
    921,
    897,
    812,
    867,
    820,
    785,
    940,
    861,
    773,
    846,
    921,
    1083,
    825,
    1035,
    932,
    1013,
    795,
    855,
    924,
    890,
    770,
    842,
    814,
    859,
    904,
    823,
    929,
    874,
    946,
    881,
    855,
    938,
    810,
    894,
    903,
    874,
    868,
    845,
    836,
    891,
    702,
    875,
    922,
    850,
    1058,
    874,
    874,
    925,
    1140,
    948,
    975,
    946,
    862,
    854,
    937,
    899,
    806,
    626,
    746,
    842,
    867,
    982,
    855,
    702,
    873,
    848,
    828,
    868,
    913,
    856,
    689,
    829,
    766,
    1017,
    1072,
    997,
    1026,
    983,
    925,
    914,
    971,
    969,
    754,
    869,
    858,
    899,
    829,
    928,
    1107
  ],
  "frame_begin_times": [
    0,
    16699,
    33370,
    50022,
    66658,
    83370,
    100012,
    116679,
    133364,
    150050,
    166681,
    183407,
    200061,
    216712,
    233404,
    250057,
    266681,
    283403,
    300010,
    316733,
    333420,
    350098,
    366741,
    383467,
    400144,
    416753,
    433383,
    450053,
    466715,
    483414,
    500068,
    516680,
    533383,
    549983,
    566681,
    583390,
    600049,
    616736,
    633389,
    650114,
    666734,
    683391,
    700067,
    716727,
    733512,
    750081,
    766739,
    783375,
    800056,
    816675,
    833293,
    850051,
    866761,
    883447,
    900221,
    916859,
    933537,
    950161,
    966787,
    983557,
    1000097,
    1016791,
    1033439,
    1050095,
    1066717,
    1083378,
    1100030,
    1116749,
    1133385,
    1150079,
    1166756,
    1183493,
    1200080,
    1216810,
    1233472,
    1250092,
    1266789,
    1283471,
    1300078,
    1316714,
    1333470,
    1350072,
    1366806,
    1383437,
    1400161,
    1416802,
    1433451,
    1450113,
    1466779,
    1483448,
    1500086,
    1516762,
    1533431,
    1550030,
    1566799,
    1583410,
    1600036,
    1616715,
    1633380,
    1650062,
    1666737,
    1683451,
    1700060,
    1716778,
    1733433,
    1750042,
    1766760,
    1783427,
    1800066,
    1816755,
    1833384,
    1850112,
    1866719,
    1883329,
    1900053,
    1916798,
    1933390,
    1950137,
    1966755,
    1983463,
    2000105,
    2016858,
    2033456,
    2050111,
    2066786,
    2083437,
    2100110,
    2116729,
    2133332,
    2150026,
    2166678,
    2183379,
    2200097,
    2216759,
    2233497,
    2250115,
    2266672,
    2283384,
    2300070,
    2316730,
    2333428,
    2350078,
    2366735,
    2383388,
    2400072,
    2416695,
    2433420,
    2450136,
    2466772,
    2483522,
    2500134,
    2516785,
    2533420,
    2550090,
    2566764,
    2583381,
    2600070,
    2616730,
    2633412,
    2650066,
    2666720,
    2783302
  ],
  "frame_rasterizer_begin_times": [
    0,
    16812,
    33492,
    50137,
    66724,
    83437,
    99975,
    116724,
    133375,
    150078,
    166791,
    183514,
    200174,
    216917,
    233412,
    250142,
    266910,
    283522,
    300013,
    316959,
    333466,
    350212,
    366383,
    383235,
    400006,
    416552,
    433191,
    449775,
    466418,
    484204,
    499414,
    516005,
    532740,
    552431,
    566139,
    582801,
    599451,
    616167,
    632807,
    649512,
    666131,
    682804,
    699479,
    716167,
    732982,
    749507,
    766148,
    782817,
    799460,
    816574,
    832801,
    849517,
    866063,
    882782,
    899601,
    916272,
    932920,
    949574,
    966132,
    982933,
    999438,
    1016129,
    1032764,
    1049420,
    1066036,
    1085614,
    1099493,
    1116135,
    1132764,
    1149489,
    1166158,
    1182934,
    1199545,
    1216276,
    1232908,
    1249521,
    1266189,
    1282858,
    1299480,
    1316142,
    1332885,
    1350492,
    1366558,
    1383111,
    1400063,
    1416150,
    1432801,
    1449470,
    1466153,
    1482777,
    1499443,
    1516125,
    1532794,
    1549362,
    1566136,
    1582757,
    1599371,
    1619080,
    1632832,
    1649475,
    1666147,
    1682912,
    1699469,
    1716173,
    1732850,
    1749410,
    1766177,
    1782875,
    1799535,
    1816173,
    1832779,
    1849533,
    1866139,
    1883309,
    1899753,
    1916602,
    1933123,
    1949522,
    1966097,
    1982811,
    1999495,
    2016288,
    2032818,
    2049496,
    2066135,
    2082796,
    2099459,
    2116078,
    2132673,
    2152296,
    2166074,
    2182792,
    2199502,
    2216181,
    2232968,
    2249518,
    2266058,
    2282778,
    2299443,
    2316096,
    2332798,
    2349482,
    2366142,
    2382772,
    2399499,
    2416786,
    2433084,
    2449818,
    2466474,
    2482861,
    2499480,
    2516153,
    2532780,
    2549484,
    2566098,
    2582711,
    2599412,
    2616065,
    2632741,
    2649385,
    2666046,
    2782683
  ],
  "average_vsync_transitions_missed": 0.0,
  "90th_percentile_vsync_transitions_missed": 0.0,