{
  "average_frame_build_time_millis": 0.5718446601941749,
  "90th_percentile_frame_build_time_millis": 1.386,
  "99th_percentile_frame_build_time_millis": 3.625,
  "worst_frame_build_time_millis": 4.795,
  "missed_frame_build_budget_count": 0,
  "average_frame_rasterizer_time_millis": 0.8556243902439024,
  "stddev_frame_rasterizer_time_millis": 0.06156516359309929,
  "90th_percentile_frame_rasterizer_time_millis": 0.96,
  "99th_percentile_frame_rasterizer_time_millis": 1.078,
  "worst_frame_rasterizer_time_millis": 1.343,
  "missed_frame_rasterizer_budget_count": 0,
  "frame_count": 206,
  "frame_rasterizer_count": 205,
  "new_gen_gc_count": 4,
  "old_gen_gc_count": 0,
  "frame_build_times": [
    1702,
    1637,
    1627,
    1654,
    1605,
    1622,
    1644,
    1386,
    1306,
    1117,
    1338,
    1365,
    1216,
    1221,
    4795,
    195,
    191,
    193,
    308,
    1520,
    1326,
    1228,
    1404,
    1340,
    1198,
    1325,
    1194,
    1240,
    1529,
    1320,
    1234,
    1251,
    1136,
    1634,
    188,
    206,
    170,
    185,
    164,
    166,
    188,
    193,
    172,
    186,
    178,
    207,
    187,
    165,
    184,
    213,
    203,
    161,
    186,
    196,
    162,
    185,
    220,
    175,
    185,
    185,
    202,
    200,
    173,
    180,
    158,
    191,
    169,
    176,
    176,
    165,
    191,
    179,
    187,
    187,
    212,
    226,
    2438,
    658,
    221,
    183,
    197,
    209,
    151,
    187,
    192,
    187,
    160,
    217,
    183,
    1058,
    573,
    197,
    209,
    207,
    214,
    216,
    182,
    246,
    198,
    208,
    195,
    188,
    1729,
    605,
    175,
    213,
    198,
    230,
    287,
    226,
    172,
    218,
    172,
    231,
    187,
    1454,
    651,
    167,
    185,
    192,
    225,
    194,
    166,
    164,
    219,
    214,
    222,
    157,
    4040,
    817,
    760,
    711,
    749,
    612,
    712,
    792,
    727,
    727,
    756,
    685,
    716,
    1965,
    689,
    722,
    683,
    591,
    653,
    192,
    183,
    187,
    196,
    213,
    160,
    216,
    1052,
    574,
    161,
    182,
    178,
    193,
    165,
    183,
    189,
    209,
    179,
    203,
    186,
    1565,
    599,
    173,
    141,
    192,
    173,
    181,
    180,
    156,
    170,
    191,
    215,
    191,
    3625,
    798,
    807,
    730,
    753,
    734,
    700,
    717,
    678,
    694,
    657,
    688,
    671,
    2005,
    659,
    641,
    666,
    633,
    708,
    222,
    183,
    163,
    179,
    176,
    210,
    158
  ],
  "frame_rasterizer_times": [
    1068,
    1078,
    1040,
    1032,
    1013,
    1115,
    1032,
    1029,
    880,
    1077,
    1064,
    1025,
    1000,
    1006,
    996,
    966,
    908,
    1343,
    875,
    944,
    842,
    938,
    905,
    900,
    936,
    896,
    887,
    942,
    902,
    871,
    853,
    845,
    716,
    876,
    802,
    810,
    813,
    761,
    835,
    880,
    837,
    837,
    823,
    846,
    820,
    820,
    789,
    875,
    819,
    856,
    785,
    800,
    887,
    883,
    797,
    782,
    815,
    738,
    853,
    886,
    873,
    818,
    765,
    776,
    769,
    773,
    798,
    803,
    760,
    839,
    805,
    860,
    804,
    830,
    796,
    848,
    960,
    960,
    883,
    852,
    844,
    803,
    713,
    858,
    818,
    772,
    834,
    831,
    683,
    918,
    821,
    983,
    955,
    833,
    881,
    885,
    912,
    854,
    834,
    823,
    765,
    796,
    842,
    907,
    867,
    982,
    891,
    1003,
    898,
    750,
    856,
    845,
    796,
    843,
    785,
    932,
    887,
    836,
    865,
    863,
    814,
    875,
    868,
    866,
    836,
    859,
    777,
    848,
    742,
    847,
    817,
    831,
    714,
    833,
    869,
    788,
    910,
    798,
    786,
    831,
    747,
    906,
    904,
    902,
    708,
    804,
    886,
    815,
    818,
    851,
    805,
    801,
    901,
    644,
    833,
    804,
    799,
    809,
    746,
    766,
    778,
    819,
    911,
    804,
    916,
    788,
    728,
    890,
    832,
    706,
    897,
    849,
    891,
    818,
    780,
    774,
    843,
    892,
    801,
    686,
    738,
    920,
    857,
    933,
    874,
    879,
    871,
    811,
    800,
    790,
    870,
    888,
    770,
    942,
    788,
    899,
    848,
    871,
    927,
    831,
    818,
    852,
    852,
    897,
    831
  ],
  "frame_begin_times": [
    0,
    16696,
    33335,
    50022,
    66699,
    83383,
    100053,
    116714,
    133385,
    149972,
    166669,
    183379,
    200106,
    216694,
    233376,
    250044,
    266779,
    283362,
    1336221,
    1350101,
    1366737,
    1383379,
    1400067,
    1416727,
    1433406,
    1450039,
    1466785,
    1483405,
    1500079,
    1516795,
    1533418,
    1550075,
    1566737,
    1583395,
    1600111,
    1616748,
    1633407,
    1650108,
    1666727,
    1683401,
    1700046,
    1716743,
    1733396,
    1750049,
    1766735,
    1783391,
    1800051,
    1816786,
    1833376,
    1850054,
    1866797,
    1883417,
    1900091,
    1916724,
    1933427,
    1950084,
    1966735,
    1983414,
    2000151,
    2016753,
    2033445,
    2050112,
    2066746,
    2083416,
    2100079,
    2116718,
    2133379,
    2150070,
    2166751,
    2183404,
    2200073,
    2216778,
    2233392,
    2250092,
    2266827,
    2283424,
    2300060,
    2316803,
    2333433,
    2350089,
    2366745,
    2383390,
    2400073,
    2416714,
    2433384,
    2450047,
    2466743,
    2483423,
    2500025,
    2516720,
    2533447,
    2550098,
    2566728,
    2583426,
    2600123,
    2616755,
    2633450,
    2650072,
    2666775,
    2683437,
    2700084,
    2716755,
    2733374,
    2750080,
    2766819,
    2783490,
    2800159,
    2816790,
    2833479,
    2850087,
    2866790,
    2883469,
    2900087,
    2916748,
    2933378,
    2950032,
    2966792,
    2983477,
    3000103,
    3016754,
    3033429,
    3050068,
    3066723,
    3083433,
    3100094,
    3116762,
    3133457,
    3150073,
    3166699,
    3183381,
    3200089,
    3216784,
    3233461,
    3250063,
    3266780,
    3283464,
    3300132,
    3316751,
    3333409,
    3350118,
    3366779,
    3383371,
    3400106,
    3416811,
    3433439,
    3450074,
    3466824,
    3483438,
    3500119,
    3516787,
    3533466,
    3550014,
    3566772,
    3583417,
    3600068,
    3616763,
    3633468,
    3650097,
    3666755,
    3683403,
    3700109,
    3716794,
    3733455,
    3750107,
    3766772,
    3783504,
    3800084,
    3816721,
    3833450,
    3850122,
    3866751,
    3883479,
    3900103,
    3916821,
    3933467,
    3950117,
    3966801,
    3983445,
    4000123,
    4016745,
    4033406,
    4050097,
    4066824,
    4083473,
    4100128,
    4116831,
    4133445,
    4150134,
    4166766,
    4183471,
    4200171,
    4216788,
    4233481,
    4250091,
    4266853,
    4283487,
    4300203,
    4316847,
    4333464,
    4350171,
    4366835,
    4383501,
    4400136,
    4416817,
    4433466,
    4450138
  ],