{
  "average_frame_build_time_millis": 0.8806441717791407,
  "90th_percentile_frame_build_time_millis": 1.851,
  "99th_percentile_frame_build_time_millis": 4.44,
  "worst_frame_build_time_millis": 4.583,
  "missed_frame_build_budget_count": 0,
  "average_frame_rasterizer_time_millis": 0.9291975308641979,
  "stddev_frame_rasterizer_time_millis": 0.09125621094345386,
  "90th_percentile_frame_rasterizer_time_millis": 1.126,
  "99th_percentile_frame_rasterizer_time_millis": 1.245,
  "worst_frame_rasterizer_time_millis": 1.33,
  "missed_frame_rasterizer_budget_count": 0,
  "frame_count": 163,
  "frame_rasterizer_count": 162,
  "new_gen_gc_count": 6,
  "old_gen_gc_count": 0,
  "frame_build_times": [
    3082,
    1661,
    1850,
    1803,
    1800,
    1604,
    2055,
    1874,
    1877,
    2050,
    1813,
    1858,
    1918,
    1732,
    1862,
    1889,
    1831,
    1440,
    1560,
    1882,
    1650,
    1810,
    1851,
    1467,
    1458,
    1528,
    1416,
    1470,
    1429,
    4560,
    176,
    205,
    196,
    241,
    4334,
    937,
    854,
    723,
    698,
    728,
    686,
    685,
    647,
    832,
    719,
    690,
    749,
    655,
    647,
    627,
    1357,
    1141,
    1144,
    208,
    246,
    233,
    220,
    219,
    180,
    228,
    186,
    197,
    169,
    211,
    209,
    151,
    4322,
    723,
    779,
    741,
    767,
    747,
    753,
    729,
    668,
    690,
    693,
    690,
    680,
    601,
    684,
    646,
    2332,
    1039,
    969,
    218,
    212,
    230,
    218,
    207,
    239,
    167,
    226,
    179,
    240,
    193,
    233,
    238,
    4583,
    953,
    722,
    704,
    709,
    666,
    743,
    687,
    676,
    655,
    698,
    662,
    698,
    722,
    674,
    664,
    1298,
    1030,
    1193,
    231,
    198,
    242,
    209,
    188,
    248,
    179,
    185,
    201,
    187,
    233,
    248,
    160,
    4440,
    727,
    753,
    739,
    769,
    703,
    685,
    668,
    656,
    646,
    616,
    713,
    597,
    686,
    566,
    612,
    1712,
    1144,
    1148,
    241,
    245,
    261,
    207,
    201,
    171,
    236,
    210,
    191,
    224,
    189,
    238,
    183,
    261
  ],
  "frame_rasterizer_times": [
    1017,
    1182,
    1159,
    1201,
    1023,
    1275,
    1245,
    1205,
    1330,
    1245,
    1198,
    1219,
    1211,
    1163,
    1164,
    1102,
    876,
    864,
    1163,
    1178,
    1178,
    1112,
    1061,
    1010,
    1092,
    1038,
    985,
    1066,
    935,
    794,
    963,
    928,
    951,
    988,
    999,
    1013,
    923,
    885,
    926,
    911,
    885,
    852,
    1126,
    931,
    880,
    926,
    857,
    895,
    889,
    716,
    1003,
    947,
    989,
    970,
    938,
    962,
    906,
    841,
    891,
    857,
    858,
    842,
    865,
    835,
    798,
    913,
    705,
    919,
    859,
    885,
    919,
    849,
    815,
    857,
    818,
    792,
    811,
    889,
    723,
    828,
    719,
    893,
    993,
    1012,
    896,
    894,
    973,
    894,
    887,
    937,
    898,
    938,
    847,
    870,
    861,
    872,
    840,
    840,
    938,
    896,
    825,
    828,
    830,
    935,
    924,
    880,
    844,
    874,
    855,
    851,
    892,
    903,
    874,
    714,
    932,
    1003,
    867,
    903,
    979,
    930,
    914,
    892,
    824,
    895,
    832,
    928,
    915,
    861,
    724,
    757,
    759,
    920,
    903,
    933,
    936,
    877,
    862,
    815,
    831,
    800,
    841,
    750,
    853,
    835,
    946,
    821,
    958,
    1011,
    1089,
    973,
    992,
    994,
    892,
    652,
    922,
    801,
    967,
    925,
    924,
    913,
    837,
    1096
  ],
  "frame_begin_times": [
    0,
    16680,
    33380,
    50045,
    66702,
    83313,
    100078,
    116718,
    133384,
    150131,
    166740,
    183387,
    200024,
    216707,
    233366,
    250050,
    266729,
    283353,
    300044,
    316646,
    333412,
    350022,
    366750,
    383385,
    400054,
    416730,
    433383,
    450065,
    466748,
    483389,
    499996,
    516772,
    533374,
    550040,
    566665,
    583382,
    600128,
    616746,
    633393,
    650070,
    666747,
    683393,
    700085,
    716884,
    733416,
    750066,
    766717,
    783414,
    800054,
    816720,
    833355,
    850126,
    866769,
    883458,
    900112,
    916764,
    933470,
    950069,
    966714,
    983375,
    1000086,
    1016711,
    1033393,
    1050044,
    1066721,
    1083389,
    1100053,
    1116673,
    1133416,
    1150065,
    1166851,
    1183351,
    1200061,
    1216725,
    1233440,
    1250071,
    1266774,
    1283411,
    1300089,
    1316694,
    1333430,
    1350164,
    1366688,
    1383439,
    1400090,
    1416820,
    1433503,
    1450095,
    1466760,
    1483457,
    1500097,
    1516833,
    1533457,
    1550070,
    1566749,
    1583449,
    1600170,
    1616735,
    1633377,
    1650093,
    1666773,
    1683476,
    1700085,
    1716759,
    1733451,
    1750118,
    1766786,
    1783446,
    1800113,
    1816758,
    1833494,
    1850155,
    1866798,
    1883425,
    1900038,
    1916781,
    1933479,
    1950144,
    1966805,
    1983495,
    2000232,
    2016814,
    2033469,
    2050131,
    2066753,
    2083437,
    2100166,
    2116776,
    2133475,
    2150054,
    2166724,
    2183417,
    2200102,
    2216790,
    2233484,
    2250100,
    2266757,
    2283446,
    2300118,
    2316765,
    2333452,
    2350114,
    2366733,
    2383484,
    2400150,
    2416827,
    2433432,
    2450169,
    2466840,
    2483408,
    2500003,
    2516666,
    2533375,
    2550053,
    2566636,
    2583361,
    2600008,
    2617183,
    2633378,
    2650031,
    2666728,
    2683306,
    2799854
  ],
  "frame_rasterizer_begin_times": [
    0,
    16756,
    33397,
    50084,
    66626,
    83579,
    100144,
    116808,
    133687,
    150113,
    166738,
    183433,
    200002,
    216759,
    233460,
    250080,
    266582,
    283347,
    300035,
    316667,
    333331,
    350204,
    366421,
    383076,
    399783,
    416405,
    433112,
    449780,
    467518,
    482584,
    499392,
    515987,
    532657,
    552398,
    566143,
    582853,
    599402,
    616055,
    632735,
    649421,
    666061,
    682742,
    699623,
    716106,
    732734,
    749393,
    766068,
    782702,
    799353,
    816578,
    833198,
    849838,
    866078,
    882766,
    899406,
    916110,
    932671,
    949305,
    966018,
    982687,
    999303,
    1015978,
    1032629,
    1049313,
    1065958,
    1085561,
    1099351,
    1116105,
    1132719,
    1149528,
    1166047,
    1182747,
    1199392,
    1216081,
    1232749,
    1249409,
    1266041,
    1282772,
    1299343,
    1316101,
    1332797,
    1350272,
    1366448,
    1383021,
    1399439,
    1416108,
    1432698,
    1449364,
    1466083,
    1482704,
    1499422,
    1516064,
    1532659,
    1549408,
    1566048,
    1582808,
    1599342,
    1618982,
    1632837,
    1649470,
    1666149,
    1682769,
    1699432,
    1716143,
    1732810,
    1749455,
    1766093,
    1782774,
    1799406,
    1816168,
    1832843,
    1849451,
    1866065,
    1883241,
    1899794,
    1916520,
    1932771,
    1949416,
    1966121,
    1982852,
    1999409,
    2016084,
    2032720,
    2049355,
    2066051,
    2082768,
    2099396,
    2116086,
    2132626,
    2152330,
    2166095,
    2182785,
    2199479,
    2216190,
    2232774,
    2249400,
    2266103,
    2282766,
    2299415,
    2316100,
    2332785,
    2349381,
    2366164,
    2382787,
    2399465,
    2416822,
    2433293,
    2449936,
    2466030,
    2482614,
    2499344,
    2516000,
    2532675,
    2549197,
    2566013,
    2582630,
    2599793,
    2616011,
    2632639,
    2649352,
    2665903,
    2782493
  ],
  "average_vsync_transitions_missed": 0.0,
  "90th_percentile_vsync_transitions_missed": 0.0,