{
  "average_frame_build_time_millis": 0.8646604938271609,
  "90th_percentile_frame_build_time_millis": 1.9,
  "99th_percentile_frame_build_time_millis": 4.271,
  "worst_frame_build_time_millis": 4.626,
  "missed_frame_build_budget_count": 0,
  "average_frame_rasterizer_time_millis": 0.9346832298136643,
  "stddev_frame_rasterizer_time_millis": 0.1099367308360015,
  "90th_percentile_frame_rasterizer_time_millis": 1.127,
  "99th_percentile_frame_rasterizer_time_millis": 1.336,
  "worst_frame_rasterizer_time_millis": 1.369,
  "missed_frame_rasterizer_budget_count": 0,
  "frame_count": 162,
  "frame_rasterizer_count": 161,
  "new_gen_gc_count": 4,
  "old_gen_gc_count": 2,
  "frame_build_times": [
    1598,
    1939,
    1929,
    1916,
    1881,
    1899,
    1900,
    1908,
    1804,
    1940,
    1962,
    1911,
    1951,
    2159,
    1992,
    1825,
    1887,
    1777,
    1888,
    1790,
    1832,
    1772,
    983,
    1526,
    1510,
    1403,
    1503,
    1416,
    4626,
    235,
    197,
    229,
    193,
    3773,
    891,
    885,
    718,
    701,
    775,
    874,
    732,
    775,
    747,
    699,
    816,
    822,
    696,
    787,
    758,
    1379,
    890,
    1024,
    272,
    228,
    209,
    251,
    206,
    288,
    232,
    238,
    234,
    189,
    231,
    197,
    231,
    3610,
    850,
    758,
    674,
    723,
    757,
    738,
    639,
    693,
    742,
    796,
    852,
    796,
    739,
    683,
    747,
    2296,
    1133,
    1007,
    232,
    252,
    208,
    187,
    177,
    188,
    251,
    188,
    181,
    199,
    188,
    203,
    198,
    4290,
    820,
    684,
    787,
    669,
    664,
    657,
    574,
    633,
    588,
    672,
    714,
    485,
    582,
    695,
    831,
    1753,
    596,
    539,
    213,
    213,
    245,
    236,
    206,
    221,
    168,
    200,
    196,
    218,
    281,
    204,
    202,
    4271,
    801,
    758,
    722,
    689,
    583,
    678,
    669,
    637,
    711,
    746,
    781,
    649,
    782,
    624,
    731,
    1638,
    910,
    876,
    251,
    188,
    199,
    166,
    172,
    216,
    203,
    215,
    173,
    186,
    202,
    232,
    202,
    264
  ],
  "frame_rasterizer_times": [
    1214,
    1198,
    1355,
    1264,
    1369,
    1227,
    1320,
    1288,
    1186,
    1248,
    1217,
    1171,
    1336,
    1269,
    1134,
    1132,
    1068,
    1126,
    1099,
    1126,
    1026,
    747,
    1127,
    1110,
    1083,
    1040,
    1064,
    991,
    1042,
    883,
    947,
    838,
    739,
    791,
    775,
    895,
    922,
    976,
    944,
    995,
    1072,
    1046,
    935,
    1041,
    985,
    953,
    992,
    970,
    749,
    781,
    916,
    999,
    1108,
    900,
    910,
    908,
    875,
    975,
    913,
    962,
    839,
    873,
    876,
    874,
    723,
    779,
    920,
    827,
    918,
    904,
    884,
    715,
    838,
    862,
    972,
    972,
    977,
    845,
    895,
    899,
    758,
    986,
    1012,
    832,
    860,
    845,
    856,
    895,
    922,
    858,
    816,
    833,
    896,
    816,
    802,
    872,
    804,
    807,
    874,
    968,
    880,
    828,
    840,
    798,
    946,
    873,
    923,
    879,
    614,
    759,
    900,
    963,
    765,
    454,
    485,
    718,
    878,
    1052,
    1045,
    931,
    965,
    806,
    870,
    894,
    939,
    1017,
    935,
    817,
    836,
    781,
    927,
    973,
    909,
    756,
    883,
    898,
    864,
    908,
    833,
    1009,
    894,
    1029,
    926,
    925,
    877,
    1029,
    804,
    985,
    864,
    866,
    860,
    904,
    871,
    832,
    831,
    878,
    942,
    813,
    970,
    934,
    1123
  ],
  "frame_begin_times": [
    0,
    16721,
    33407,
    50083,
    66749,
    83447,
    100056,
    116721,
    133427,
    150076,
    166738,
    183444,
    200108,
    216779,
    233468,
    250122,
    266800,
    283445,
    300071,
    316766,
    333428,
    350092,
    366728,
    383451,
    400137,
    416763,
    433451,
    450107,
    466851,
    483486,
    500114,
    516734,
    533418,
    550030,
    566719,
    583428,
    600171,
    616760,
    633473,
    650182,
    666837,
    683499,
    700113,
    716843,
    733534,
    750164,
    766786,
    783522,
    800157,
    816714,
    833388,
    850131,
    866843,
    883534,
    900137,
    916779,
    933454,
    950118,
    966952,
    983472,
    1000158,
    1016800,
    1033481,
    1050107,
    1066724,
    1083419,
    1100085,
    1116805,
    1133431,
    1150134,
    1166820,
    1183470,
    1200084,
    1216813,
    1233502,
    1250202,
    1266780,
    1283516,
    1300163,
    1316828,
    1333465,
    1350095,
    1366848,
    1383485,
    1400136,
    1416816,
    1433467,
    1450124,
    1466794,
    1483454,
    1500140,
    1516796,
    1533466,
    1550143,
    1566809,
    1583504,
    1600083,
    1616750,
    1633486,
    1650130,
    1666794,
    1683480,
    1700115,
    1716780,
    1733483,
    1750213,
    1766811,
    1783493,
    1800191,
    1816779,
    1833448,
    1850158,
    1866829,
    1883404,
    1900025,
    1916719,
    1933470,
    1950143,
    1966958,
    1983535,
    2000168,
    2016842,
    2033450,
    2050165,
    2066864,
    2083520,
    2100170,
    2116858,
    2133542,
    2150114,
    2166813,
    2183511,
    2200168,
    2216888,
    2233491,
    2250169,
    2266832,
    2283447,
    2300189,
    2316887,
    2333563,
    2350189,
    2366963,
    2383576,
    2400180,
    2416812,
    2433472,
    2450167,
    2466921,
    2483551,
    2500177,
    2516867,
    2533526,
    2550227,
    2566874,
    2583527,
    2600190,
    2616900,
    2633563,
    2650252,
    2666861,
    2783432
  ],
  "frame_rasterizer_begin_times": [
    0,
    16716,
    33338,
    50002,
    66752,
    83364,
    99943,
    116565,
    133389,
    150016,
    166739,
    183432,
    199974,
    216800,
    233350,
    250095,
    266629,
    283348,
    299962,
    316694,
    333315,
    349435,
    366348,
    383063,
    399649,
    416363,
    432953,
    451055,
    465973,
    482581,
    499239,
    515883,
    535376,
    549317,
    565954,
    582701,
    599291,
    616040,
    632752,
    649423,
    666080,
    682739,
    699420,
    716119,
    732767,
    749334,
    766125,
    782703,
    799806,
    816147,
    832985,
    849343,
    866037,
    882607,
    899277,
    915939,
    932641,
    949445,
    965964,
    982641,
    999265,
    1015979,
    1032582,
    1049176,
    1068475,
    1082670,
    1099359,
    1115934,
    1132669,
    1149362,
    1166020,
    1182609,
    1199332,
    1216039,
    1232781,
    1249418,
    1266072,
    1282693,
    1299364,
    1316016,
    1333610,
    1349783,
    1366313,
    1382597,
    1399339,
    1415958,
    1432578,
    1449254,
    1465915,
    1482607,
    1499264,
    1515926,
    1532623,
    1549267,
    1565979,
    1582559,
    1602010,
    1616056,
    1632647,
    1649329,
    1666006,
    1682649,
    1699330,
    1715992,
    1732717,
    1749328,
    1766049,
    1782757,
    1799254,
    1815942,
    1832681,
    1849393,
    1866497,
    1882672,
    1899318,
    1915935,
    1932630,
    1949475,
    1966050,
    1982651,
    1999347,
    2015894,
    2032646,
    2049333,
    2065980,
    2082637,
    2099353,
    2115996,
    2135449,
    2149393,
    2166035,
    2182710,
    2199428,
    2215984,
    2232688,
    2249337,
    2265954,
    2282749,
    2299481,
    2316148,
    2332718,
    2349542,
    2366114,
    2382741,
    2400038,
    2416237,
    2432962,
    2449417,
    2466020,
    2482654,
    2499311,
    2515976,
    2532698,
    2549317,
    2565995,
    2582648,
    2599344,
    2616009,
    2632719,
    2649333,
    2765941
  ],
  "average_vsync_transitions_missed": 0.0,
  "90th_percentile_vsync_transitions_missed": 0.0,
  "99th_percentile_vsync_transitions_missed": 0.0,