{
  "average_frame_build_time_millis": 0.8957361963190182,
  "90th_percentile_frame_build_time_millis": 1.878,
  "99th_percentile_frame_build_time_millis": 4.482,
  "worst_frame_build_time_millis": 4.662,
  "missed_frame_build_budget_count": 0,
  "average_frame_rasterizer_time_millis": 0.9572777777777773,
  "stddev_frame_rasterizer_time_millis": 0.09622290809327833,
  "90th_percentile_frame_rasterizer_time_millis": 1.167,
  "99th_percentile_frame_rasterizer_time_millis": 1.286,
  "worst_frame_rasterizer_time_millis": 1.494,
  "missed_frame_rasterizer_budget_count": 0,
  "frame_count": 163,
  "frame_rasterizer_count": 162,
  "new_gen_gc_count": 4,
  "old_gen_gc_count": 0,
  "frame_build_times": [
    3374,
    1568,
    1972,
    1826,
    1840,
    1911,
    1860,
    1878,
    1860,
    1817,
    1849,
    1937,
    1946,
    1943,
    1802,
    1958,
    1903,
    1767,
    1839,
    1798,
    1893,
    1907,
    1868,
    1228,
    1587,
    1431,
    1556,
    1396,
    1382,
    4662,
    174,
    200,
    169,
    178,
    4154,
    744,
    700,
    893,
    791,
    724,
    772,
    874,
    749,
    670,
    588,
    726,
    672,
    655,
    646,
    692,
    1323,
    1156,
    1142,
    196,
    246,
    192,
    231,
    262,
    179,
    299,
    184,
    237,
    201,
    217,
    294,
    197,
    3860,
    871,
    823,
    776,
    719,
    753,
    694,
    805,
    845,
    788,
    747,
    743,
    741,
    760,
    729,
    735,
    2159,
    1639,
    1228,
    221,
    191,
    200,
    168,
    231,
    263,
    212,
    186,
    188,
    220,
    204,
    233,
    189,
    4560,
    770,
    728,
    706,
    694,
    675,
    748,
    707,
    707,
    723,
    788,
    652,
    580,
    586,
    774,
    626,
    1429,
    896,
    1044,
    194,
    205,
    210,
    183,
    246,
    197,
    177,
    232,
    239,
    187,
    242,
    187,
    228,
    4482,
    803,
    759,
    805,
    755,
    662,
    784,
    788,
    698,
    679,
    672,
    730,
    715,
    654,
    670,
    722,
    1697,
    894,
    969,
    192,
    211,
    197,
    200,
    220,
    238,
    189,
    179,
    196,
    214,
    190,
    217,
    234,
    264
  ],
  "frame_rasterizer_times": [
    1063,
    1241,
    1353,
    1222,
    1234,
    1286,
    1252,
    1230,
    1225,
    1214,
    1206,
    1212,
    1181,
    1253,
    1200,
    1105,
    1118,
    1167,
    1134,
    925,
    1138,
    1103,
    891,
    1201,
    1077,
    1104,
    1075,
    1045,
    1004,
    1011,
    947,
    887,
    925,
    929,
    724,
    806,
    1138,
    971,
    896,
    960,
    926,
    949,
    923,
    865,
    905,
    866,
    868,
    978,
    937,
    774,
    1001,
    1038,
    997,
    1075,
    944,
    869,
    1001,
    879,
    1008,
    752,
    950,
    895,
    943,
    1020,
    824,
    837,
    760,
    983,
    912,
    869,
    894,
    870,
    961,
    948,
    848,
    862,
    830,
    951,
    888,
    888,
    848,
    825,
    1494,
    1027,
    935,
    896,
    842,
    944,
    909,
    865,
    843,
    873,
    883,
    1001,
    918,
    870,
    833,
    913,
    821,
    989,
    901,
    862,
    855,
    967,
    882,
    1000,
    904,
    926,
    895,
    696,
    794,
    1011,
    885,
    829,
    834,
    950,
    990,
    873,
    840,
    938,
    959,
    899,
    765,
    968,
    996,
    975,
    891,
    951,
    901,
    774,
    812,
    947,
    1013,
    997,
    802,
    1011,
    976,
    939,
    885,
    950,
    880,
    927,
    926,
    923,
    900,
    922,
    796,
    766,
    847,
    976,
    993,
    934,
    932,
    942,
    897,
    880,
    905,
    935,
    886,
    974,
    939,
    1086
  ],
  "frame_begin_times": [
    0,
    16694,
    33417,
    50089,
    66741,
    83377,
    100102,
    116726,
    133416,
    150119,
    166740,
    183392,
    200038,
    216783,
    233407,
    250093,
    266744,
    283383,
    300083,
    316734,
    333403,
    350084,
    366773,
    383358,
    400112,
    416759,
    433433,
    450088,
    466733,
    483403,
    500057,
    516743,
    533431,
    550064,
    566682,
    583325,
    600028,
    616841,
    633453,
    650083,
    666739,
    683439,
    700155,
    716716,
    733405,
    750055,
    766736,
    783390,
    800070,
    816772,
    833351,
    850089,
    866771,
    883448,
    900107,
    916738,
    933421,
    950074,
    966757,
    983431,
    1000010,
    1016776,
    1033406,
    1050152,
    1066711,
    1083365,
    1100038,
    1116686,
    1133446,
    1150072,
    1166734,
    1183389,
    1200065,
    1216770,
    1233436,
    1250097,
    1266721,
    1283423,
    1300093,
    1316736,
    1333412,
    1350026,
    1366697,
    1383402,
    1400126,
    1416750,
    1433416,
    1450061,
    1466756,
    1483440,
    1500062,
    1516713,
    1533449,
    1550118,
    1566730,
    1583415,
    1600087,
    1616767,
    1633362,
    1650064,
    1666774,
    1683416,
    1700072,
    1716759,
    1733478,
    1750066,
    1766786,
    1783419,
    1800105,
    1816805,
    1833391,
    1850096,
    1866708,
    1883413,
    1900052,
    1916742,
    1933467,
    1950114,
    1966757,
    1983475,
    2000092,
    2016773,
    2033469,
    2050108,
    2066776,
    2083483,
    2100108,
    2116808,
    2133790,
    2150080,
    2166733,
    2183424,
    2200133,
    2216834,
    2233572,
    2250129,
    2266855,
    2283480,
    2300157,
    2316825,
    2333466,
    2350172,
    2366871,
    2383490,
    2400199,
    2416820,
    2433474,
    2450116,
    2466787,
    2483541,
    2500199,
    2516838,
    2533493,
    2550230,
    2566865,
    2583585,
    2600185,
    2616869,
    2633567,
    2650180,
    2666916,
    2683507,
    2800069
  ],
  "frame_rasterizer_begin_times": [
    0,
    16877,
    33490,
    50160,
    66810,
    83526,
    100180,
    116844,
    133522,
    150103,
    166860,
    183491,
    200254,
    216738,
    233533,
    250151,
    266732,
    283528,
    300104,
    316933,
    333550,
    350231,
    366333,
    383214,
    399778,
    416540,
    433096,
    449708,
    467718,
    482663,
    499348,
    516027,
    532666,
    552267,
    566013,
    582689,
    599617,
    616178,
    632752,
    649425,
    666110,
    682841,
    699394,
    716058,
    732748,
    749422,
    766067,
    782758,
    799436,
    816552,
    833142,
    849825,
    866053,
    882745,
    899350,
    916075,
    932754,
    949358,
    966083,
    982596,
    999435,
    1016023,
    1032772,
    1049327,
    1065981,
    1085426,
    1099417,
    1116137,
    1132744,
    1149409,
    1166088,
    1182717,
    1199465,
    1216166,
    1232764,
    1249389,
    1266141,
    1282776,
    1299405,
    1316074,
    1332693,
    1350198,
    1366378,
    1383248,
    1399388,
    1416034,
    1432682,
    1449348,
    1466064,
    1482666,
    1499328,
    1516042,
    1532729,
    1549341,
    1566043,
    1582745,
    1599376,
    1618980,
    1632741,
    1649465,
    1666101,
    1682774,
    1699450,
    1716216,
    1732735,
    1749466,
    1766103,
    1782827,
    1799471,
    1816019,
    1832729,
    1849405,
    1866095,
    1883293,
    1899694,
    1916465,
    1932730,
    1949364,
    1966064,
    1982702,
    1999392,
    2016084,
    2032705,
    2049403,
    2066102,
    2082718,
    2099475,
    2116409,
    2132699,
    2152378,
    2166125,
    2182833,
    2199502,
    2216247,
    2232781,
    2249561,
    2266193,
    2282830,
    2299483,
    2316137,
    2332854,
    2349578,
    2366171,
    2382875,
    2399514,
    2416858,
    2433057,
    2449778,
    2466157,
    2482812,
    2499449,
    2516091,
    2532872,
    2549499,
    2566197,
    2582788,
    2599465,
    2616193,
    2632796,
    2649527,
    2666104,
    2782739
  ],
  "average_vsync_transitions_missed": 0.0,
  "90th_percentile_vsync_transitions_missed": 0.0,