{
  "average_frame_build_time_millis": 0.8868271604938269,
  "90th_percentile_frame_build_time_millis": 1.856,
  "99th_percentile_frame_build_time_millis": 4.385,
  "worst_frame_build_time_millis": 4.868,
  "missed_frame_build_budget_count": 0,
  "average_frame_rasterizer_time_millis": 0.9315341614906836,
  "stddev_frame_rasterizer_time_millis": 0.09825191929323723,
  "90th_percentile_frame_rasterizer_time_millis": 1.142,
  "99th_percentile_frame_rasterizer_time_millis": 1.251,
  "worst_frame_rasterizer_time_millis": 1.291,
  "missed_frame_rasterizer_budget_count": 0,
  "frame_count": 162,
  "frame_rasterizer_count": 161,
  "new_gen_gc_count": 4,
  "old_gen_gc_count": 2,
  "frame_build_times": [
    1619,
    1901,
    1814,
    1827,
    1870,
    1833,
    1847,
    1791,
    1763,
    1766,
    1518,
    1899,
    1872,
    1739,
    1941,
    1865,
    1913,
    1893,
    1949,
    1899,
    1856,
    1757,
    1017,
    1132,
    1467,
    1422,
    1489,
    1402,
    1452,
    4868,
    183,
    185,
    233,
    4257,
    808,
    777,
    746,
    742,
    705,
    768,
    652,
    697,
    678,
    592,
    785,
    684,
    699,
    616,
    812,
    1806,
    493,
    780,
    1007,
    231,
    259,
    254,
    267,
    276,
    273,
    221,
    161,
    199,
    205,
    168,
    155,
    4053,
    843,
    823,
    751,
    734,
    751,
    811,
    635,
    767,
    721,
    745,
    660,
    670,
    636,
    731,
    779,
    2410,
    1082,
    1138,
    953,
    250,
    216,
    215,
    223,
    245,
    201,
    221,
    181,
    244,
    182,
    229,
    202,
    4385,
    836,
    721,
    697,
    712,
    710,
    739,
    579,
    645,
    687,
    742,
    642,
    544,
    721,
    726,
    866,
    1339,
    897,
    995,
    963,
    195,
    226,
    178,
    225,
    203,
    207,
    264,
    222,
    224,
    183,
    211,
    198,
    4554,
    859,
    726,
    724,
    641,
    807,
    654,
    656,
    604,
    639,
    575,
    602,
    612,
    734,
    690,
    727,
    1573,
    791,
    1036,
    1047,
    203,
    181,
    204,
    157,
    251,
    209,
    191,
    200,
    207,
    180,
    184,
    245,
    264
  ],
  "frame_rasterizer_times": [
    1225,
    1225,
    1221,
    1194,
    1253,
    1173,
    1217,
    1142,
    1158,
    975,
    1186,
    1180,
    1210,
    1291,
    1232,
    1251,
    1212,
    1136,
    1130,
    1094,
    1101,
    736,
    850,
    1040,
    1080,
    1090,
    1043,
    1069,
    927,
    962,
    950,
    839,
    922,
    789,
    849,
    906,
    1003,
    921,
    924,
    896,
    870,
    885,
    855,
    937,
    934,
    911,
    776,
    971,
    896,
    508,
    743,
    916,
    1005,
    975,
    980,
    1189,
    1069,
    1087,
    968,
    735,
    915,
    878,
    817,
    799,
    793,
    789,
    937,
    868,
    851,
    807,
    962,
    734,
    913,
    826,
    906,
    752,
    923,
    797,
    842,
    908,
    822,
    899,
    948,
    782,
    1018,
    940,
    858,
    921,
    898,
    874,
    890,
    888,
    926,
    861,
    915,
    784,
    828,
    843,
    976,
    906,
    964,
    918,
    1011,
    707,
    846,
    943,
    929,
    910,
    647,
    906,
    843,
    912,
    744,
    779,
    913,
    909,
    890,
    964,
    936,
    983,
    854,
    744,
    941,
    964,
    839,
    839,
    962,
    839,
    777,
    776,
    940,
    908,
    821,
    1000,
    874,
    856,
    852,
    841,
    807,
    908,
    925,
    996,
    875,
    955,
    797,
    831,
    912,
    1036,
    937,
    901,
    929,
    935,
    946,
    1006,
    905,
    982,
    869,
    847,
    778,
    894,
    1119
  ],
  "frame_begin_times": [
    0,
    16728,
    33390,
    50049,
    66694,
    83409,
    100057,
    116708,
    133382,
    150044,
    166652,
    183382,
    200086,
    216755,
    233324,
    250087,
    266723,
    283423,
    300094,
    316735,
    333405,
    350051,
    366655,
    383327,
    400069,
    416702,
    433376,
    450047,
    466720,
    483382,
    500032,
    516716,
    533386,
    550010,
    566692,
    583377,
    600062,
    616741,
    633376,
    650052,
    666671,
    683396,
    700046,
    716759,
    733406,
    750099,
    766764,
    783394,
    800085,
    816697,
    833480,
    850044,
    866705,
    883393,
    900095,
    916821,
    933596,
    950124,
    966824,
    983371,
    1000024,
    1016715,
    1033365,
    1050021,
    1066693,
    1083306,
    1099999,
    1116732,
    1133379,
    1150091,
    1166691,
    1183321,
    1200025,
    1216745,
    1233361,
    1250015,
    1266725,
    1283353,
    1300042,
    1316733,
    1333356,
    1350049,
    1366709,
    1383375,
    1400050,
    1416728,
    1433366,
    1450027,
    1466729,
    1483373,
    1500013,
    1516683,
    1533357,
    1549988,
    1566697,
    1583344,
    1599990,
    1616630,
    1633297,
    1650064,
    1666736,
    1683332,
    1700045,
    1716703,
    1733284,
    1750012,
    1766660,
    1783318,
    1800036,
    1816622,
    1833355,
    1850056,
    1866676,
    1883268,
    1899960,
    1916686,
    1933319,
    1949988,
    1966724,
    1983372,
    2000049,
    2016651,
    2033277,
    2050011,
    2066680,
    2083306,
    2099974,
    2116618,
    2133341,
    2149909,
    2166597,
    2183306,
    2200036,
    2216663,
    2233332,
    2249989,
    2266623,
    2283299,
    2299969,
    2316647,
    2333340,
    2349970,
    2366678,
    2383328,
    2400002,
    2416572,
    2433233,
    2449973,
    2466655,
    2483313,
    2499976,
    2516655,
    2533301,
    2549959,
    2566688,
    2583289,
    2599949,
    2616631,
    2633305,
    2649911,
    2666584,
    2783131
  ],
  "frame_rasterizer_begin_times": [
    0,
    16643,
    33288,
    49953,
    66636,
    83323,
    99922,
    116574,
    133265,
    149728,
    166680,
    183375,
    199859,
    216553,
    233296,
    249974,
    266738,
    283438,
    300052,
    316690,
    333290,
    349431,
    366116,
    382978,
    399594,
    416291,
    432918,
    449560,
    467469,
    482502,
    499172,
    515879,
    535545,
    549286,
    565896,
    582618,
    599284,
    615949,
    632622,
    649206,
    665932,
    682589,
    699264,
    715969,
    732641,
    749293,
    765902,
    782663,
    799761,
    816080,
    832785,
    849509,
    865901,
    882624,
    899345,
    916131,
    932636,
    949327,
    965855,
    982461,
    999173,
    1015810,
    1032464,
    1049129,
    1068595,
    1082556,
    1099268,
    1115900,
    1132642,
    1149196,
    1165836,
    1182524,
    1199308,
    1215878,
    1232534,
    1249248,
    1265855,
    1282553,
    1299233,
    1315907,
    1333584,
    1349608,
    1366285,
    1382893,
    1399235,
    1415829,
    1432501,
    1449227,
    1465837,
    1482473,
    1499145,
    1515816,
    1532508,
    1549158,
    1565817,
    1582462,
    1602011,
    1615860,
    1632617,
    1649277,
    1665882,
    1682608,
    1699229,
    1715800,
    1732532,
    1749186,
    1765849,
    1782551,
    1799107,
    1815895,
    1832597,
    1849218,
    1866322,
    1882738,
    1899499,
    1916117,
    1932465,
    1949229,
    1965829,
    1982513,
    1999124,
    2015731,
    2032558,
    2049167,
    2065761,
    2082426,
    2099103,
    2115797,
    2135396,
    2149158,
    2165847,
    2182587,
    2199191,
    2215902,
    2232498,
    2249119,
    2265790,
    2282493,
    2299135,
    2315810,
    2332475,
    2349235,
    2365876,
    2382569,
    2399765,
    2415966,
    2432858,
    2449489,
    2465787,
    2482442,
    2499126,
    2515744,
    2532420,
    2549167,
    2565758,
    2582429,
    2599115,
    2615757,
    2632371,
    2649044,
    2765668
  ],
  "average_vsync_transitions_missed": 0.0,
  "90th_percentile_vsync_transitions_missed": 0.0,
  "99th_percentile_vsync_transitions_missed": 0.0,