{
  "average_frame_build_time_millis": 0.5828300970873785,
  "90th_percentile_frame_build_time_millis": 1.436,
  "99th_percentile_frame_build_time_millis": 3.629,
  "worst_frame_build_time_millis": 4.726,
  "missed_frame_build_budget_count": 0,
  "average_frame_rasterizer_time_millis": 0.8665825242718449,
  "stddev_frame_rasterizer_time_millis": 0.06581704213403716,
  "90th_percentile_frame_rasterizer_time_millis": 0.959,
  "99th_percentile_frame_rasterizer_time_millis": 1.2,
  "worst_frame_rasterizer_time_millis": 1.452,
  "missed_frame_rasterizer_budget_count": 0,
  "frame_count": 206,
  "frame_rasterizer_count": 206,
  "new_gen_gc_count": 4,
  "old_gen_gc_count": 0,
  "frame_build_times": [
    1802,
    1801,
    1728,
    1485,
    1692,
    1809,
    1772,
    1402,
    1343,
    1437,
    1378,
    1353,
    1372,
    1329,
    4726,
    155,
    192,
    177,
    295,
    1540,
    1510,
    1406,
    1361,
    1361,
    1248,
    1193,
    1435,
    1330,
    1194,
    1216,
    1160,
    1436,
    1405,
    1319,
    1846,
    197,
    165,
    226,
    184,
    212,
    218,
    180,
    166,
    238,
    166,
    188,
    179,
    191,
    184,
    172,
    227,
    165,
    163,
    193,
    178,
    270,
    187,
    166,
    201,
    177,
    161,
    200,
    150,
    200,
    182,
    205,
    169,
    186,
    185,
    264,
    183,
    181,
    148,
    211,
    214,
    181,
    2112,
    536,
    197,
    184,
    206,
    202,
    185,
    154,
    164,
    206,
    174,
    200,
    223,
    1086,
    528,
    189,
    194,
    219,
    213,
    240,
    195,
    195,
    176,
    164,
    222,
    158,
    1694,
    572,
    158,
    218,
    256,
    222,
    197,
    172,
    177,
    192,
    188,
    203,
    167,
    1472,
    646,
    175,
    202,
    185,
    147,
    178,
    207,
    208,
    200,
    174,
    169,
    176,
    3682,
    815,
    827,
    707,
    772,
    709,
    796,
    706,
    681,
    672,
    704,
    608,
    673,
    1653,
    598,
    634,
    614,
    639,
    675,
    219,
    187,
    175,
    191,
    155,
    195,
    195,
    1363,
    590,
    211,
    193,
    182,
    177,
    181,
    153,
    197,
    165,
    164,
    177,
    161,
    1640,
    578,
    171,
    182,
    194,
    178,
    172,
    149,
    165,
    157,
    185,
    164,
    138,
    3629,
    814,
    815,
    746,
    768,
    731,
    695,
    673,
    755,
    719,
    679,
    704,
    694,
    1894,
    709,
    655,
    720,
    717,
    631,
    687,
    164,
    145,
    188,
    178,
    219,
    167
  ],
  "frame_rasterizer_times": [
    1143,
    1200,
    1202,
    959,
    1098,
    1136,
    1092,
    1084,
    1026,
    1049,
    1101,
    1065,
    1014,
    1028,
    959,
    841,
    932,
    893,
    1452,
    892,
    1026,
    955,
    955,
    888,
    946,
    905,
    914,
    917,
    914,
    866,
    849,
    969,
    940,
    865,
    901,
    860,
    827,
    955,
    874,
    893,
    956,
    851,
    800,
    904,
    863,
    819,
    857,
    853,
    835,
    800,
    889,
    799,
    671,
    848,
    809,
    877,
    891,
    825,
    865,
    843,
    811,
    822,
    859,
    811,
    859,
    804,
    780,
    874,
    920,
    958,
    900,
    811,
    891,
    821,
    909,
    779,
    776,
    746,
    910,
    876,
    885,
    835,
    839,
    840,
    811,
    854,
    861,
    774,
    845,
    618,
    714,
    872,
    863,
    1016,
    937,
    938,
    881,
    927,
    897,
    826,
    887,
    908,
    781,
    823,
    874,
    868,
    916,
    856,
    872,
    818,
    872,
    810,
    812,
    756,
    734,
    837,
    966,
    898,
    899,
    898,
    854,
    921,
    935,
    887,
    852,
    829,
    701,
    852,
    728,
    716,
    876,
    831,
    903,
    882,
    926,
    869,
    857,
    822,
    813,
    796,
    804,
    671,
    759,
    872,
    838,
    832,
    875,
    834,
    852,
    829,
    839,
    607,
    887,
    798,
    717,
    849,
    833,
    824,
    858,
    784,
    806,
    788,
    827,
    847,
    676,
    807,
    798,
    756,
    833,
    874,
    835,
    846,
    876,
    852,
    786,
    861,
    707,
    813,
    784,
    802,
    684,
    730,
    840,
    881,
    874,
    839,
    825,
    814,
    917,
    861,
    828,
    860,
    840,
    779,
    916,
    904,
    936,
    865,
    856,
    836,
    872,
    679,
    840,
    870,
    977,
    932
  ],
  "frame_begin_times": [
    0,
    16612,
    33234,
    49934,
    66588,
    83263,
    99959,
    116596,
    133251,
    150033,
    166614,
    183273,
    199933,
    216565,
    233242,
    249877,
    266586,
    283242,
    1336171,
    1350022,
    1366607,
    1383292,
    1399947,
    1416604,
    1433278,
    1449923,
    1466632,
    1483326,
    1499939,
    1516638,
    1533265,
    1550013,
    1566655,
    1583282,
    1599953,
    1616632,
    1633299,
    1649999,
    1666654,
    1683299,
    1699934,
    1716625,
    1733261,
    1749958,
    1766563,
    1783275,
    1799985,
    1816601,
    1833254,
    1849945,
    1866587,
    1883290,
    1899884,
    1916570,
    1933254,
    1949958,
    1966642,
    1983281,
    1999928,
    2016575,
    2033240,
    2049948,
    2066609,
    2083255,
    2099960,
    2116582,
    2133234,
    2149970,
    2166605,
    2183269,
    2199921,
    2216571,
    2233289,
    2249939,
    2266570,
    2283243,
    2299907,
    2316556,
    2333281,
    2349942,
    2366611,
    2383257,
    2399894,
    2416571,
    2433291,
    2449922,
    2466627,
    2483264,
    2499894,
    2516508,
    2533189,
    2549984,
    2566658,
    2583380,
    2599936,
    2616576,
    2633236,
    2649974,
    2666653,
    2683271,
    2699914,
    2716552,
    2733243,
    2749931,
    2766635,
    2783244,
    2799861,
    2816613,
    2833241,
    2849962,
    2866594,
    2883225,
    2899914,
    2916590,
    2933234,
    2949892,
    2966625,
    2983310,
    2999936,
    3016597,
    3033240,
    3049957,
    3066594,
    3083275,
    3099932,
    3116591,
    3133239,
    3149941,
    3166554,
    3183221,
    3199945,
    3216617,
    3233282,
    3249951,
    3266627,
    3283268,
    3299951,
    3316590,
    3333269,
    3349890,
    3366555,
    3383273,
    3399890,
    3416618,
    3433266,
    3449935,
    3466663,
    3483272,
    3499955,
    3516601,
    3533247,
    3549910,
    3566610,
    3583256,
    3599895,
    3616637,
    3633281,
    3649933,
    3666582,
    3683286,
    3699983,
    3716608,
    3733281,
    3749931,
    3766573,
    3783300,
    3799999,
    3816591,
    3833295,
    3849999,
    3866641,
    3883367,
    3899962,
    3916642,
    3933306,
    3949905,
    3966586,
    3983318,
    3999973,
    4016624,
    4033268,
    4049938,
    4066685,
    4083314,
    4100010,
    4116656,
    4133325,
    4150023,
    4166712,
    4183348,
    4200007,
    4216702,
    4233349,
    4249956,
    4266729,
    4283418,
    4300086,
    4316715,
    4333380,
    4350037,
    4366692,
    4383326,
    4400040,
    4416735,
    4433466,
    4450082
  ],