{
  "average_frame_build_time_millis": 0.8865987654320993,
  "90th_percentile_frame_build_time_millis": 1.829,
  "99th_percentile_frame_build_time_millis": 4.31,
  "worst_frame_build_time_millis": 4.662,
  "missed_frame_build_budget_count": 0,
  "average_frame_rasterizer_time_millis": 0.9350807453416149,
  "stddev_frame_rasterizer_time_millis": 0.10469557501639593,
  "90th_percentile_frame_rasterizer_time_millis": 1.137,
  "99th_percentile_frame_rasterizer_time_millis": 1.241,
  "worst_frame_rasterizer_time_millis": 1.274,
  "missed_frame_rasterizer_budget_count": 0,
  "frame_count": 162,
  "frame_rasterizer_count": 161,
  "new_gen_gc_count": 4,
  "old_gen_gc_count": 2,
  "frame_build_times": [
    1544,
    2002,
    1817,
    1968,
    1923,
    1843,
    1634,
    1853,
    1757,
    1926,
    1692,
    1925,
    1755,
    1718,
    1810,
    1806,
    1829,
    1772,
    1888,
    1870,
    1823,
    1831,
    1450,
    1558,
    1584,
    1500,
    1562,
    1528,
    1472,
    4310,
    240,
    180,
    177,
    3722,
    807,
    719,
    703,
    692,
    658,
    664,
    724,
    681,
    709,
    514,
    653,
    729,
    687,
    725,
    622,
    1570,
    1027,
    1040,
    213,
    168,
    221,
    232,
    318,
    204,
    216,
    184,
    198,
    209,
    215,
    195,
    197,
    4238,
    899,
    815,
    570,
    696,
    876,
    760,
    804,
    697,
    732,
    788,
    700,
    682,
    692,
    736,
    688,
    2315,
    1027,
    967,
    1049,
    260,
    259,
    279,
    193,
    226,
    211,
    222,
    184,
    142,
    217,
    229,
    214,
    4662,
    465,
    355,
    557,
    702,
    779,
    713,
    698,
    640,
    714,
    686,
    683,
    693,
    697,
    709,
    671,
    1729,
    1174,
    1135,
    1127,
    197,
    219,
    259,
    270,
    196,
    212,
    167,
    185,
    200,
    200,
    190,
    182,
    4402,
    757,
    592,
    728,
    734,
    694,
    628,
    655,
    682,
    645,
    660,
    692,
    686,
    650,
    603,
    644,
    1675,
    1241,
    1223,
    1202,
    198,
    190,
    161,
    204,
    180,
    170,
    155,
    176,
    161,
    221,
    175,
    216,
    233
  ],
  "frame_rasterizer_times": [
    1171,
    1151,
    1225,
    1241,
    1241,
    1004,
    1172,
    1137,
    1193,
    1235,
    1274,
    1206,
    1134,
    1146,
    1050,
    1144,
    1098,
    1146,
    1050,
    1122,
    1071,
    1042,
    1161,
    1097,
    1183,
    1143,
    1059,
    1052,
    772,
    1019,
    798,
    857,
    757,
    750,
    907,
    850,
    871,
    932,
    851,
    1026,
    874,
    829,
    652,
    866,
    950,
    885,
    907,
    866,
    812,
    969,
    1045,
    941,
    902,
    1032,
    1023,
    1052,
    956,
    895,
    935,
    906,
    926,
    909,
    846,
    815,
    983,
    780,
    929,
    684,
    884,
    942,
    883,
    954,
    856,
    893,
    895,
    863,
    815,
    897,
    843,
    912,
    755,
    947,
    868,
    928,
    1039,
    1109,
    1005,
    881,
    896,
    925,
    838,
    918,
    734,
    914,
    957,
    885,
    772,
    462,
    513,
    760,
    824,
    1033,
    977,
    915,
    775,
    954,
    931,
    896,
    887,
    910,
    933,
    840,
    850,
    1095,
    1127,
    1106,
    845,
    1099,
    1010,
    1000,
    910,
    841,
    833,
    864,
    925,
    907,
    855,
    898,
    754,
    755,
    740,
    936,
    882,
    835,
    828,
    889,
    930,
    848,
    885,
    913,
    849,
    881,
    694,
    862,
    913,
    1063,
    1004,
    850,
    1089,
    977,
    950,
    877,
    920,
    888,
    663,
    923,
    859,
    894,
    897,
    924,
    1086
  ],
  "frame_begin_times": [
    0,
    16728,
    33429,
    50078,
    66718,
    83430,
    100018,
    116706,
    133388,
    150060,
    166712,
    183365,
    200058,
    216733,
    233378,
    250042,
    266708,
    283395,
    300074,
    316715,
    333369,
    350047,
    366808,
    383436,
    400059,
    416767,
    433403,
    450078,
    466696,
    483394,
    500055,
    516669,
    533404,
    549981,
    566652,
    583415,
    600050,
    616735,
    633395,
    650091,
    666777,
    683429,
    700078,
    716677,
    733431,
    750081,
    766738,
    783423,
    800042,
    816693,
    833408,
    850103,
    866755,
    883440,
    900129,
    916822,
    933480,
    950097,
    966746,
    983353,
    1000106,
    1016730,
    1033426,
    1050068,
    1066702,
    1083354,
    1100003,
    1116762,
    1133340,
    1150066,
    1166779,
    1183398,
    1200038,
    1216758,
    1233412,
    1250062,
    1266732,
    1283409,
    1300025,
    1316773,
    1333375,
    1350017,
    1366723,
    1383425,
    1400078,
    1416780,
    1433484,
    1450108,
    1466785,
    1483390,
    1500073,
    1516721,
    1533385,
    1550044,
    1566704,
    1583398,
    1600007,
    1616621,
    1633225,
    1649976,
    1666709,
    1683390,
    1700070,
    1716776,
    1733421,
    1750012,
    1766747,
    1783422,
    1800095,
    1816716,
    1833394,
    1850066,
    1866694,
    1883365,
    1900146,
    1916767,
    1933482,
    1950103,
    1966763,
    1983384,
    2000038,
    2016633,
    2033378,
    2050047,
    2066730,
    2083351,
    2100025,
    2116721,
    2133326,
    2149962,
    2166636,
    2183305,
    2200045,
    2216681,
    2233377,
    2250012,
    2266710,
    2283354,
    2300016,
    2316685,
    2333373,
    2350038,
    2366706,
    2383300,
    2400003,
    2416674,
    2433363,
    2450048,
    2466700,
    2483346,
    2500018,
    2516733,
    2533364,
    2549998,
    2566690,
    2583283,
    2600008,
    2616669,
    2633329,
    2650021,
    2666710,
    2783184
  ],
  "frame_rasterizer_begin_times": [
    0,
    16596,
    33373,
    49975,
    66582,
    83107,
    99837,
    116519,
    133335,
    149745,
    166598,
    183180,
    199824,
    216520,
    233177,
    249894,
    266541,
    283273,
    299944,
    316541,
    333242,
    349606,
    366312,
    382928,
    399571,
    416279,
    432959,
    449515,
    467551,
    482445,
    499027,
    515786,
    535165,
    549162,
    565878,
    582486,
    599174,
    615847,
    632564,
    649271,
    665880,
    682576,
    699084,
    715885,
    732543,
    749177,
    765885,
    782468,
    799823,
    816153,
    832818,
    849163,
    865818,
    882552,
    899236,
    915927,
    932504,
    949145,
    965727,
    982505,
    999113,
    1015846,
    1032469,
    1049092,
    1068619,
    1082516,
    1099262,
    1115733,
    1132510,
    1149268,
    1165858,
    1182512,
    1199190,
    1215878,
    1232519,
    1249196,
    1265866,
    1282464,
    1299213,
    1315807,
    1333434,
    1349528,
    1366167,
    1382865,
    1399217,
    1415941,
    1432544,
    1449184,
    1465791,
    1482458,
    1499150,
    1515779,
    1532392,
    1549079,
    1565795,
    1582398,
    1601766,
    1615616,
    1632334,
    1649128,
    1665853,
    1682584,
    1699271,
    1715914,
    1732465,
    1749226,
    1765898,
    1782561,
    1799170,
    1815835,
    1832509,
    1849151,
    1866627,
    1883016,
    1899574,
    1916281,
    1932509,
    1949172,
    1965818,
    1982428,
    1999036,
    2015793,
    2032427,
    2049126,
    2065720,
    2082403,
    2099116,
    2115703,
    2135289,
    2149106,
    2165700,
    2182506,
    2199132,
    2215806,
    2232445,
    2249157,
    2265834,
    2282476,
    2299132,
    2315822,
    2332504,
    2349111,
    2365721,
    2382433,
    2399842,
    2416241,
    2432870,
    2449640,
    2465750,
    2482398,
    2499104,
    2515740,
    2532379,
    2549067,
    2565646,
    2582391,
    2599034,
    2615742,
    2632399,
    2649124,
    2765614
  ],
  "average_vsync_transitions_missed": 0.0,
  "90th_percentile_vsync_transitions_missed": 0.0,