{
  "average_frame_build_time_millis": 0.5737669902912621,
  "90th_percentile_frame_build_time_millis": 1.382,
  "99th_percentile_frame_build_time_millis": 3.409,
  "worst_frame_build_time_millis": 4.736,
  "missed_frame_build_budget_count": 0,
  "average_frame_rasterizer_time_millis": 0.8464048780487806,
  "stddev_frame_rasterizer_time_millis": 0.0696349791790601,
  "90th_percentile_frame_rasterizer_time_millis": 0.955,
  "99th_percentile_frame_rasterizer_time_millis": 1.133,
  "worst_frame_rasterizer_time_millis": 1.386,
  "missed_frame_rasterizer_budget_count": 0,
  "frame_count": 206,
  "frame_rasterizer_count": 205,
  "new_gen_gc_count": 4,
  "old_gen_gc_count": 0,
  "frame_build_times": [
    1820,
    1705,
    1652,
    1659,
    1728,
    1724,
    1710,
    1261,
    1395,
    1312,
    1401,
    1237,
    1234,
    1226,
    4736,
    175,
    187,
    161,
    282,
    1520,
    1134,
    1381,
    1250,
    1367,
    1379,
    1201,
    1382,
    1326,
    1211,
    1213,
    1141,
    1172,
    1308,
    1242,
    1507,
    183,
    156,
    182,
    158,
    183,
    192,
    184,
    183,
    190,
    172,
    209,
    181,
    183,
    196,
    232,
    208,
    168,
    169,
    181,
    169,
    172,
    252,
    171,
    215,
    166,
    167,
    209,
    160,
    182,
    169,
    169,
    188,
    184,
    166,
    160,
    167,
    197,
    171,
    202,
    183,
    194,
    2068,
    515,
    195,
    181,
    195,
    168,
    189,
    189,
    152,
    186,
    155,
    211,
    220,
    1311,
    618,
    159,
    162,
    198,
    181,
    158,
    180,
    151,
    179,
    226,
    168,
    179,
    1686,
    619,
    226,
    175,
    176,
    152,
    229,
    197,
    171,
    191,
    167,
    198,
    164,
    1424,
    664,
    198,
    156,
    187,
    233,
    186,
    176,
    145,
    167,
    213,
    188,
    171,
    3636,
    907,
    812,
    774,
    769,
    713,
    743,
    697,
    687,
    764,
    706,
    698,
    665,
    1598,
    512,
    658,
    567,
    647,
    664,
    188,
    191,
    163,
    194,
    209,
    163,
    175,
    1334,
    637,
    149,
    195,
    178,
    166,
    169,
    176,
    182,
    170,
    193,
    193,
    152,
    1602,
    617,
    168,
    175,
    165,
    151,
    167,
    149,
    165,
    175,
    187,
    146,
    162,
    3409,
    764,
    642,
    707,
    603,
    906,
    782,
    779,
    757,
    731,
    787,
    952,
    912,
    2057,
    681,
    736,
    671,
    728,
    645,
    629,
    182,
    162,
    204,
    198,
    176,
    158
  ],
  "frame_rasterizer_times": [
    1054,
    1091,
    1061,
    1090,
    1042,
    1133,
    932,
    1025,
    1080,
    1019,
    1030,
    1016,
    993,
    943,
    928,
    882,
    845,
    1386,
    886,
    768,
    898,
    925,
    859,
    969,
    904,
    896,
    899,
    880,
    806,
    799,
    807,
    921,
    856,
    694,
    859,
    771,
    824,
    779,
    878,
    891,
    797,
    814,
    803,
    828,
    864,
    812,
    864,
    764,
    967,
    843,
    797,
    811,
    845,
    835,
    777,
    867,
    667,
    824,
    813,
    828,
    870,
    791,
    785,
    820,
    798,
    861,
    777,
    816,
    641,
    901,
    830,
    838,
    804,
    818,
    861,
    789,
    801,
    923,
    854,
    884,
    842,
    890,
    851,
    771,
    758,
    772,
    818,
    890,
    711,
    850,
    863,
    871,
    848,
    625,
    845,
    813,
    825,
    796,
    930,
    852,
    748,
    758,
    858,
    851,
    802,
    782,
    786,
    906,
    855,
    768,
    757,
    824,
    825,
    743,
    753,
    906,
    868,
    864,
    861,
    905,
    868,
    817,
    840,
    812,
    942,
    820,
    765,
    666,
    748,
    918,
    917,
    885,
    887,
    828,
    829,
    800,
    801,
    812,
    769,
    777,
    647,
    668,
    853,
    699,
    814,
    807,
    853,
    810,
    793,
    828,
    823,
    808,
    782,
    715,
    840,
    636,
    808,
    792,
    819,
    768,
    785,
    788,
    883,
    846,
    787,
    795,
    841,
    1028,
    737,
    874,
    840,
    810,
    800,
    789,
    787,
    795,
    825,
    780,
    813,
    694,
    666,
    694,
    864,
    591,
    1091,
    936,
    948,
    887,
    909,
    953,
    1175,
    1121,
    955,
    913,
    968,
    843,
    900,
    809,
    845,
    893,
    837,
    844,
    824,
    799,
    845
  ],
  "frame_begin_times": [
    0,
    16647,
    33304,
    49977,
    66683,
    83288,
    99972,
    116589,
    133316,
    149984,
    166598,
    183257,
    199935,
    216607,
    233263,
    249931,
    266585,
    283222,
    1336638,
    1349778,
    1366341,
    1383079,
    1399717,
    1416384,
    1433027,
    1449680,
    1466380,
    1483040,
    1499690,
    1516369,
    1533030,
    1549717,
    1566361,
    1582989,
    1599636,
    1616330,
    1633003,
    1649680,
    1666309,
    1682980,
    1699683,
    1716335,
    1732996,
    1749653,
    1766330,
    1782995,
    1799639,
    1816312,
    1833011,
    1849656,
    1866342,
    1882941,
    1899610,
    1916261,
    1932939,
    1949583,
    1966285,
    1982934,
    1999573,
    2016276,
    2032901,
    2049561,
    2066286,
    2082917,
    2099623,
    2116249,
    2132875,
    2149533,
    2166220,
    2182911,
    2199647,
    2216233,
    2232881,
    2249526,
    2266232,
    2282876,
    2299539,
    2316229,
    2332872,
    2349544,
    2366217,
    2382887,
    2399531,
    2416174,
    2432837,
    2449509,
    2466189,
    2482846,
    2499509,
    2516144,
    2532844,
    2549512,
    2566326,
    2582839,
    2599443,
    2616127,
    2632837,
    2649523,
    2666137,
    2682878,
    2699509,
    2716114,
    2732792,
    2749509,
    2766226,
    2782830,
    2799494,
    2816159,
    2832833,
    2849473,
    2866151,
    2882813,
    2899484,
    2916138,
    2932790,
    2949411,
    2966176,
    2982815,
    2999501,
    3016205,
    3032825,
    3049484,
    3066128,
    3082794,
    3099468,
    3116158,
    3132795,
    3149447,
    3166100,
    3182811,
    3199504,
    3216224,
    3232868,
    3249510,
    3266172,
    3282823,
    3299503,
    3316173,
    3332790,
    3349456,
    3366157,
    3382744,
    3399410,
    3416157,
    3432782,
    3449443,
    3466139,
    3482820,
    3499479,
    3516118,
    3532790,
    3549436,
    3566091,
    3582802,
    3599422,
    3616166,
    3632764,
    3649386,
    3666129,
    3682801,
    3699353,
    3716109,
    3732813,
    3749429,
    3766086,
    3782781,
    3799423,
    3816094,
    3832780,
    3849416,
    3866085,
    3882792,
    3899459,
    3916081,
    3932774,
    3949432,
    3966084,
    3982761,
    3999443,
    4016066,
    4032710,
    4049360,
    4066073,
    4082799,
    4099354,
    4116206,
    4132798,
    4149429,
    4166099,
    4182805,
    4199544,
    4216318,
    4232840,
    4249373,
    4266081,
    4282807,
    4299438,
    4316135,
    4332749,
    4349453,
    4366074,
    4382684,
    4399423,
    4416073,
    4432740,
    4449387
  ],