{
  "average_frame_build_time_millis": 0.891530864197531,
  "90th_percentile_frame_build_time_millis": 1.881,
  "99th_percentile_frame_build_time_millis": 4.443,
  "worst_frame_build_time_millis": 4.681,
  "missed_frame_build_budget_count": 0,
  "average_frame_rasterizer_time_millis": 0.9303416149068324,
  "stddev_frame_rasterizer_time_millis": 0.0965904093206281,
  "90th_percentile_frame_rasterizer_time_millis": 1.141,
  "99th_percentile_frame_rasterizer_time_millis": 1.28,
  "worst_frame_rasterizer_time_millis": 1.327,
  "missed_frame_rasterizer_budget_count": 0,
  "frame_count": 162,
  "frame_rasterizer_count": 161,
  "new_gen_gc_count": 6,
  "old_gen_gc_count": 2,
  "frame_build_times": [
    1585,
    1913,
    1859,
    1740,
    1940,
    1881,
    1948,
    1894,
    1967,
    1951,
    1581,
    1838,
    1911,
    1880,
    1903,
    1816,
    1768,
    1717,
    1875,
    1773,
    2015,
    2037,
    1350,
    1542,
    1465,
    1433,
    1393,
    1395,
    1314,
    4681,
    175,
    221,
    231,
    4056,
    797,
    687,
    881,
    882,
    749,
    671,
    695,
    650,
    692,
    654,
    675,
    621,
    624,
    639,
    619,
    1624,
    975,
    1089,
    1122,
    215,
    288,
    198,
    215,
    231,
    210,
    199,
    207,
    198,
    227,
    217,
    169,
    3807,
    1040,
    936,
    810,
    727,
    789,
    719,
    764,
    715,
    746,
    685,
    681,
    670,
    660,
    771,
    686,
    1967,
    853,
    1059,
    927,
    310,
    187,
    219,
    188,
    233,
    179,
    191,
    213,
    149,
    183,
    224,
    274,
    4443,
    811,
    694,
    668,
    712,
    708,
    721,
    738,
    684,
    648,
    678,
    688,
    686,
    650,
    595,
    621,
    1643,
    1076,
    1134,
    1238,
    247,
    204,
    183,
    185,
    241,
    218,
    244,
    236,
    237,
    253,
    223,
    212,
    4490,
    780,
    786,
    739,
    678,
    621,
    710,
    642,
    680,
    597,
    664,
    678,
    647,
    731,
    642,
    752,
    1489,
    479,
    820,
    973,
    213,
    212,
    205,
    196,
    231,
    234,
    220,
    192,
    219,
    209,
    199,
    205,
    246
  ],
  "frame_rasterizer_times": [
    1188,
    1177,
    1327,
    1280,
    1245,
    1221,
    1173,
    1307,
    1272,
    990,
    1162,
    1180,
    1265,
    1181,
    1094,
    1064,
    1034,
    1151,
    1121,
    974,
    1261,
    929,
    1050,
    1093,
    1073,
    1052,
    996,
    1004,
    951,
    854,
    917,
    896,
    840,
    829,
    821,
    1028,
    1074,
    924,
    851,
    951,
    862,
    891,
    856,
    868,
    840,
    847,
    739,
    727,
    914,
    1024,
    971,
    994,
    957,
    1015,
    868,
    879,
    928,
    863,
    737,
    845,
    863,
    881,
    745,
    878,
    849,
    977,
    872,
    959,
    846,
    957,
    879,
    907,
    886,
    848,
    897,
    848,
    855,
    803,
    923,
    871,
    688,
    744,
    924,
    712,
    957,
    861,
    848,
    797,
    894,
    840,
    800,
    831,
    744,
    893,
    864,
    884,
    794,
    804,
    921,
    840,
    958,
    899,
    924,
    968,
    906,
    920,
    849,
    917,
    865,
    854,
    798,
    962,
    812,
    1024,
    1029,
    1038,
    906,
    886,
    967,
    914,
    883,
    898,
    835,
    1222,
    992,
    1033,
    893,
    852,
    937,
    819,
    907,
    907,
    850,
    770,
    924,
    876,
    918,
    845,
    872,
    891,
    864,
    948,
    832,
    922,
    827,
    795,
    744,
    834,
    955,
    950,
    996,
    898,
    833,
    903,
    900,
    841,
    912,
    887,
    739,
    935,
    1141
  ],
  "frame_begin_times": [
    0,
    16673,
    33341,
    50057,
    66625,
    83331,
    100041,
    116653,
    133352,
    150021,
    166648,
    183313,
    199972,
    216696,
    233328,
    249961,
    266648,
    283310,
    299998,
    316684,
    333272,
    350030,
    366612,
    383310,
    399994,
    416669,
    433323,
    449991,
    466634,
    483302,
    499910,
    516602,
    533282,
    549947,
    566570,
    583262,
    600061,
    616675,
    633287,
    649955,
    666603,
    683318,
    700000,
    716619,
    733284,
    749956,
    766623,
    783247,
    799937,
    816564,
    833295,
    849934,
    866631,
    883299,
    899998,
    916654,
    933291,
    949932,
    966633,
    983209,
    999950,
    1016644,
    1033276,
    1049960,
    1066581,
    1083200,
    1099964,
    1116615,
    1133277,
    1149908,
    1166570,
    1183225,
    1199934,
    1216574,
    1233249,
    1249928,
    1266588,
    1283228,
    1299939,
    1316652,
    1333215,
    1349836,
    1366519,
    1383277,
    1399910,
    1416538,
    1433238,
    1449891,
    1466586,
    1483215,
    1499893,
    1516567,
    1533202,
    1549918,
    1566565,
    1583206,
    1599846,
    1616559,
    1633261,
    1649872,
    1666559,
    1683264,
    1699933,
    1716594,
    1733234,
    1749899,
    1766582,
    1783234,
    1799919,
    1816604,
    1833209,
    1849927,
    1866598,
    1883175,
    1899912,
    1916587,
    1933272,
    1949893,
    1966558,
    1983223,
    1999908,
    2016552,
    2033218,
    2049896,
    2066725,
    2083256,
    2099911,
    2116540,
    2133173,
    2149817,
    2166487,
    2183226,
    2199851,
    2216512,
    2233158,
    2249857,
    2266500,
    2283195,
    2299888,
    2316527,
    2333200,
    2349901,
    2366395,
    2383057,
    2399755,
    2416372,
    2432938,
    2449735,
    2466372,
    2483093,
    2499727,
    2516407,
    2533106,
    2549762,
    2566391,
    2583029,
    2599705,
    2616389,
    2633080,
    2649686,
    2666318,
    2782860
  ],
  "frame_rasterizer_begin_times": [
    0,
    16686,
    33241,
    49943,
    66661,
    83383,
    99963,
    116663,
    133344,
    149803,
    166585,
    183288,
    200004,
    216654,
    233198,
    249903,
    266554,
    283165,
    299901,
    316493,
    333414,
    349546,
    366280,
    382918,
    399594,
    416206,
    432878,
    449503,
    467404,
    482391,
    499125,
    515792,
    535480,
    549173,
    565818,
    582669,
    599318,
    615870,
    632531,
    649182,
    665878,
    682565,
    699165,
    715862,
    732484,
    749149,
    765770,
    782485,
    799752,
    816119,
    832820,
    849555,
    865818,
    882574,
    899158,
    915808,
    932457,
    949151,
    965690,
    982460,
    999128,
    1015772,
    1032447,
    1049061,
    1068395,
    1082636,
    1099196,
    1115850,
    1132473,
    1149132,
    1165796,
    1182524,
    1199128,
    1215829,
    1232475,
    1249130,
    1265781,
    1282522,
    1299224,
    1315753,
    1333180,
    1349340,
    1366193,
    1382750,
    1399118,
    1415730,
    1432418,
    1449081,
    1465717,
    1482361,
    1499062,
    1515722,
    1532382,
    1549040,
    1565695,
    1582365,
    1601971,
    1615879,
    1632439,
    1649118,
    1665843,
    1682498,
    1699204,
    1715832,
    1732486,
    1749128,
    1765778,
    1782504,
    1799163,
    1815745,
    1832453,
    1849138,
    1866441,
    1882848,
    1899556,
    1916265,
    1932432,
    1949064,
    1965714,
    1982385,
    1999071,
    2015745,
    2032443,
    2049267,
    2065793,
    2082431,
    2099069,
    2115661,
    2135221,
    2149090,
    2165812,
    2182432,
    2199067,
    2215712,
    2232408,
    2249046,
    2265747,
    2282441,
    2299086,
    2315742,
    2332460,
    2348978,
    2365629,
    2382344,
    2399578,
    2415564,
    2432539,
    2449222,
    2465585,
    2482253,
    2498916,
    2515613,
    2532240,
    2548882,
    2565539,
    2582206,
    2598884,
    2615583,
    2632172,
    2648840,
    2765403
  ],
  "average_vsync_transitions_missed": 0.0,
  "90th_percentile_vsync_transitions_missed": 0.0,
  "99th_percentile_vsync_transitions_missed": 0.0,