{
  "average_frame_build_time_millis": 0.87380981595092,
  "90th_percentile_frame_build_time_millis": 1.848,
  "99th_percentile_frame_build_time_millis": 4.213,
  "worst_frame_build_time_millis": 4.649,
  "missed_frame_build_budget_count": 0,
  "average_frame_rasterizer_time_millis": 0.9351490683229815,
  "stddev_frame_rasterizer_time_millis": 0.10761506114733228,
  "90th_percentile_frame_rasterizer_time_millis": 1.144,
  "99th_percentile_frame_rasterizer_time_millis": 1.294,
  "worst_frame_rasterizer_time_millis": 1.354,
  "missed_frame_rasterizer_budget_count": 0,
  "frame_count": 163,
  "frame_rasterizer_count": 161,
  "new_gen_gc_count": 4,
  "old_gen_gc_count": 0,
  "frame_build_times": [
    3169,
    1584,
    1869,
    1843,
    1910,
    1618,
    1996,
    1863,
    1707,
    1938,
    1735,
    1753,
    1962,
    1951,
    1955,
    1873,
    1788,
    1676,
    1848,
    1821,
    1760,
    1769,
    1720,
    1470,
    1387,
    1347,
    1451,
    1423,
    1475,
    4649,
    177,
    169,
    187,
    239,
    4039,
    790,
    762,
    760,
    718,
    759,
    679,
    722,
    631,
    740,
    798,
    728,
    767,
    825,
    672,
    661,
    1307,
    854,
    1024,
    183,
    217,
    178,
    200,
    185,
    179,
    211,
    203,
    149,
    231,
    180,
    196,
    227,
    4213,
    749,
    919,
    850,
    756,
    647,
    664,
    693,
    718,
    634,
    673,
    687,
    884,
    853,
    972,
    765,
    2223,
    1038,
    1131,
    198,
    207,
    164,
    208,
    215,
    183,
    213,
    157,
    194,
    340,
    253,
    239,
    189,
    4167,
    918,
    776,
    672,
    699,
    657,
    822,
    725,
    746,
    754,
    760,
    697,
    684,
    632,
    624,
    721,
    1308,
    817,
    963,
    160,
    173,
    211,
    205,
    216,
    196,
    189,
    204,
    196,
    215,
    191,
    183,
    174,
    4379,
    814,
    751,
    654,
    603,
    631,
    561,
    739,
    684,
    731,
    670,
    693,
    568,
    629,
    664,
    700,
    1597,
    1019,
    1087,
    193,
    173,
    186,
    230,
    187,
    160,
    181,
    192,
    216,
    194,
    233,
    165,
    310,
    296
  ],
  "frame_rasterizer_times": [
    1203,
    1291,
    1248,
    1078,
    1280,
    1187,
    1294,
    1188,
    1302,
    1354,
    1184,
    1218,
    1191,
    1178,
    1216,
    1126,
    1144,
    1112,
    1083,
    1114,
    1110,
    1062,
    1021,
    987,
    1066,
    1030,
    1045,
    964,
    793,
    784,
    935,
    955,
    887,
    777,
    935,
    948,
    937,
    1010,
    860,
    962,
    685,
    1006,
    959,
    854,
    957,
    834,
    903,
    860,
    737,
    725,
    941,
    966,
    925,
    770,
    832,
    814,
    820,
    850,
    861,
    716,
    854,
    851,
    871,
    987,
    940,
    708,
    1122,
    1074,
    972,
    747,
    978,
    941,
    967,
    820,
    900,
    850,
    1033,
    1012,
    971,
    938,
    795,
    924,
    1065,
    930,
    908,
    872,
    850,
    923,
    858,
    810,
    686,
    824,
    1237,
    1039,
    917,
    865,
    867,
    806,
    1035,
    921,
    881,
    922,
    1027,
    959,
    1055,
    965,
    903,
    961,
    939,
    882,
    859,
    921,
    736,
    758,
    875,
    778,
    881,
    921,
    839,
    887,
    817,
    824,
    834,
    846,
    876,
    895,
    874,
    654,
    762,
    755,
    897,
    872,
    795,
    974,
    721,
    969,
    927,
    956,
    916,
    890,
    738,
    880,
    855,
    922,
    808,
    1019,
    922,
    883,
    895,
    753,
    892,
    931,
    635,
    853,
    900,
    893,
    881,
    950,
    888,
    1106,
    1210
  ],
  "frame_begin_times": [
    0,
    16708,
    33398,
    50095,
    66778,
    83378,
    100093,
    116802,
    133427,
    150077,
    166785,
    183440,
    200112,
    216769,
    233475,
    250138,
    266834,
    283438,
    300118,
    316785,
    333437,
    350135,
    366799,
    383451,
    400115,
    416778,
    433489,
    450121,
    466787,
    483497,
    500082,
    516835,
    533500,
    550046,
    566737,
    583408,
    600185,
    616874,
    633493,
    650167,
    666789,
    683466,
    700098,
    716881,
    733548,
    750190,
    766875,
    783492,
    800177,
    816827,
    833417,
    850087,
    866788,
    883522,
    900155,
    916784,
    933490,
    950121,
    966865,
    983461,
    1000144,
    1016822,
    1033470,
    1050140,
    1066838,
    1083564,
    1100132,
    1116775,
    1133607,
    1150228,
    1166873,
    1183566,
    1200275,
    1216905,
    1233544,
    1250198,
    1266899,
    1283605,
    1300315,
    1316876,
    1333561,
    1350196,
    1366836,
    1383582,
    1400261,
    1416887,
    1433582,
    1450274,
    1466892,
    1483555,
    1500217,
    1516967,
    1533551,
    1550274,
    1567070,
    1583622,
    1600267,
    1616915,
    1633505,
    1650220,
    1666997,
    1683595,
    1700278,
    1716937,
    1733650,
    1750292,
    1767009,
    1783637,
    1800259,
    1816991,
    1833602,
    1850247,
    1866930,
    1883565,
    1900198,
    1916876,
    1933610,
    1950237,
    1966948,
    1983617,
    2000301,
    2016973,
    2033599,
    2050260,
    2066931,
    2083616,
    2100261,
    2117048,
    2133681,
    2150241,
    2166972,
    2183610,
    2200326,
    2217016,
    2233672,
    2250372,
    2266979,
    2283685,
    2300382,
    2317020,
    2333672,
    2350335,
    2366952,
    2383679,
    2400335,
    2416986,
    2433599,
    2450329,
    2467036,
    2483693,
    2500377,
    2517033,
    2533685,
    2550371,
    2566951,
    2583732,
    2600341,
    2616996,
    2633685,
    2650342,
    2666989,
    2683696,
    2800227
  ],
  "frame_rasterizer_begin_times": [
    0,
    16661,
    33424,
    49842,
    66776,
    83427,
    99833,
    116648,
    133251,
    149906,
    166793,
    183448,
    200109,
    216707,
    233340,
    249914,
    266743,
    283416,
    299969,
    316712,
    333340,
    349661,
    366301,
    382953,
    399721,
    416366,
    433008,
    450926,
    465867,
    482626,
    499316,
    515846,
    535513,
    549325,
    566088,
    582798,
    599401,
    616055,
    632661,
    649354,
    665964,
    682783,
    699469,
    716074,
    732784,
    749360,
    766075,
    782695,
    799828,
    816195,
    833000,
    849334,
    865958,
    882562,
    899314,
    915936,
    932673,
    949248,
    965950,
    982600,
    999287,
    1015931,
    1032637,
    1049404,
    1068921,
    1082666,
    1099570,
    1116131,
    1132777,
    1149427,
    1166125,
    1182768,
    1199420,
    1216050,
    1232789,
    1249487,
    1266254,
    1282795,
    1299659,
    1316095,
    1333635,
    1349767,
    1366496,
    1382714,
    1399417,
    1416077,
    1432697,
    1449369,
    1466030,
    1482789,
    1499337,
    1516084,
    1532983,
    1549476,
    1566134,
    1582729,
    1602070,
    1616129,
    1632891,
    1649470,
    1666172,
    1682792,
    1699612,
    1716200,
    1732908,
    1749571,
    1766166,
    1782898,
    1799485,
    1816102,
    1832786,
    1849479,
    1866609,
    1882979,
    1899768,
    1916027,
    1932744,
    1949425,
    1966129,
    1982815,
    1999421,
    2016072,
    2032744,
    2049435,
    2066104,
    2082857,
    2099488,
    2116014,
    2135756,
    2149540,
    2166215,
    2182876,
    2199522,
    2216214,
    2232831,
    2249570,
    2266265,
    2282933,
    2299563,
    2316219,
    2332807,
    2349561,
    2366205,
    2382886,
    2400138,
    2416562,
    2433272,
    2449517,
    2466181,
    2482847,
    2499481,
    2516187,
    2532739,
    2549540,
    2566141,
    2582799,
    2599489,
    2616171,
    2632783,
    2649591,
    2766118
  ],
  "average_vsync_transitions_missed": 0.0,
  "90th_percentile_vsync_transitions_missed": 0.0,