{
  "average_frame_build_time_millis": 0.8768950617283948,
  "90th_percentile_frame_build_time_millis": 1.845,
  "99th_percentile_frame_build_time_millis": 4.261,
  "worst_frame_build_time_millis": 4.51,
  "missed_frame_build_budget_count": 0,
  "average_frame_rasterizer_time_millis": 0.9370683229813666,
  "stddev_frame_rasterizer_time_millis": 0.08870174761776162,
  "90th_percentile_frame_rasterizer_time_millis": 1.064,
  "99th_percentile_frame_rasterizer_time_millis": 1.272,
  "worst_frame_rasterizer_time_millis": 1.52,
  "missed_frame_rasterizer_budget_count": 0,
  "frame_count": 162,
  "frame_rasterizer_count": 161,
  "new_gen_gc_count": 4,
  "old_gen_gc_count": 2,
  "frame_build_times": [
    1619,
    1896,
    1782,
    1927,
    1852,
    1877,
    1600,
    1915,
    1784,
    1936,
    1818,
    1779,
    1853,
    1925,
    1845,
    1868,
    1537,
    1853,
    1532,
    1781,
    1669,
    1717,
    1474,
    1376,
    1395,
    1497,
    1467,
    1342,
    1239,
    4510,
    164,
    221,
    190,
    3915,
    795,
    692,
    716,
    626,
    642,
    746,
    708,
    666,
    729,
    607,
    675,
    732,
    810,
    725,
    713,
    1366,
    1062,
    992,
    1050,
    234,
    260,
    178,
    231,
    215,
    242,
    189,
    225,
    189,
    190,
    244,
    203,
    3848,
    849,
    820,
    702,
    753,
    772,
    781,
    859,
    787,
    749,
    754,
    705,
    786,
    745,
    893,
    645,
    2291,
    1038,
    989,
    1030,
    236,
    229,
    219,
    202,
    170,
    183,
    223,
    224,
    202,
    167,
    198,
    206,
    4261,
    835,
    794,
    775,
    594,
    706,
    832,
    780,
    733,
    685,
    775,
    663,
    766,
    652,
    642,
    629,
    1420,
    580,
    469,
    778,
    167,
    228,
    197,
    188,
    186,
    237,
    292,
    182,
    221,
    198,
    263,
    199,
    4355,
    765,
    642,
    696,
    748,
    723,
    809,
    754,
    663,
    638,
    680,
    659,
    646,
    698,
    658,
    714,
    1623,
    999,
    1006,
    1034,
    171,
    199,
    186,
    191,
    164,
    193,
    193,
    233,
    211,
    183,
    194,
    234,
    206
  ],
  "frame_rasterizer_times": [
    1171,
    1176,
    1246,
    1213,
    1279,
    999,
    1195,
    1520,
    1272,
    1233,
    1262,
    1262,
    1262,
    1229,
    1154,
    1010,
    1181,
    884,
    1108,
    1058,
    1028,
    1064,
    1018,
    978,
    1002,
    1046,
    1005,
    1001,
    912,
    893,
    910,
    859,
    909,
    774,
    910,
    908,
    972,
    957,
    944,
    1041,
    843,
    927,
    784,
    894,
    883,
    949,
    955,
    972,
    734,
    949,
    893,
    942,
    984,
    973,
    870,
    1034,
    952,
    943,
    936,
    896,
    889,
    878,
    938,
    887,
    793,
    785,
    962,
    760,
    864,
    857,
    854,
    963,
    888,
    874,
    906,
    866,
    857,
    939,
    1027,
    822,
    755,
    920,
    897,
    867,
    929,
    951,
    894,
    924,
    823,
    815,
    960,
    880,
    858,
    859,
    919,
    862,
    891,
    873,
    983,
    883,
    855,
    1003,
    994,
    981,
    924,
    914,
    909,
    890,
    932,
    903,
    881,
    856,
    867,
    504,
    436,
    701,
    763,
    881,
    926,
    894,
    949,
    988,
    956,
    882,
    1047,
    974,
    875,
    884,
    812,
    774,
    888,
    890,
    978,
    1032,
    1015,
    937,
    885,
    926,
    855,
    872,
    859,
    910,
    873,
    924,
    807,
    919,
    922,
    938,
    954,
    951,
    901,
    850,
    973,
    848,
    765,
    935,
    891,
    852,
    861,
    976,
    1016
  ],
  "frame_begin_times": [
    0,
    16725,
    33371,
    50081,
    66682,
    83364,
    99979,
    116709,
    133340,
    150071,
    166721,
    183398,
    200043,
    216687,
    233407,
    250039,
    266670,
    283367,
    299983,
    316713,
    333374,
    350011,
    366734,
    383392,
    400008,
    416662,
    433364,
    450045,
    466695,
    483339,
    499998,
    516752,
    533339,
    549961,
    566650,
    583364,
    600110,
    616724,
    633361,
    650042,
    666684,
    683400,
    700094,
    716651,
    733387,
    750046,
    766747,
    783403,
    800027,
    816618,
    833412,
    850029,
    866690,
    883394,
    900030,
    916711,
    933398,
    950043,
    966714,
    983360,
    1000014,
    1016708,
    1033370,
    1050017,
    1066669,
    1083314,
    1099983,
    1116685,
    1133335,
    1150027,
    1166737,
    1183427,
    1200093,
    1216705,
    1233365,
    1249951,
    1266725,
    1283359,
    1300035,
    1316777,
    1333309,
    1349998,
    1366720,
    1383377,
    1400084,
    1416712,
    1433405,
    1450050,
    1466719,
    1483391,
    1500023,
    1516698,
    1533360,
    1550044,
    1566744,
    1583460,
    1600007,
    1616708,
    1633346,
    1650102,
    1666679,
    1683439,
    1700054,
    1716766,
    1733451,
    1750066,
    1766749,
    1783421,
    1800053,
    1816758,
    1833375,
    1850030,
    1866656,
    1883330,
    1899909,
    1916620,
    1933344,
    1949998,
    1966689,
    1983390,
    2000046,
    2016699,
    2033359,
    2050027,
    2066685,
    2083458,
    2100067,
    2116659,
    2133287,
    2149993,
    2166616,
    2183418,
    2200034,
    2216702,
    2233452,
    2250081,
    2266696,
    2283363,
    2300033,
    2316681,
    2333342,
    2350003,
    2366740,
    2383342,
    2399983,
    2416600,
    2433372,
    2450064,
    2466698,
    2483327,
    2499997,
    2516675,
    2533339,
    2549971,
    2566660,
    2583627,
    2600074,
    2616686,
    2633324,
    2649966,
    2666644,
    2783186
  ],
  "frame_rasterizer_begin_times": [
    0,
    16613,
    33463,
    49959,
    66714,
    83181,
    100030,
    116561,
    133443,
    149986,
    166567,
    183329,
    200001,
    216676,
    233318,
    249791,
    266660,
    283117,
    299933,
    316570,
    333270,
    349658,
    366284,
    382920,
    399555,
    416304,
    432887,
    449545,
    467420,
    482481,
    499284,
    515817,
    535312,
    549255,
    565916,
    582678,
    599226,
    615924,
    632655,
    649261,
    665960,
    682661,
    699190,
    715938,
    732622,
    749340,
    765990,
    782613,
    799710,
    816311,
    832888,
    849572,
    865935,
    882557,
    899205,
    915943,
    932560,
    949236,
    965860,
    982532,
    999201,
    1015856,
    1032513,
    1049185,
    1068569,
    1082590,
    1099247,
    1115880,
    1132582,
    1149333,
    1165995,
    1182701,
    1199281,
    1215954,
    1232530,
    1249281,
    1265931,
    1282616,
    1299408,
    1315852,
    1333578,
    1349639,
    1366270,
    1382990,
    1399219,
    1415923,
    1432566,
    1449216,
    1465871,
    1482503,
    1499199,
    1515857,
    1532562,
    1549228,
    1565972,
    1582522,
    1602027,
    1615967,
    1632724,
    1649229,
    1665975,
    1682611,
    1699402,
    1716097,
    1732657,
    1749337,
    1766033,
    1782628,
    1799349,
    1815930,
    1832575,
    1849193,
    1866606,
    1882535,
    1899230,
    1916138,
    1932476,
    1949220,
    1965895,
    1982554,
    1999196,
    2015889,
    2032553,
    2049187,
    2065982,
    2082579,
    2099186,
    2115805,
    2135358,
    2149218,
    2165974,
    2182618,
    2199300,
    2216027,
    2232729,
    2249263,
    2265911,
    2282563,
    2299218,
    2315912,
    2332555,
    2349291,
    2365907,
    2382599,
    2399863,
    2416255,
    2432968,
    2449581,
    2465820,
    2482482,
    2499157,
    2515847,
    2532462,
    2549163,
    2566110,
    2582607,
    2599206,
    2615818,
    2632476,
    2649147,
    2765704
  ],
  "average_vsync_transitions_missed": 0.0,
  "90th_percentile_vsync_transitions_missed": 0.0,
  "99th_percentile_vsync_transitions_missed": 0.0,