{
  "average_frame_build_time_millis": 0.8760184049079754,
  "90th_percentile_frame_build_time_millis": 1.861,
  "99th_percentile_frame_build_time_millis": 4.232,
  "worst_frame_build_time_millis": 4.648,
  "missed_frame_build_budget_count": 0,
  "average_frame_rasterizer_time_millis": 0.9242422360248443,
  "stddev_frame_rasterizer_time_millis": 0.09633856718490792,
  "90th_percentile_frame_rasterizer_time_millis": 1.112,
  "99th_percentile_frame_rasterizer_time_millis": 1.308,
  "worst_frame_rasterizer_time_millis": 1.361,
  "missed_frame_rasterizer_budget_count": 0,
  "frame_count": 163,
  "frame_rasterizer_count": 161,
  "new_gen_gc_count": 4,
  "old_gen_gc_count": 0,
  "frame_build_times": [
    3209,
    1656,
    1908,
    2063,
    1915,
    1953,
    1869,
    1866,
    1861,
    1761,
    1561,
    1914,
    1866,
    2148,
    1831,
    1830,
    1788,
    1734,
    1709,
    1776,
    1750,
    1691,
    1667,
    1160,
    1402,
    1415,
    1490,
    1433,
    1405,
    4546,
    178,
    212,
    190,
    167,
    4232,
    1104,
    679,
    767,
    684,
    657,
    682,
    719,
    659,
    721,
    677,
    735,
    654,
    700,
    705,
    656,
    1304,
    1011,
    1070,
    175,
    159,
    217,
    215,
    208,
    166,
    188,
    223,
    198,
    169,
    170,
    160,
    168,
    4182,
    1014,
    756,
    826,
    792,
    675,
    676,
    762,
    767,
    760,
    754,
    715,
    682,
    708,
    657,
    654,
    2237,
    1068,
    993,
    915,
    196,
    217,
    272,
    213,
    215,
    184,
    185,
    170,
    189,
    247,
    417,
    161,
    4193,
    797,
    760,
    658,
    678,
    789,
    677,
    665,
    646,
    740,
    671,
    611,
    536,
    664,
    618,
    646,
    1239,
    1066,
    1076,
    206,
    188,
    201,
    205,
    210,
    206,
    178,
    220,
    188,
    156,
    185,
    175,
    236,
    4648,
    817,
    742,
    733,
    750,
    719,
    730,
    686,
    647,
    617,
    682,
    712,
    639,
    655,
    676,
    650,
    1702,
    806,
    1035,
    221,
    204,
    196,
    230,
    217,
    202,
    174,
    183,
    171,
    192,
    181,
    223,
    180,
    272
  ],
  "frame_rasterizer_times": [
    1361,
    1248,
    1308,
    1265,
    1311,
    1219,
    1284,
    1194,
    948,
    1207,
    1188,
    1245,
    1259,
    1189,
    1090,
    1112,
    1159,
    1068,
    1069,
    1028,
    1030,
    845,
    1017,
    1020,
    1140,
    1095,
    1032,
    926,
    946,
    903,
    919,
    811,
    899,
    868,
    850,
    997,
    866,
    854,
    933,
    935,
    844,
    953,
    921,
    953,
    886,
    889,
    881,
    826,
    742,
    885,
    819,
    819,
    865,
    925,
    771,
    711,
    812,
    882,
    903,
    835,
    838,
    706,
    898,
    800,
    854,
    1014,
    921,
    947,
    939,
    822,
    755,
    900,
    943,
    873,
    980,
    901,
    843,
    841,
    807,
    797,
    751,
    923,
    880,
    741,
    1022,
    1034,
    973,
    777,
    937,
    874,
    872,
    879,
    841,
    877,
    821,
    711,
    917,
    921,
    1045,
    929,
    898,
    985,
    943,
    910,
    838,
    978,
    852,
    826,
    702,
    841,
    874,
    888,
    731,
    939,
    976,
    898,
    859,
    928,
    830,
    903,
    891,
    865,
    894,
    847,
    866,
    662,
    749,
    1006,
    905,
    809,
    901,
    937,
    1009,
    893,
    931,
    818,
    867,
    822,
    883,
    866,
    835,
    838,
    928,
    849,
    825,
    738,
    956,
    932,
    990,
    950,
    973,
    915,
    925,
    864,
    914,
    761,
    840,
    758,
    956,
    1043,
    1129
  ],
  "frame_begin_times": [
    0,
    16659,
    33368,
    50040,
    66745,
    83380,
    100071,
    116708,
    133365,
    150051,
    166683,
    183417,
    200049,
    216817,
    233399,
    250053,
    266777,
    283365,
    300042,
    316729,
    333390,
    350030,
    366706,
    383386,
    400132,
    416713,
    433381,
    450049,
    466718,
    483417,
    500037,
    516705,
    533295,
    550034,
    566654,
    583330,
    600004,
    616776,
    633372,
    650043,
    666720,
    683420,
    700055,
    716756,
    733421,
    750031,
    766728,
    783376,
    800053,
    816720,
    833313,
    850043,
    866757,
    883390,
    900079,
    916717,
    933447,
    950028,
    966733,
    983398,
    1000148,
    1016723,
    1033374,
    1050066,
    1066737,
    1083362,
    1100034,
    1116769,
    1133426,
    1150047,
    1166774,
    1183402,
    1200056,
    1216779,
    1233396,
    1250079,
    1266715,
    1283420,
    1300075,
    1316724,
    1333406,
    1350026,
    1366554,
    1383283,
    1399940,
    1416696,
    1433335,
    1450003,
    1466591,
    1483240,
    1499969,
    1516623,
    1533246,
    1549961,
    1566547,
    1583290,
    1599917,
    1616651,
    1633245,
    1649957,
    1666652,
    1683308,
    1699988,
    1716719,
    1733321,
    1749950,
    1766613,
    1783274,
    1799938,
    1816675,
    1833244,
    1849942,
    1866607,
    1883265,
    1899904,
    1916586,
    1933339,
    1949936,
    1966645,
    1983278,
    1999921,
    2016572,
    2033279,
    2049963,
    2066606,
    2083251,
    2099941,
    2116599,
    2133321,
    2149940,
    2166577,
    2183222,
    2199980,
    2216657,
    2233320,
    2249970,
    2266649,
    2283278,
    2299932,
    2316640,
    2333307,
    2349967,
    2366610,
    2383315,
    2399958,
    2416578,
    2433240,
    2449906,
    2466606,
    2483279,
    2500006,
    2516602,
    2533265,
    2549964,
    2566607,
    2583286,
    2599958,
    2616608,
    2633266,
    2649928,
    2666642,
    2683311,
    2799788
  ],
  "frame_rasterizer_begin_times": [
    0,
    16794,
    33464,
    50136,
    66771,
    83407,
    100065,
    116696,
    133223,
    150166,
    166719,
    183619,
    200083,
    216704,
    233422,
    249968,
    266669,
    283372,
    299994,
    316626,
    333316,
    349606,
    366426,
    382994,
    399684,
    416357,
    432995,
    450967,
    465924,
    482593,
    499195,
    515910,
    535547,
    549327,
    565937,
    582762,
    599323,
    615989,
    632662,
    649391,
    666003,
    682751,
    699402,
    716018,
    732692,
    749361,
    766048,
    782669,
    799795,
    816306,
    833079,
    849272,
    865950,
    882614,
    899373,
    915914,
    932607,
    949296,
    966056,
    982617,
    999248,
    1015925,
    1032597,
    1049233,
    1068914,
    1082830,
    1099376,
    1116016,
    1132748,
    1149356,
    1165994,
    1182749,
    1199377,
    1216028,
    1232675,
    1249392,
    1266024,
    1282658,
    1299335,
    1315978,
    1333471,
    1349598,
    1366222,
    1382952,
    1399233,
    1415931,
    1432495,
    1449132,
    1465862,
    1482510,
    1499140,
    1515842,
    1532441,
    1549166,
    1566040,
    1582527,
    1601916,
    1615969,
    1632640,
    1649248,
    1665938,
    1682731,
    1699275,
    1715906,
    1732570,
    1749268,
    1765922,
    1782616,
    1799159,
    1815894,
    1832538,
    1849199,
    1866337,
    1882899,
    1899668,
    1915839,
    1932540,
    1949148,
    1965816,
    1982476,
    1999197,
    2015845,
    2032502,
    2049115,
    2065810,
    2082474,
    2099207,
    2115827,
    2135504,
    2149239,
    2165969,
    2182640,
    2199289,
    2215926,
    2232611,
    2249231,
    2265879,
    2282567,
    2299276,
    2315942,
    2332573,
    2349274,
    2365927,
    2382533,
    2399940,
    2416074,
    2432918,
    2449209,
    2465913,
    2482507,
    2499143,
    2515882,
    2532516,
    2549166,
    2565831,
    2582469,
    2599133,
    2615810,
    2632570,
    2649195,
    2765735
  ],
  "average_vsync_transitions_missed": 0.0,
  "90th_percentile_vsync_transitions_missed": 0.0,